AccountNo,Debit,Credit,Bal,BalType
111,0.00,0.00,0.00,Dr
1131,0.00,0.00,0.00,Dr
11321,0.00,0.00,0.00,Dr
11322,0.00,0.00,0.00,Dr
11331,0.00,0.00,0.00,Dr
11332,0.00,0.00,0.00,Dr
1134,0.00,0.00,0.00,Dr
1135,0.00,0.00,0.00,Dr
1136,0.00,0.00,0.00,Dr
1137001,0.00,0.00,0.00,Dr
1137002,0.00,0.00,0.00,Dr
1138001,0.00,0.00,0.00,Dr
1138002,0.00,0.00,0.00,Dr
12001,3650372.00,0.00,3650372.00,Dr
12002,0.00,0.00,0.00,Dr
12003,47500.00,0.00,47500.00,Dr
1211,505000.00,0.00,505000.00,Dr
1212,0.00,0.00,0.00,Dr
1221,94000.00,0.00,94000.00,Dr
1222,0.00,0.00,0.00,Dr
1231,0.00,0.00,0.00,Dr
1232,0.00,0.00,0.00,Dr
1241,0.00,0.00,0.00,Dr
1242,0.00,0.00,0.00,Dr
1251,0.00,0.00,0.00,Dr
1252,0.00,0.00,0.00,Dr
13001,0.00,0.00,0.00,Dr
1311,0.00,0.00,0.00,Dr
1312,0.00,0.00,0.00,Dr
1313,0.00,0.00,0.00,Dr
1314,0.00,0.00,0.00,Dr
1315,0.00,0.00,0.00,Dr
14001,0.00,200000.00,200000.00,Cr
21001,0.00,0.00,0.00,Dr
21002,0.00,0.00,0.00,Dr
21008,0.00,0.00,0.00,Dr
31002,0.00,0.00,0.00,Dr
31003,0.00,0.00,0.00,Dr
411,0.00,0.00,0.00,Dr
412,0.00,0.00,0.00,Dr
42,0.00,0.00,0.00,Dr
49,0.00,0.00,0.00,Dr
5111,0.00,0.00,0.00,Dr
5112,0.00,0.00,0.00,Dr
5113,10000.00,0.00,10000.00,Dr
5121,16800.00,0.00,16800.00,Dr
5122,0.00,0.00,0.00,Dr
5123,0.00,0.00,0.00,Dr
513,0.00,0.00,0.00,Dr
514,0.00,0.00,0.00,Dr
515,0.00,0.00,0.00,Dr
518,0.00,0.00,0.00,Dr
519,1800000.00,0.00,1800000.00,Dr
52001,360980.00,0.00,360980.00,Dr
52002,445000.00,0.00,445000.00,Dr
52003,0.00,0.00,0.00,Dr
52004,0.00,0.00,0.00,Dr
52005,798500.00,0.00,798500.00,Dr
52006,0.00,0.00,0.00,Dr
52007,0.00,0.00,0.00,Dr
52008,0.00,0.00,0.00,Dr
52009,2577840.00,0.00,2577840.00,Dr
52010,1017500.00,0.00,1017500.00,Dr
52011,0.00,0.00,0.00,Dr
52012,0.00,0.00,0.00,Dr
52013,0.00,0.00,0.00,Dr
52014,6967416.00,0.00,6967416.00,Dr
52015,4362500.00,0.00,4362500.00,Dr
52021,0.00,0.00,0.00,Dr
52022,23650.00,0.00,23650.00,Dr
52023,12021102.00,0.00,12021102.00,Dr
52024,94395.00,0.00,94395.00,Dr
52025,0.00,0.00,0.00,Dr
52026,0.00,0.00,0.00,Dr
52031,0.00,0.00,0.00,Dr
52032,0.00,0.00,0.00,Dr
52033,0.00,0.00,0.00,Dr
52034,0.00,0.00,0.00,Dr
52035,0.00,0.00,0.00,Dr
52041,0.00,0.00,0.00,Dr
52051,0.00,0.00,0.00,Dr
52052,0.00,0.00,0.00,Dr
52053,0.00,0.00,0.00,Dr
52054,207000.00,0.00,207000.00,Dr
52055,330402.00,0.00,330402.00,Dr
52061,0.00,0.00,0.00,Dr
52062,411380.00,0.00,411380.00,Dr
52063,0.00,0.00,0.00,Dr
520901,0.00,0.00,0.00,Dr
520902,0.00,0.00,0.00,Dr
520903,0.00,0.00,0.00,Dr
5209041,0.00,0.00,0.00,Dr
5209042,0.00,0.00,0.00,Dr
5209043,0.00,0.00,0.00,Dr
520905,0.00,0.00,0.00,Dr
520906,0.00,0.00,0.00,Dr
520907,50000.00,0.00,50000.00,Dr
520908,0.00,0.00,0.00,Dr
520909,0.00,0.00,0.00,Dr
520910,0.00,0.00,0.00,Dr
52101,0.00,0.00,0.00,Dr
52102,0.00,0.00,0.00,Dr
5211001,300000.00,0.00,300000.00,Dr
540,1399349.00,0.00,1399349.00,Dr
540001,130000.00,0.00,130000.00,Dr
54001,23104000.00,0.00,23104000.00,Dr
541,0.00,0.00,0.00,Dr
544,700000.00,0.00,700000.00,Dr
546,140000.00,0.00,140000.00,Dr
547,1243962.00,0.00,1243962.00,Dr
548,2796570.00,0.00,2796570.00,Dr
549,2065000.00,0.00,2065000.00,Dr
55001,0.00,0.00,0.00,Dr
610001,0.00,0.00,0.00,Dr
610003,0.00,0.00,0.00,Dr
610004,1550000.00,2433394.00,883394.00,Cr
610005,425000.00,632380.00,207380.00,Cr
610006,0.00,0.00,0.00,Dr
610010,0.00,85937.50,85937.50,Cr
610012,2400000.00,7772890.00,5372890.00,Cr
610014,4500000.00,15887416.00,11387416.00,Cr
610016,630000.00,204000.00,426000.00,Dr
610018,2672610.00,2366844.92,305765.08,Dr
610019,2407810.00,1463460.00,944350.00,Dr
610021,740000.00,1263874.00,523874.00,Cr
610022,1727784.00,1932650.00,204866.00,Cr
620001,0.00,0.00,0.00,Dr
620005,0.00,0.00,0.00,Dr
620006,375000.00,0.00,375000.00,Dr
620007,527755.00,731000.00,203245.00,Cr
620008,13188201.00,3139300.00,10048901.00,Dr
620010,5299012.00,1798000.00,3501012.00,Dr
620012,787450.00,1042106.00,254656.00,Cr
620013,0.00,0.00,0.00,Dr
620014,0.00,0.00,0.00,Dr
620015,6062769.00,1330000.00,4732769.00,Dr
620016,998180.00,0.00,998180.00,Dr
620020,2260800.00,6615800.00,4355000.00,Cr
620022,54000.00,12600000.00,12546000.00,Cr
620024,600000.00,600000.00,0.00,Dr
620027,6261442.00,6234732.00,26710.00,Dr
620031,2140000.00,1304000.00,836000.00,Dr
620032,0.00,0.00,0.00,Dr
620033,0.00,0.00,0.00,Dr
620034,0.00,0.00,0.00,Dr
620035,0.00,0.00,0.00,Dr
620037,0.00,0.00,0.00,Dr
620038,0.00,0.00,0.00,Dr
620039,0.00,0.00,0.00,Dr
620040,0.00,0.00,0.00,Dr
620041,12092302.00,15419513.00,3327211.00,Cr
620042,175100.00,568635.00,393535.00,Cr
620045,3499144.00,4191547.00,692403.00,Cr
620046,2470326.00,1267509.00,1202817.00,Dr
620047,0.00,0.00,0.00,Dr
620049,2446500.00,2990222.00,543722.00,Cr
620060,71613945.00,19444000.00,52169945.00,Dr
620061,76824.00,76000.00,824.00,Dr
620062,20200.00,0.00,20200.00,Dr
620063,0.00,0.00,0.00,Dr
620064,0.00,0.00,0.00,Dr
620065,109000.00,109000.00,0.00,Dr
620067,0.00,0.00,0.00,Dr
620071,5642360.00,1155400.00,4486960.00,Dr
620074,62420.00,0.00,62420.00,Dr
620076,150072.00,0.00,150072.00,Dr
620078,2802898.00,1672473.00,1130425.00,Dr
620080,300000.00,300000.00,0.00,Dr
620081,0.00,0.00,0.00,Dr
620083,14400.00,14400.00,0.00,Dr
620091,6462848.00,667500.00,5795348.00,Dr
620092,307140.00,50000.00,257140.00,Dr
620094,0.00,0.00,0.00,Dr
620095,0.00,0.00,0.00,Dr
620096,8299000.00,5266800.00,3032200.00,Dr
620097,660800.00,6262400.00,5601600.00,Cr
620098,0.00,0.00,0.00,Dr
620099,1117780.00,1200000.00,82220.00,Cr
620103,90000.00,90000.00,0.00,Dr
620104,744000.00,744000.00,0.00,Dr
620107,0.00,0.00,0.00,Dr
620108,0.00,0.00,0.00,Dr
620109,1172100.00,1430080.00,257980.00,Cr
620110,672500.00,0.00,672500.00,Dr
620111,3269400.00,3173200.00,96200.00,Dr
620112,120000.00,120000.00,0.00,Dr
620113,15000.00,50000.00,35000.00,Cr
620114,61472.00,0.00,61472.00,Dr
620115,91620.00,0.00,91620.00,Dr
620116,261160.00,0.00,261160.00,Dr
620117,1529600.00,2620000.00,1090400.00,Cr
620118,192360.00,0.00,192360.00,Dr
620119,100000.00,300000.00,200000.00,Cr
64002,8573210.00,0.00,8573210.00,Dr
64004,0.00,0.00,0.00,Dr
64005,0.00,0.00,0.00,Dr
64007,0.00,0.00,0.00,Dr
64008,300000.00,0.00,300000.00,Dr
64009,0.00,0.00,0.00,Dr
64010,0.00,0.00,0.00,Dr
64011,0.00,0.00,0.00,Dr
64012,0.00,0.00,0.00,Dr
