SerialNo,CollectionId,CustomerId,CompanyID,Amount,Discount,isDeleted,Remarks,PrevBal
2,2,620045,,300000.00,0.00,False,,-1417547.00
3,3,620049,,185400.00,0.00,False,,-160922.00
4,4,620010,,100000.00,0.00,False,,3091716.00
5,5,620080,,292950.00,0.00,False,,300000.00
6,6,620103,,30000.00,0.00,False,,30000.00
7,7,620096,,300000.00,0.00,False,,2150100.00
8,8,620007,,50000.00,0.00,False,,448855.00
9,9,620027,,674142.00,0.00,False,,674142.00
10,10,620041,,1000000.00,0.00,False,,5853114.00
11,11,620071,,100000.00,0.00,False,,3418600.00
12,12,620096,,100000.00,0.00,False,,2110100.00
13,13,620041,,1200000.00,0.00,False,,4953114.00
14,14,620104,,156000.00,0.00,False,,0.00
15,15,620049,,674500.00,0.00,False,,-15922.00
16,16,620012,,250000.00,0.00,False,,-242106.00
17,17,620015,,150000.00,0.00,False,,3379965.00
18,18,620096,,400000.00,0.00,False,,2010100.00
19,19,620061,,45000.00,0.00,False,,45624.00
20,20,620099,,100000.00,0.00,False,,346780.00
21,21,620096,,500000.00,0.00,False,,1610100.00
22,22,620010,,150000.00,0.00,False,,2991716.00
23,23,620041,,1000000.00,0.00,False,,3897114.00
24,24,620015,,100000.00,0.00,False,,3229965.00
25,25,620010,,50000.00,0.00,False,,2841716.00
26,26,620041,,300000.00,0.00,False,,3073984.00
27,27,620045,,300000.00,0.00,False,,-1717547.00
28,28,620060,,1000000.00,0.00,False,,43777297.00
29,29,620041,,500000.00,0.00,False,From Kazim,2773984.00
30,30,620060,,200000.00,0.00,False,From Abubaker,42777297.00
31,31,620008,,250000.00,0.00,False,,10182275.00
32,32,620060,,300000.00,0.00,False,,42577297.00
33,33,620041,,600000.00,0.00,False,,2273984.00
34,34,620071,,200000.00,0.00,False,,3318600.00
35,35,620010,,100000.00,0.00,False,,2791716.00
36,36,620020,,500000.00,0.00,False,,-4019000.00
37,37,620091,,100000.00,0.00,False,,5192848.00
38,38,620008,,50000.00,0.00,False,,9932275.00
39,39,620041,,200000.00,0.00,False,From Karachi,1673984.00
40,40,620010,,50000.00,0.00,False,,2691716.00
41,41,620027,,300000.00,0.00,False,,0.00
42,42,620010,,100000.00,0.00,False,,2641716.00
43,43,620060,,350000.00,0.00,False,,42277297.00
44,44,620060,,150000.00,0.00,False,,41927297.00
45,45,620010,,100000.00,0.00,False,,2541716.00
46,46,620045,,200000.00,0.00,False,,-2017547.00
47,47,620008,,100000.00,0.00,False,,9882275.00
48,48,620031,,150000.00,0.00,False,,30000.00
49,49,620045,,100000.00,0.00,False,,-2217547.00
50,50,620096,,500000.00,0.00,False,,2539500.00
51,51,620020,,300000.00,0.00,False,,-3663000.00
52,52,620041,,100000.00,0.00,False,,1790984.00
53,53,620027,,400000.00,0.00,False,,400000.00
54,54,620060,,1000000.00,0.00,False,,55232673.00
55,55,620060,,200000.00,0.00,False,From Abubaker,54232673.00
56,56,620008,,88500.00,0.00,False,,9890075.00
57,57,620060,,500000.00,0.00,False,,60803921.00
58,58,620096,,500000.00,0.00,False,,2620900.00
59,59,620060,,500000.00,0.00,False,,60303921.00
60,60,620091,,50000.00,0.00,False,,5092848.00
61,61,620008,,100000.00,0.00,False,,9801575.00
62,62,620109,,250000.00,0.00,False,,-87780.00
63,63,620015,,100000.00,0.00,False,,3216365.00
64,64,620060,,300000.00,0.00,False,,59803921.00
65,65,620008,,200000.00,0.00,False,,9701575.00
66,66,620041,,649513.00,0.00,False,From HYD,1690984.00
67,67,620060,,500000.00,0.00,False,From Sialkot,59503921.00
68,68,620071,,100000.00,0.00,False,,3593800.00
69,69,620031,,105000.00,0.00,False,,135000.00
70,70,620020,,300000.00,0.00,False,,-3963000.00
71,71,620041,,2000000.00,0.00,False,,1141471.00
72,72,620045,,200000.00,0.00,False,,-296743.00
73,73,620060,,250000.00,0.00,False,From Sialkot Received 02-6-26,59003921.00
74,74,620060,,250000.00,0.00,False,From Sialkot Received 03-6-26,58753921.00
75,75,620060,,500000.00,0.00,False,Received 03-6-26,58503921.00
76,76,620060,,650000.00,0.00,False,Received 4-6-26,58003921.00
77,77,620060,,400000.00,0.00,False,From AbuBaker Received 5-6-26,57353921.00
78,78,620060,,500000.00,0.00,False,Received 5-6-26,56953921.00
79,79,620060,,200000.00,0.00,False,Received 6-6-26,56453921.00
80,80,620060,,1000000.00,0.00,False,Receiced 8-6-26,56253921.00
81,81,620060,,250000.00,0.00,False,RCVD 9-6-26,55253921.00
82,82,620060,,300000.00,0.00,False,From Sialkot RCVD 9-6-26,55003921.00
83,83,620060,,250000.00,0.00,False,RCVD 10-6-26,54703921.00
84,84,620041,,370000.00,0.00,False,From Saleem,-858529.00
85,85,620027,,600000.00,0.00,False,,0.00
86,86,620099,,100000.00,0.00,False,,517780.00
87,87,620045,,100000.00,0.00,False,,-496743.00
88,88,620041,,500000.00,0.00,False,From Hafeez Memon,-1228529.00
89,89,620078,,400000.00,0.00,False,,-389977.00
90,90,620007,,50000.00,0.00,False,,418855.00
91,91,620096,,500000.00,0.00,False,,2375900.00
92,92,620012,,250000.00,0.00,False,,-308336.00
93,93,620049,,1276500.00,0.00,False,,-15922.00
94,94,620015,,200000.00,0.00,False,,3196365.00
95,95,620024,,200000.00,0.00,False,,200000.00
96,96,620041,,500000.00,0.00,False,,-151529.00
97,97,620010,,100000.00,0.00,False,,2989732.00
98,98,620031,,80000.00,0.00,False,,30000.00
99,99,620012,,50000.00,0.00,False,,-558336.00
100,100,620027,,500000.00,0.00,False,,155410.00
101,101,620071,,105600.00,0.00,False,,3570800.00
102,102,620041,,350000.00,0.00,False,,-651529.00
103,103,620015,,80000.00,0.00,False,,2996365.00
104,104,620008,,480000.00,0.00,False,,9989711.00
105,105,620045,,200000.00,0.00,False,,-596743.00
106,106,620096,,500000.00,0.00,False,,3036400.00
107,107,620010,,50000.00,0.00,False,,2889732.00
108,108,620020,,500000.00,0.00,False,,-3965000.00
109,109,620111,,1540000.00,0.00,False,DR WADOOD FAT,1540000.00
110,110,620031,,36000.00,0.00,False,DR KHALID 30+6,-50000.00
111,111,620031,,150000.00,0.00,False,,-86000.00
112,112,620007,,13000.00,0.00,False,,368855.00
113,113,620092,,50000.00,0.00,False,,292140.00
114,114,620007,,18000.00,0.00,False,,355855.00
115,115,620031,,87000.00,0.00,False,12+75,53000.00
116,116,620091,,100000.00,0.00,False,,5042848.00
117,117,620060,,1500000.00,0.00,False,,55553921.00
118,118,620113,,15000.00,0.00,False,,15000.00
119,119,620091,,100000.00,0.00,False,,4942848.00
120,120,620103,,30000.00,0.00,False,,30000.00
121,121,620071,,95000.00,0.00,False,,3850200.00
122,122,620112,,120000.00,0.00,False,RCVD FROM FR KALEEM,120000.00
123,123,620041,,200000.00,0.00,False,RCVD FROM QAZIM,-468929.00
124,124,620041,,300000.00,0.00,False,,-668929.00
125,125,620008,,23000.00,0.00,False,,9509711.00
126,126,620104,,588000.00,0.00,False,,468000.00
127,127,620010,,30000.00,0.00,False,,3010132.00
128,128,620008,,9000.00,0.00,False,,9486711.00
129,129,620096,,600000.00,0.00,False,,3271400.00
130,130,620020,,100000.00,0.00,False,,-4465000.00
131,131,620097,,500000.00,0.00,False,,-3901600.00
132,132,620027,,1500000.00,0.00,False,,-344590.00
133,133,620010,,100000.00,0.00,False,,3009172.00
134,134,620045,,100000.00,0.00,False,,-364743.00
135,135,620041,,100000.00,0.00,False,,-96529.00
136,136,620008,,50000.00,0.00,False,32+18,9477711.00
137,137,620045,,30000.00,0.00,False,,-368743.00
138,138,620015,,200000.00,0.00,False,,2916365.00
139,139,620045,,170000.00,0.00,False,,-238743.00
140,140,620008,,200000.00,0.00,False,,9571711.00
141,141,620060,,1500000.00,0.00,False,,56642881.00
142,142,620008,,97800.00,0.00,False,45000+52800,9371711.00
143,143,620007,,100000.00,0.00,False,,337855.00
144,144,620099,,500000.00,0.00,False,,417780.00
145,145,620060,,500000.00,0.00,False,,55185121.00
146,146,620046,,10000.00,0.00,False,,99091.00
147,147,620027,,1100000.00,0.00,False,,1106710.00
148,148,620060,,150000.00,0.00,False,RCVD FROM ABU BAKER,54685121.00
149,149,620060,,150000.00,0.00,False,,54535121.00
150,150,620060,,200000.00,0.00,False,,54385121.00
151,151,620060,,500000.00,0.00,False,,54185121.00
152,152,620071,,200000.00,0.00,False,,4140200.00
153,153,620097,,500000.00,0.00,False,,-4401600.00
154,154,620060,,1000000.00,0.00,False,,54926945.00
155,155,620045,,140000.00,0.00,False,,-408743.00
156,156,620020,,300000.00,0.00,False,,-4565000.00
157,157,620010,,33000.00,0.00,False,,3494072.00
158,158,620060,,500000.00,0.00,False,2-7-2026 RCVD FROM SAILKOT,54476945.00
159,159,620060,,300000.00,0.00,False,3/7/2026,53976945.00
160,160,620060,,200000.00,0.00,False,4-7-2026,53676945.00
161,161,620060,,120000.00,0.00,False,4-7-2026 RCVD FROM SAILKOT,53476945.00
162,162,620060,,400000.00,0.00,False,6-7-2026 RCVD FROM ABU BAKER 2+2,53356945.00
163,163,620060,,300000.00,0.00,False,6-7-2026,52956945.00
164,164,620060,,174000.00,0.00,False,6-7-2026 RCVD FROM M.A TRADER LAHORE,52656945.00
165,165,620010,,150000.00,0.00,False,,3461072.00
166,166,620008,,150000.00,0.00,False,,9343911.00
167,167,620041,,500000.00,0.00,False,4+1 RCVD FROM SAKHAR,214671.00
168,168,620031,,48000.00,0.00,False,,958000.00
169,169,620045,,150000.00,0.00,False,,-548743.00
170,170,620049,,185400.00,0.00,False,,-36222.00
171,171,620078,,500000.00,0.00,False,,640543.00
172,172,620015,,100000.00,0.00,False,,3575885.00
173,173,620096,,1000000.00,0.00,False,,2671400.00
174,174,620008,,100000.00,0.00,False,,9193911.00
175,175,620045,,100000.00,0.00,False,,-698743.00
176,176,620008,,140000.00,0.00,False,,9093911.00
177,177,620010,,50000.00,0.00,False,,3311072.00
178,178,620046,,20000.00,0.00,False,,89091.00
179,179,620008,,100000.00,0.00,False,,9157191.00
180,180,620109,,500000.00,0.00,False,,31120.00
181,181,620045,,50000.00,0.00,False,,-798743.00
182,182,620012,,250000.00,0.00,False,,-371136.00
183,183,620097,,500000.00,0.00,False,,-4901600.00
184,184,620007,,50000.00,0.00,False,,286195.00
185,185,620046,,41000.00,0.00,False,,69091.00
186,186,620041,,800000.00,0.00,False,RCVD FROM SARFARAZ,-235329.00
187,187,620022,,1400000.00,0.00,False,,-11200000.00
188,188,620041,,900000.00,0.00,False,,-1035329.00
189,189,620031,,139000.00,0.00,False,,1108000.00
190,190,620031,,78000.00,0.00,False,50+28,1119000.00
191,191,620071,,200000.00,0.00,False,,4841760.00
192,192,620117,,842000.00,0.00,False,630000+212000 C/O HAFIZ POLTURY,0.00
193,193,620008,,200000.00,0.00,False,,9863061.00
194,194,620046,,500000.00,0.00,False,RCVD FROM S. NURANG,224991.00
195,195,620111,,93200.00,0.00,False,,1638200.00
196,196,620015,,180000.00,0.00,False,,3475885.00
197,197,620010,,200000.00,0.00,False,,3475792.00
198,198,620041,,600000.00,0.00,False,RCVD FROM HUSNAIN,-1657129.00
199,199,620041,,800000.00,0.00,False,3+5 RCVD FROM QAZIM,-2257129.00
200,200,620041,,800000.00,0.00,False,,-3057129.00
201,201,620065,,109000.00,0.00,False,,0.00
202,202,620060,,50000.00,0.00,False,RCVD FROM MEEZAN,52669945.00
203,203,620045,,200000.00,0.00,False,,-848743.00
204,204,620010,,100000.00,0.00,False,,3275792.00
205,205,620008,,101000.00,0.00,False,46+55,9663061.00
206,206,620060,,1100000.00,0.00,False,5+3+3,52619945.00
207,207,620045,,100000.00,0.00,False,,-1048743.00
208,208,620020,,400000.00,0.00,False,,-3955000.00
209,209,620007,,50000.00,0.00,False,,236195.00
210,210,620117,,828000.00,0.00,False,C/O HAFIZ POLTURY,-343600.00
211,211,620015,,50000.00,0.00,False,,3804765.00
212,212,620111,,1540000.00,0.00,False,,1636200.00
213,213,620010,,35000.00,0.00,False,,3396192.00
214,214,620027,,500000.00,0.00,False,,586710.00
215,215,620091,,200000.00,0.00,False,,6022848.00
216,216,620008,,50000.00,0.00,False,,9562061.00
217,217,620041,,400000.00,0.00,False,150+250,-2673911.00
218,218,620096,,350000.00,0.00,False,,3382200.00
219,219,620045,,150000.00,0.00,False,,-1148743.00
220,220,620015,,70000.00,0.00,False,,3754765.00
221,221,620024,,200000.00,0.00,False,,400000.00
222,222,620010,,200000.00,0.00,False,,3361192.00
223,223,620041,,750000.00,0.00,False,,-3073911.00
224,224,620097,,500000.00,0.00,False,,-5145600.00
225,225,620049,,507500.00,0.00,False,,-36222.00
226,226,620045,,100000.00,0.00,False,,-1298743.00
227,227,620060,,100000.00,0.00,False,RCVD FROM ABU BAKER,53183145.00
228,228,620091,,47500.00,0.00,False,,5822848.00
229,229,620015,,100000.00,0.00,False,,3684765.00
230,230,620031,,108000.00,0.00,False,,1041000.00
231,231,620045,,50000.00,0.00,False,,-1343203.00
232,232,620008,,150000.00,0.00,False,,10491361.00
233,233,620010,,100000.00,0.00,False,,3569012.00
234,234,620060,,200000.00,0.00,False,RCVD FROM ABU BAKER,53319945.00
235,235,620027,,300000.00,0.00,False,,86710.00
236,236,620031,,145000.00,0.00,False,,933000.00
237,237,620060,,200000.00,0.00,False,,53119945.00
238,238,620031,,58000.00,0.00,False,RCVD FROM ASK INTERPRISES,966000.00
239,239,620117,,320000.00,0.00,False,C/O HAFIZ POLTURY,-440400.00
240,240,620031,,120000.00,0.00,False,RCVD FROM ASK INTERPRISES,908000.00
241,241,620008,,150000.00,0.00,False,,10341361.00
242,242,620045,,34000.00,0.00,False,,-1393203.00
243,243,620046,,300000.00,0.00,False,,775241.00
244,244,620091,,70000.00,0.00,False,,5865348.00
245,245,620117,,630000.00,0.00,False,C/O HAFIZ POLTURY,-760400.00
246,246,620007,,400000.00,0.00,False,,196755.00
247,247,620061,,31000.00,0.00,False,,31824.00
248,248,620071,,154800.00,0.00,False,,4641760.00
249,249,620103,,30000.00,0.00,False,,30000.00
250,250,620060,,450000.00,0.00,False,2+2.5,52919945.00
251,251,620113,,35000.00,0.00,False,,0.00
252,252,620008,,350000.00,0.00,False,,10398901.00
253,253,620060,,200000.00,0.00,False,150+50,52469945.00
254,254,620060,,100000.00,0.00,False,RECEIVED FROM SABOOR,52269945.00
255,255,620024,,200000.00,0.00,False,,400000.00
256,256,620119,,300000.00,0.00,False,,0.00
257,257,620111,,500000.00,0.00,False,,-1000000.00
258,258,620060,,100000.00,0.00,False,1-08-2026 RECEIVED,52169945.00
259,259,620060,,1000000.00,0.00,False,5+5   RECEIVED 3-08-2026,52069945.00
260,260,620060,,200000.00,0.00,False,FROM GUJRAT 04-08-2026,51069945.00
261,261,620060,,150000.00,0.00,False,FROM SAILKOT   04-08-20256,50869945.00
262,262,620060,,200000.00,0.00,False,RECEIVED 04-08-2026,50719945.00
263,263,620060,,1410000.00,0.00,False,05-08-2026 RECEIVED,50519945.00
264,264,620060,,300000.00,0.00,False,RECEIVED 7-08-2026,49109945.00
265,265,620060,,1288000.00,0.00,False,RECEIVED FROM SHAKEEL  01-08-2026,48809945.00
266,266,620045,,300000.00,0.00,False,,-692403.00
267,267,620020,,400000.00,0.00,False,,-4355000.00
268,268,620010,,300000.00,0.00,False,,3501012.00
269,269,620015,,100000.00,0.00,False,,4732769.00
270,270,620078,,500000.00,0.00,False,,1130425.00
271,271,620096,,1000000.00,0.00,False,,3032200.00
272,272,620015,,100000.00,0.00,False,,4632769.00
273,273,620015,,100000.00,0.00,False,,4532769.00
274,274,620012,,250000.00,0.00,False,,-254656.00
275,275,620097,,500000.00,0.00,False,,-5601600.00
276,276,620091,,100000.00,0.00,False,,5795348.00
277,277,620060,,300000.00,0.00,False,200HBL+100MEZ,48736345.00
278,278,620060,,150000.00,0.00,False,FROM ABU BAKIR,48541945.00
279,279,620041,,800000.00,0.00,False,,-2686811.00
280,280,620008,,62500.00,0.00,False,,10373401.00
281,281,620045,,62500.00,0.00,False,,648717.00
282,282,620046,,50000.00,0.00,False,,1609817.00
283,283,620022,,2000000.00,0.00,False,,-12546000.00
284,284,620010,,50000.00,0.00,False,,3201012.00
285,285,620027,,6000000.00,0.00,False,,696710.00
286,286,620046,,100000.00,0.00,False,,1559817.00
287,287,620122,,1000000.00,0.00,False,,0.00
288,288,620060,,700000.00,0.00,False,Dr Wadood distribution received payment,48391945.00
289,289,620046,,250000.00,0.00,False,200 +50 jazz cash,1459817.00
290,290,620015,,100000.00,0.00,False,,4432769.00
291,291,620010,,100000.00,0.00,False,,3151012.00
292,292,620071,,150000.00,0.00,False,,4486960.00
293,293,620010,,100000.00,0.00,False,,3581012.00
294,294,620060,,500000.00,0.00,False,,47691945.00
295,295,620045,,235000.00,0.00,False,,586217.00
296,296,620121,,130000.00,0.00,False,,0.00
297,297,620041,,500000.00,0.00,False,received from majid,-3228344.00
298,298,620008,,195000.00,0.00,False,,10310901.00
299,299,620091,,50000.00,0.00,False,,5695348.00
300,300,620060,,500000.00,0.00,False,,47554505.00
301,301,620008,,54900.00,0.00,False,,10115901.00
302,302,620060,,500000.00,0.00,False,,47054505.00
