VoucherNo,VoucherDate,UserNo,IsPosted
1,05/01/2026 00:00:00,1,True
2,05/02/2026 00:00:00,1,True
3,05/03/2026 00:00:00,1,True
4,05/04/2026 00:00:00,1,True
5,05/05/2026 00:00:00,1,True
6,05/06/2026 00:00:00,1,True
7,05/07/2026 00:00:00,1,True
8,05/08/2026 00:00:00,1,True
9,05/09/2026 00:00:00,1,True
10,05/10/2026 00:00:00,1,True
11,05/11/2026 00:00:00,1,True
12,05/12/2026 00:00:00,1,True
13,05/13/2026 00:00:00,1,True
14,05/14/2026 00:00:00,1,True
15,05/15/2026 00:00:00,1,True
16,05/16/2026 00:00:00,1,True
17,05/17/2026 00:00:00,1,True
18,05/18/2026 00:00:00,1,True
19,05/19/2026 00:00:00,1,True
20,05/20/2026 00:00:00,1,True
21,05/22/2026 00:00:00,1,True
22,05/22/2026 00:00:00,1,True
23,05/23/2026 00:00:00,1,True
24,05/24/2026 00:00:00,1,True
25,05/25/2026 00:00:00,1,True
26,05/26/2026 00:00:00,1,True
27,05/30/2026 00:00:00,1,True
28,05/31/2026 00:00:00,1,True
29,06/01/2026 00:00:00,1,True
30,06/02/2026 00:00:00,1,True
31,06/03/2026 00:00:00,1,True
32,06/04/2026 00:00:00,1,True
33,06/05/2026 00:00:00,1,True
34,06/06/2026 00:00:00,1,True
35,06/07/2026 00:00:00,1,True
36,06/08/2026 00:00:00,1,True
37,06/08/2026 00:00:00,1,True
38,06/09/2026 00:00:00,1,True
39,06/10/2026 00:00:00,1,True
40,06/11/2026 00:00:00,1,True
41,06/12/2026 00:00:00,1,True
42,06/13/2026 00:00:00,1,True
43,06/14/2026 00:00:00,1,True
44,06/15/2026 00:00:00,1,True
45,06/16/2026 00:00:00,1,True
46,06/17/2026 00:00:00,1,True
47,06/18/2026 00:00:00,1,True
48,06/19/2026 00:00:00,1,True
49,06/20/2026 00:00:00,1,True
50,06/21/2026 00:00:00,1,True
51,06/22/2026 00:00:00,1,True
52,06/23/2026 00:00:00,1,True
53,06/24/2026 00:00:00,1,True
54,06/25/2026 00:00:00,1,True
55,06/26/2026 00:00:00,1,True
56,06/27/2026 00:00:00,1,True
57,06/28/2026 00:00:00,1,True
58,06/29/2026 00:00:00,1,True
59,06/30/2026 00:00:00,1,True
60,07/01/2026 00:00:00,1,True
61,07/02/2026 00:00:00,1,True
62,07/03/2026 00:00:00,1,True
63,07/04/2026 00:00:00,1,True
64,07/05/2026 00:00:00,1,True
65,07/06/2026 00:00:00,1,True
66,07/07/2026 00:00:00,1,True
67,07/08/2026 00:00:00,1,True
68,07/09/2026 00:00:00,1,True
69,07/10/2026 00:00:00,1,True
70,07/11/2026 00:00:00,1,True
71,07/12/2026 00:00:00,1,True
72,07/13/2026 00:00:00,1,True
73,07/14/2026 00:00:00,1,True
74,07/15/2026 00:00:00,1,True
75,07/16/2026 00:00:00,1,True
76,07/17/2026 00:00:00,1,True
77,07/18/2026 00:00:00,1,True
78,07/19/2026 00:00:00,1,True
79,07/21/2026 00:00:00,1,True
80,07/22/2026 00:00:00,1,True
81,07/20/2026 00:00:00,1,True
82,07/23/2026 00:00:00,1,True
83,07/24/2026 00:00:00,1,True
84,07/27/2026 00:00:00,1,True
85,07/25/2026 00:00:00,1,True
86,07/26/2026 00:00:00,1,True
87,07/28/2026 00:00:00,1,True
88,07/29/2026 00:00:00,1,True
89,07/30/2026 00:00:00,1,True
90,07/31/2026 00:00:00,1,True
91,08/01/2026 00:00:00,1,True
92,08/02/2026 00:00:00,1,True
93,08/03/2026 00:00:00,1,True
94,08/04/2026 00:00:00,1,True
95,08/05/2026 00:00:00,1,True
96,08/06/2026 00:00:00,1,True
97,08/07/2026 00:00:00,1,True
98,08/08/2026 00:00:00,1,True
99,08/09/2026 00:00:00,1,True
100,08/10/2026 00:00:00,1,True
101,08/11/2026 00:00:00,1,True
102,08/12/2026 00:00:00,1,True
103,08/13/2026 00:00:00,1,True
104,08/14/2026 00:00:00,1,True
105,08/16/2026 00:00:00,1,True
106,08/15/2026 00:00:00,1,True
