SerialNo,AccountNo,VoucherNo,VoucherDate,Narration,Debit
1,64002,1,05/01/2026 00:00:00,House Paint + Saintry Pipe,65000.00
5,52023,2,05/02/2026 00:00:00,Nasir Mistry Factory,100000.00
6,64002,2,05/02/2026 00:00:00,House Paint,34580.00
7,64002,2,05/02/2026 00:00:00,House Use ,34000.00
8,549,2,05/02/2026 00:00:00,Saleem HYD,1500000.00
25,52009,4,05/04/2026 00:00:00,Yaris Rent,150000.00
26,64002,4,05/04/2026 00:00:00,Masjid,70000.00
27,620041,4,05/04/2026 00:00:00,Salary Faisal Sakhar,100000.00
28,610018,4,05/04/2026 00:00:00,Amm.Sprit + Eucluptus Oil +Peppermint Oil,185000.00
29,547,4,05/04/2026 00:00:00,Irfan I.TSoftware,15000.00
30,52001,4,05/04/2026 00:00:00,,97090.00
31,52014,4,05/04/2026 00:00:00,A.Rehman+Zafer Khan+arshad,400000.00
32,64002,4,05/04/2026 00:00:00,House use ,2270.00
33,52023,5,05/05/2026 00:00:00,Nasir Mistry Factory,200000.00
34,52023,5,05/05/2026 00:00:00,Mian Cement,300000.00
35,52014,5,05/05/2026 00:00:00,A.Zeeshan + Mehmood+Kashif QC,270000.00
36,610018,5,05/05/2026 00:00:00,ARQ,88000.00
37,547,5,05/05/2026 00:00:00,Mazdori,4500.00
38,64002,5,05/05/2026 00:00:00,House Mistry Shebaz ,20000.00
39,610018,5,05/05/2026 00:00:00,Eucluptus Oil,14000.00
40,547,5,05/05/2026 00:00:00,Shopper+Cleaning Saman,22000.00
41,549,5,05/05/2026 00:00:00,Saleem HYD,500000.00
42,64002,5,05/05/2026 00:00:00,House Paint,10000.00
43,12001,5,05/05/2026 00:00:00,Loan,3000000.00
44,52015,6,05/06/2026 00:00:00,Gujeranwala+Sialkot+Zain+Haroon+Noor+Adeel+Abdullah+Azhar+Ammar+Ateeq+Saiym+Kashif Minhas+Haras+,1385000.00
45,52014,6,05/06/2026 00:00:00,Labour Salary + Kaleem A,952250.00
46,610018,6,05/06/2026 00:00:00,Namek,63250.00
47,54001,6,05/06/2026 00:00:00,,500000.00
48,64002,6,05/06/2026 00:00:00,House Light,5000.00
49,620041,7,05/07/2026 00:00:00,Salary Qazim,100000.00
50,610019,7,05/07/2026 00:00:00,Bottle Pet + Dropper,152500.00
51,547,7,05/07/2026 00:00:00,Anwer Grinder Machin,19850.00
52,64002,7,05/07/2026 00:00:00,Nasir Saintry ,50000.00
53,610018,7,05/07/2026 00:00:00,Starch+Eucluptus Oil+Peppermint Oil+anise Oil,40750.00
54,52055,7,05/07/2026 00:00:00,Petrol Bike ,650.00
55,52055,7,05/07/2026 00:00:00,Petrol,10000.00
56,64002,7,05/07/2026 00:00:00,House Mistry Shebaz ,40000.00
57,64002,7,05/07/2026 00:00:00,House Paint Asif,30000.00
58,54001,7,05/07/2026 00:00:00,,500000.00
59,64002,7,05/07/2026 00:00:00,House Labour Mazdori,4500.00
60,64002,7,05/07/2026 00:00:00,Nasir Saintry Pipe,50000.00
61,64002,7,05/07/2026 00:00:00,House Paint,58950.00
62,64002,7,05/07/2026 00:00:00,House Tile,15050.00
66,54001,8,05/08/2026 00:00:00,,1200000.00
67,540001,8,05/08/2026 00:00:00,D.i.B,70000.00
68,52054,8,05/08/2026 00:00:00,,12000.00
69,52005,8,05/08/2026 00:00:00,Labour Director Imran A Inspection,50000.00
70,52015,9,05/09/2026 00:00:00,Ali Salary + Toba Salary,165000.00
71,64002,9,05/09/2026 00:00:00,House Use ,800000.00
72,64002,9,05/09/2026 00:00:00,Amir Wedding Salami,10000.00
73,64002,9,05/09/2026 00:00:00,Asif Paint + Bajrii,13000.00
74,52002,10,05/10/2026 00:00:00,,100000.00
75,52055,10,05/10/2026 00:00:00,Petrol,5000.00
76,52001,10,05/10/2026 00:00:00,,35000.00
77,548,3,05/03/2026 00:00:00,Dr.Khalid,100000.00
78,548,3,05/03/2026 00:00:00,Habib Rent Rohri,75000.00
79,610018,3,05/03/2026 00:00:00,Na.Bicarbonate,3300.00
80,64002,3,05/03/2026 00:00:00,House tile,105000.00
81,52055,3,05/03/2026 00:00:00,Petrol,12000.00
82,547,3,05/03/2026 00:00:00,Shoper,2700.00
83,610019,3,05/03/2026 00:00:00,Bottle Liter ,1860.00
84,64002,11,05/11/2026 00:00:00,House Cement,142100.00
85,620041,11,05/11/2026 00:00:00,Sarfraz Salary,105000.00
86,64002,11,05/11/2026 00:00:00,House Use ,21000.00
87,64002,11,05/11/2026 00:00:00,House Mistruy Shebaz,20000.00
88,610022,11,05/11/2026 00:00:00,Sajid Calcium,168969.00
89,610018,11,05/11/2026 00:00:00,CSL + Molasses,127630.00
90,548,12,05/12/2026 00:00:00,Ammar+Abdullah+Haroon+Zain+Ateeq+Azhar+Harus+Saiym+,579855.00
91,620041,12,05/12/2026 00:00:00,Exp Kazim,71870.00
92,64002,12,05/12/2026 00:00:00,House Light,33000.00
93,610016,12,05/12/2026 00:00:00,Hasnaat Bento,130000.00
94,52005,12,05/12/2026 00:00:00,,325000.00
95,52062,12,05/12/2026 00:00:00,Bento Rent,16500.00
96,610019,12,05/12/2026 00:00:00,Hamid Bottle ,87500.00
97,54001,12,05/12/2026 00:00:00,,1000000.00
98,610018,12,05/12/2026 00:00:00,Na.Sulphate+Na Bicarbonate,14600.00
99,547,12,05/12/2026 00:00:00,Shopper+Tie+Petrol,19900.00
100,64002,13,05/13/2026 00:00:00,House Use ,10000.00
101,52005,13,05/13/2026 00:00:00,Kashif Drap Tour,10000.00
102,64002,13,05/13/2026 00:00:00,House Cement ,64500.00
103,610018,13,05/13/2026 00:00:00,Pepper Mint Oil+Eucluptus Oil ,56000.00
104,610019,13,05/13/2026 00:00:00,Bottle Ayyoub,44400.00
105,64002,14,05/14/2026 00:00:00,House Paint Asif,30000.00
106,64002,14,05/14/2026 00:00:00,House Mistry Shebaz,50000.00
107,64002,14,05/14/2026 00:00:00,House Cement ,56500.00
108,64002,14,05/14/2026 00:00:00,House Stone ,200000.00
109,64002,14,05/14/2026 00:00:00,Zulfiqar Lohaar,23000.00
110,610018,14,05/14/2026 00:00:00,Anise Oil+Na.Bicarbonate,5470.00
111,547,14,05/14/2026 00:00:00,Jaali Machin+Pipe House +Petrol,3530.00
112,64002,15,05/15/2026 00:00:00,House Nasir Saintry,15000.00
113,52054,15,05/15/2026 00:00:00,,25000.00
114,610021,15,05/15/2026 00:00:00,,240000.00
115,52023,16,05/16/2026 00:00:00,Nasir Factory Rait<Bajree,500000.00
116,52023,16,05/16/2026 00:00:00,Factory Steel From Ethaad Steel Mill,1877680.00
117,610005,16,05/16/2026 00:00:00,,200000.00
118,610018,16,05/16/2026 00:00:00,Starch,8350.00
119,547,16,05/16/2026 00:00:00,Bottle Seal+Petrol+Nasir T Elbow,3650.00
120,610022,17,05/17/2026 00:00:00,Khalid,400000.00
121,610004,18,05/18/2026 00:00:00,,250000.00
122,64002,18,05/18/2026 00:00:00,House College Fee,257500.00
123,64002,18,05/18/2026 00:00:00,House Mistry Shebaz,31000.00
124,64002,18,05/18/2026 00:00:00,House Paint Asif,25000.00
125,610004,18,05/18/2026 00:00:00,,100000.00
126,52055,18,05/18/2026 00:00:00,Petrol,5000.00
127,52055,19,05/19/2026 00:00:00,Petrol,2000.00
128,610018,19,05/19/2026 00:00:00,Na.Sulfate+Na Bicarbonate,46800.00
129,610019,19,05/19/2026 00:00:00,Ayyoub Can 5 Lit,27000.00
130,610019,19,05/19/2026 00:00:00,Bag White ,3700.00
131,547,19,05/19/2026 00:00:00,Kimchi Ext+Shopper+Cent,44290.00
132,64002,19,05/19/2026 00:00:00,House Use UBL Transfer,25000.00
133,64002,19,05/19/2026 00:00:00,House Cement,30900.00
134,64002,20,05/20/2026 00:00:00,House Use,111000.00
135,52055,20,05/20/2026 00:00:00,Petrol,28000.00
136,610018,20,05/20/2026 00:00:00,Shokat UAF,254300.00
137,544,21,05/22/2026 00:00:00,Paid To Wamiqa,50000.00
138,64002,21,05/22/2026 00:00:00,House Shebaz Mistry,50000.00
139,64002,21,05/22/2026 00:00:00,House Use ,10000.00
140,52001,21,05/22/2026 00:00:00,,18900.00
141,64002,21,05/22/2026 00:00:00,House Saintry,35000.00
142,547,21,05/22/2026 00:00:00,Shopper,20400.00
143,64002,21,05/22/2026 00:00:00,Anwer Bijlee saman House ,4000.00
144,52055,21,05/22/2026 00:00:00,Petrol ,500.00
145,610022,22,05/22/2026 00:00:00,Phosphate ,214600.00
146,64002,22,05/22/2026 00:00:00,House Stone ,175000.00
147,610019,23,05/23/2026 00:00:00,Silver Bottle,54500.00
148,52062,23,05/23/2026 00:00:00,Phosphate rent,65000.00
149,52023,23,05/23/2026 00:00:00,Factory Bijlee pipe,67000.00
150,52055,23,05/23/2026 00:00:00,petrol,4000.00
151,64002,23,05/23/2026 00:00:00,House Cement,44675.00
152,52023,23,05/23/2026 00:00:00,Mian Cement,600000.00
153,52023,23,05/23/2026 00:00:00,Nasir Rait,60000.00
154,547,23,05/23/2026 00:00:00,SRC ,207302.00
155,620041,23,05/23/2026 00:00:00,Faisal Salary,100000.00
164,52014,24,05/24/2026 00:00:00,Labour Salary,524166.00
165,52014,24,05/24/2026 00:00:00,Anwer,160000.00
166,610012,24,05/24/2026 00:00:00,,500000.00
167,610019,24,05/24/2026 00:00:00,Spray Bottle ,500000.00
168,52023,24,05/24/2026 00:00:00,Nasir Mistry,100000.00
169,64002,24,05/24/2026 00:00:00,Shebaz Mistry,25000.00
170,64002,24,05/24/2026 00:00:00,Ameen Wood,20000.00
171,52055,24,05/24/2026 00:00:00,Petrol,3000.00
172,547,24,05/24/2026 00:00:00,Labour Over time,141050.00
173,64002,25,05/25/2026 00:00:00,Zulfiqar Lohaar,20000.00
174,52014,25,05/25/2026 00:00:00,Kaleem+Kashif+A.R+A.Z+Arshad+Mehmood+Zafer ,1170000.00
175,64002,25,05/25/2026 00:00:00,Nasir Saintry,66000.00
176,52015,26,05/26/2026 00:00:00,Zain+Saim+Ateeq+Adeel+Ammar+Azhar+Saqlain+Ali+Noor+Waseem+Haroon+Abdullah+,1210000.00
177,548,26,05/26/2026 00:00:00,Zain+Haroon,158481.00
178,64002,26,05/26/2026 00:00:00,Ameen Wood,150000.00
179,52055,26,05/26/2026 00:00:00,Petrol,23000.00
180,64002,26,05/26/2026 00:00:00,Eid Qurbani,200000.00
181,547,26,05/26/2026 00:00:00,Labour Unloading,41240.00
182,52015,27,05/30/2026 00:00:00,Dr.Khalid Fsd,300000.00
183,52055,27,05/30/2026 00:00:00,Petrol,3000.00
184,52054,27,05/30/2026 00:00:00,,15000.00
185,52015,27,05/30/2026 00:00:00,Dr.Wadood Sahiwal,100000.00
186,64002,28,05/31/2026 00:00:00,Mistry Shebaz ,10000.00
187,64002,28,05/31/2026 00:00:00,Cement,6000.00
188,64002,28,05/31/2026 00:00:00,Anwer Bijlee Saman,5000.00
189,64002,28,05/31/2026 00:00:00,Saintry Saman,10000.00
191,52023,29,06/01/2026 00:00:00,Mian Cement,200000.00
192,64002,29,06/01/2026 00:00:00,Cement House ,6390.00
193,64002,29,06/01/2026 00:00:00,House Stone,20000.00
194,64002,29,06/01/2026 00:00:00,Masjid,70000.00
195,52009,29,06/01/2026 00:00:00,,610840.00
196,64002,29,06/01/2026 00:00:00,House Use,2500.00
197,52023,29,06/01/2026 00:00:00,Factory Rejistry FEIDMC,150000.00
198,610022,30,06/02/2026 00:00:00,Phosphate,211715.00
199,52055,30,06/02/2026 00:00:00,Petrol,10000.00
200,548,30,06/02/2026 00:00:00,DR.Khalid fsd,94000.00
201,610022,30,06/02/2026 00:00:00,Bentonite Hasnaat,130000.00
202,52062,30,06/02/2026 00:00:00,Bentonite Rent,16500.00
203,610018,30,06/02/2026 00:00:00,Molasses,104840.00
204,52062,30,06/02/2026 00:00:00,Bility,3000.00
205,52010,30,06/02/2026 00:00:00,,318000.00
206,547,30,06/02/2026 00:00:00,Shopper,22000.00
207,52001,30,06/02/2026 00:00:00,,37990.00
208,610018,30,06/02/2026 00:00:00,Wheat Bran,143220.00
209,52062,30,06/02/2026 00:00:00,Phosphate Rent,61000.00
210,610018,30,06/02/2026 00:00:00,CSL,52500.00
211,54001,31,06/03/2026 00:00:00,,1720000.00
212,64002,31,06/03/2026 00:00:00,House Aient,8400.00
213,64002,31,06/03/2026 00:00:00,Saintry,4000.00
214,546,31,06/03/2026 00:00:00,Sakhar Tour,30000.00
215,52023,32,06/04/2026 00:00:00,Factory Rejistry FEIDMC,210000.00
216,52023,32,06/04/2026 00:00:00,Naisr Ali,300000.00
217,54001,32,06/04/2026 00:00:00,,2050000.00
218,547,32,06/04/2026 00:00:00,Shopper,19000.00
219,64002,32,06/04/2026 00:00:00,House Stone+Tile+Rait Bajree,58640.00
220,610019,32,06/04/2026 00:00:00,Hamid Bucket,55000.00
221,64002,33,06/05/2026 00:00:00,House Use ,300000.00
222,64002,33,06/05/2026 00:00:00,House Mistry Shebaz,30000.00
223,54001,33,06/05/2026 00:00:00,Ishaq,500000.00
224,610018,34,06/06/2026 00:00:00,Shokat UAF,245000.00
225,610018,34,06/06/2026 00:00:00,Na.bicarbonate,25600.00
226,547,34,06/06/2026 00:00:00,Shopper+Petrol,21550.00
227,64002,34,06/06/2026 00:00:00,House Use ,31000.00
228,64002,34,06/06/2026 00:00:00,House Anwer Samaan,30000.00
229,52005,34,06/06/2026 00:00:00,Rabeel ADV Tax,300000.00
230,64002,35,06/07/2026 00:00:00,HOUSE TILE,28045.00
231,610018,35,06/07/2026 00:00:00,Pipper Mint + eucluptis oil + sodium sulphate ,46040.00
232,64002,35,06/07/2026 00:00:00,House exp,35000.00
233,64002,35,06/07/2026 00:00:00,Shahbaz Mistri ,10000.00
234,52009,36,06/08/2026 00:00:00,Rent car ,700000.00
235,54001,36,06/08/2026 00:00:00,Rent car,1230000.00
236,64002,36,06/08/2026 00:00:00,House tile,7000.00
237,52055,36,06/08/2026 00:00:00,Fuel exp,5000.00
238,64002,36,06/08/2026 00:00:00,LOHAR HOUSE EXP,17000.00
244,52023,37,06/08/2026 00:00:00,ORANG ZAIB LAWYER REGISTRY,1000000.00
245,64002,37,06/08/2026 00:00:00,SANTRY HOUSE EXP,20000.00
246,64002,37,06/08/2026 00:00:00,MISTRY EXP HOUSE ,76850.00
247,64002,37,06/08/2026 00:00:00,CENT HOUSE EXP,5000.00
248,52054,38,06/09/2026 00:00:00,LUNCH INMEETING,22000.00
249,52023,38,06/09/2026 00:00:00,ORANG ZAIB REGISTRY ,250000.00
250,52024,38,06/09/2026 00:00:00,HEAVAN OFFICE MAINTENANCE,47965.00
251,64002,38,06/09/2026 00:00:00,HOUSE EXP,75000.00
252,5113,39,06/10/2026 00:00:00,MACHINE REPAIR ,10000.00
253,52023,39,06/10/2026 00:00:00,ORANG ZAIB REGISTRY,250000.00
254,540001,39,06/10/2026 00:00:00,DIB ,60000.00
255,64002,39,06/10/2026 00:00:00,HOUSE EXP,2500.00
256,610018,39,06/10/2026 00:00:00,FAT OIL+STARCH+NA.SULPHATE+CA.CARBONATE,141450.00
257,64002,39,06/10/2026 00:00:00,HOUSE EXP ANWER ,10000.00
258,547,39,06/10/2026 00:00:00,SHOPPER BAG,2650.00
259,52062,39,06/10/2026 00:00:00,RIKSHA RENT,2900.00
260,52009,39,06/10/2026 00:00:00,RENT ,80000.00
261,540,40,06/11/2026 00:00:00,BILTY,25000.00
262,52023,40,06/11/2026 00:00:00,BUILDING REGISTRY,3224777.00
263,64002,40,06/11/2026 00:00:00,RAGRAY HOUSE EXP,30000.00
264,64002,40,06/11/2026 00:00:00,TILE HOUSE EXP,8100.00
265,52002,40,06/11/2026 00:00:00,INSTALLMMENT,100000.00
266,620041,40,06/11/2026 00:00:00,SALARY ZARFARAZ,150000.00
267,620041,40,06/11/2026 00:00:00,NAJAM SALARY,100000.00
268,610019,40,06/11/2026 00:00:00,BOTTLE,133200.00
269,610018,40,06/11/2026 00:00:00,STARCH+EUCLUTIS OIL+PIPER MINT OIL,36850.00
270,52001,40,06/11/2026 00:00:00,RASHAN,40500.00
271,52062,40,06/11/2026 00:00:00,,1500.00
272,548,40,06/11/2026 00:00:00,ZAFAR ULLAH MARKETING EXP,73282.00
273,64002,41,06/12/2026 00:00:00,HOUSE EXP,70000.00
274,610014,41,06/12/2026 00:00:00,PAID,2000000.00
275,52015,41,06/12/2026 00:00:00,KASHIF MANHAS,100000.00
276,546,41,06/12/2026 00:00:00,F. TOUR WAMIQA CASE FILE FEEC,60000.00
277,64002,42,06/13/2026 00:00:00,HOUSE EXP,2000.00
278,610018,42,06/13/2026 00:00:00,MAG CHLORIDE+AMM CHLORIDE + POTASSIUM,41250.00
279,52054,42,06/13/2026 00:00:00,,1000.00
280,52055,42,06/13/2026 00:00:00,PETROL,1000.00
281,52062,42,06/13/2026 00:00:00,RENT,2500.00
282,547,42,06/13/2026 00:00:00,SHOPER,19000.00
283,52054,42,06/13/2026 00:00:00,KFC,10000.00
284,64002,43,06/14/2026 00:00:00,MISTRI SHAHBAZ,1000.00
285,52055,43,06/14/2026 00:00:00,PETROL,14000.00
286,620041,43,06/14/2026 00:00:00,FAISAL SALARY,50000.00
287,64002,43,06/14/2026 00:00:00,HOUSE EXP,18000.00
288,52024,44,06/15/2026 00:00:00,,46430.00
289,610018,44,06/15/2026 00:00:00,EUCLUPTAS + PIPER + MINT OIL,44200.00
290,610019,44,06/15/2026 00:00:00,WHITE BORE,5400.00
291,52062,44,06/15/2026 00:00:00,RENT,10000.00
292,64002,44,06/15/2026 00:00:00,,3250.00
293,547,44,06/15/2026 00:00:00,MISTRI EXP,1000.00
294,547,44,06/15/2026 00:00:00,CHUHLA,2650.00
295,64002,44,06/15/2026 00:00:00,M TAG,5000.00
296,64002,45,06/16/2026 00:00:00,HOUSE CEMENT,26000.00
297,52023,45,06/16/2026 00:00:00,ORANG ZAIB REGISTRY,1500000.00
298,610014,46,06/17/2026 00:00:00,,500000.00
299,540,46,06/17/2026 00:00:00,,775564.00
300,64002,46,06/17/2026 00:00:00,HOSUE REGRAYE,20000.00
301,12001,46,06/17/2026 00:00:00,INSTALLMENT,325372.00
302,64002,46,06/17/2026 00:00:00,CEMENT,5000.00
303,64002,47,06/18/2026 00:00:00,,11900.00
304,52055,47,06/18/2026 00:00:00,PETROL,5000.00
305,64002,47,06/18/2026 00:00:00,HOUSE BAJRI + RAIT,33000.00
306,64002,47,06/18/2026 00:00:00,HOUSE EXP,30000.00
307,548,47,06/18/2026 00:00:00,SALE PROMOTION EXP,442572.00
308,548,47,06/18/2026 00:00:00,AMMAR EXP,60014.00
309,64002,48,06/19/2026 00:00:00,HOUSE EXP,18000.00
310,610004,49,06/20/2026 00:00:00,,500000.00
311,610016,49,06/20/2026 00:00:00,,500000.00
312,64002,49,06/20/2026 00:00:00,SANTRAY SAMAAN,17500.00
313,64002,49,06/20/2026 00:00:00,NASIR MINTRY,5000.00
314,64002,49,06/20/2026 00:00:00,SHAHBAZ MASTRI,10000.00
315,52055,49,06/20/2026 00:00:00,PETROL,4000.00
316,52023,49,06/20/2026 00:00:00,ANWER MISTRY,23000.00
317,547,49,06/20/2026 00:00:00,BILAL LAB,10000.00
318,64002,49,06/20/2026 00:00:00,NASIR MISTRY,200000.00
319,610019,49,06/20/2026 00:00:00,HAMMID BOTTLE PURCHASED,500000.00
320,610018,50,06/21/2026 00:00:00,SODIUM SOLPHAT,10200.00
321,52001,50,06/21/2026 00:00:00,CHINI,1500.00
322,52062,50,06/21/2026 00:00:00,BILTY,7250.00
323,547,50,06/21/2026 00:00:00,SHOPER,18500.00
324,52055,50,06/21/2026 00:00:00,500,500.00
325,548,51,06/22/2026 00:00:00,SALE PROMOTION,103250.00
326,64002,51,06/22/2026 00:00:00,HOUSE EXP,35000.00
327,610018,51,06/22/2026 00:00:00,SODIUM SOLPHETE,18500.00
328,547,51,06/22/2026 00:00:00,SHOPER,2100.00
329,52062,51,06/22/2026 00:00:00,RIKHSHA RENT,2300.00
330,52055,51,06/22/2026 00:00:00,PETROL,1000.00
331,610018,51,06/22/2026 00:00:00,EXT,21000.00
341,610019,53,06/24/2026 00:00:00,IMRAN BOTTLE,500000.00
342,52055,53,06/24/2026 00:00:00,PETROL,4000.00
343,64002,53,06/24/2026 00:00:00,HOUSE TILE,40000.00
344,64002,53,06/24/2026 00:00:00,HOUSE LABOUR EXP,47400.00
345,52001,53,06/24/2026 00:00:00,RASHAN,41000.00
346,610019,53,06/24/2026 00:00:00,DRAPER,19500.00
347,610018,53,06/24/2026 00:00:00,AL ABSAAR,100000.00
348,610021,54,06/25/2026 00:00:00,,500000.00
349,64008,55,06/26/2026 00:00:00,,300000.00
350,64002,56,06/27/2026 00:00:00,SHAHBAZ MISTRY,5000.00
351,610005,56,06/27/2026 00:00:00,,200000.00
352,547,56,06/27/2026 00:00:00,ADMIN OFFICE ,221000.00
353,547,57,06/28/2026 00:00:00,ADMIN OFFICE TABLE,54000.00
354,64002,57,06/28/2026 00:00:00,NASIR MISTRY,7000.00
355,52055,57,06/28/2026 00:00:00,,10000.00
356,52055,57,06/28/2026 00:00:00,,32000.00
357,547,57,06/28/2026 00:00:00,ADMIN OFFICE,100000.00
358,64002,57,06/28/2026 00:00:00,HOUSE EXP,15000.00
359,610018,58,06/29/2026 00:00:00,SODIUM SULPHATE,18500.00
360,610019,58,06/29/2026 00:00:00,JAR 1 KG + PET BOTTLE,42400.00
361,52001,58,06/29/2026 00:00:00,,3000.00
362,547,58,06/29/2026 00:00:00,SHOPER,11100.00
363,64002,58,06/29/2026 00:00:00,ANWER SAMAN,9000.00
364,547,59,06/30/2026 00:00:00,ADMIN OFFICE FRIG,53000.00
365,64002,59,06/30/2026 00:00:00,SHAHBAZ MISTRY,20000.00
366,64002,59,06/30/2026 00:00:00,HOUSE EXP,39000.00
367,52055,59,06/30/2026 00:00:00,PETROL,8000.00
368,64002,59,06/30/2026 00:00:00,ASIF RANG,13000.00
369,64002,59,06/30/2026 00:00:00,NASIR SANTAARY,10000.00
370,64002,59,06/30/2026 00:00:00,ZULFIQAR LOHAR,30000.00
371,64002,59,06/30/2026 00:00:00,RAIT + CEMENT,10000.00
372,64002,59,06/30/2026 00:00:00,TILE,21700.00
373,610019,52,06/23/2026 00:00:00,HAMMID BOTTLE,80000.00
374,64002,52,06/23/2026 00:00:00,CABLE,6200.00
375,64002,52,06/23/2026 00:00:00,MISTRY SHAHBAZ,20000.00
376,52055,52,06/23/2026 00:00:00,PETROL,18000.00
377,64002,52,06/23/2026 00:00:00,SHAH RAGWALA,40000.00
378,64002,52,06/23/2026 00:00:00,HOUSE TILE,80000.00
379,64002,52,06/23/2026 00:00:00,ANWER,5000.00
380,610018,52,06/23/2026 00:00:00,MENTHOL,33000.00
381,610005,52,06/23/2026 00:00:00,,25000.00
383,64002,60,07/01/2026 00:00:00,NASIR MISTRY ,5000.00
384,52023,60,07/01/2026 00:00:00,NASIR THEKYDAR FACTORY,250000.00
385,64002,60,07/01/2026 00:00:00,SHAHBAZ MISTRY HOUSE WORK,158000.00
389,64002,61,07/02/2026 00:00:00,RAIT & BAJRI DR SB HOUSEWORK,30550.00
390,610012,61,07/02/2026 00:00:00,IMRAN BOTTLE,500000.00
391,64002,61,07/02/2026 00:00:00,MATI DR SB HOUSE,10000.00
392,52015,61,07/02/2026 00:00:00,DR WADOOD,100000.00
393,52015,61,07/02/2026 00:00:00,DR KHALID SALARY,300000.00
394,610022,61,07/02/2026 00:00:00,HASNANT BENTO,144500.00
395,64002,61,07/02/2026 00:00:00,MASJID DONATOIN,70000.00
396,64002,61,07/02/2026 00:00:00,ASIF RANG HOUSE WORK,10000.00
397,52023,61,07/02/2026 00:00:00,FACTORY EXP,5000.00
398,64002,61,07/02/2026 00:00:00,ANWAR MOTOR PURCHASED,20000.00
399,52010,62,07/03/2026 00:00:00,ZAFAR IQBAL PROFIT,324500.00
400,52014,62,07/03/2026 00:00:00,KALEEM SALARY ,500000.00
401,52014,62,07/03/2026 00:00:00,MEHMOOD SALARY,100000.00
402,64002,62,07/03/2026 00:00:00,REGISTY EXP,600000.00
403,52014,62,07/03/2026 00:00:00,ZAFAR ULLAH SALARY,100000.00
404,52054,63,07/04/2026 00:00:00,KHANA,10000.00
405,610019,63,07/04/2026 00:00:00,AMBER BOTTLE,4800.00
406,610018,63,07/04/2026 00:00:00,SODIUM BICORBONATES,3200.00
407,547,63,07/04/2026 00:00:00,SHOPER,20750.00
412,64002,64,07/05/2026 00:00:00,SHAH RANG DR SB HOUSE,92000.00
413,64002,64,07/05/2026 00:00:00,DR SB HOUSE EXP,10000.00
414,52055,64,07/05/2026 00:00:00,PETROL EXP,18752.00
415,52023,64,07/05/2026 00:00:00,FACTORY PIPE,28515.00
416,1221,64,07/05/2026 00:00:00,PRINTER PURCHASED,24000.00
417,547,64,07/05/2026 00:00:00,CHAIR REPAIR,8000.00
418,548,64,07/05/2026 00:00:00,ZAFAR ULLAH EXP,20000.00
419,52014,65,07/06/2026 00:00:00,PATHAN SALARY,765000.00
420,52022,65,07/06/2026 00:00:00,MACHINE SALAYE PURCHASED,23650.00
421,610019,65,07/06/2026 00:00:00,HAMMID BALTI PURCHASED,55000.00
422,64002,65,07/06/2026 00:00:00,DR SB HOUSE EXP,300000.00
423,64002,65,07/06/2026 00:00:00,DR SB HOUSE EXP,10000.00
424,1211,65,07/06/2026 00:00:00,ALTO PURCHASED DOWN PAYMENT,505000.00
425,52055,66,07/07/2026 00:00:00,PETROL JEEB,25000.00
426,610022,66,07/07/2026 00:00:00, PURCHASED DCP  FROM SAJID,167000.00
427,546,66,07/07/2026 00:00:00,VISA FEEC DR SB,30000.00
428,64002,66,07/07/2026 00:00:00,DR SB HOUSE EXP,230000.00
429,52014,67,07/08/2026 00:00:00,FACTOY SALARY,250000.00
430,610012,67,07/08/2026 00:00:00,IMRAN BOTTLE,500000.00
431,546,67,07/08/2026 00:00:00,FRC VISA FEEC,20000.00
432,52001,67,07/08/2026 00:00:00,RASHAN,43000.00
433,64002,67,07/08/2026 00:00:00,DR SB HOUSE WORK ASIF RANG,50000.00
434,52062,67,07/08/2026 00:00:00,BILTY EXP,106400.00
435,610018,67,07/08/2026 00:00:00,NA. SULPHATE,43500.00
436,610018,67,07/08/2026 00:00:00,AMMUNIUM CLORIDE,10000.00
437,610018,67,07/08/2026 00:00:00,EUCLUPTUS OIL,30000.00
438,610018,67,07/08/2026 00:00:00,PIPER MINT OIL,25000.00
439,610019,67,07/08/2026 00:00:00,WHITE UNPRINT BAG  ,3800.00
440,52062,67,07/08/2026 00:00:00,RENT,2500.00
441,610019,67,07/08/2026 00:00:00,AMBER BOTTLE 100 ML,4000.00
442,52062,67,07/08/2026 00:00:00,BILTY EXP,1200.00
443,620041,68,07/09/2026 00:00:00,SALARY PAID TO FAISAL HEHALF OF QAZI IRFAN,50000.00
444,54001,68,07/09/2026 00:00:00,SHAFIQUE CAR RENT,3000000.00
445,610018,68,07/09/2026 00:00:00,FORMIC PURCHASED,21840.00
446,52055,69,07/10/2026 00:00:00,TOBA PETROL,10000.00
447,54001,69,07/10/2026 00:00:00,CAR RENT,1400000.00
448,547,70,07/11/2026 00:00:00,FACTORY SAMAN ANWAR,12500.00
449,547,70,07/11/2026 00:00:00,FACTORY CLOCK,6500.00
450,64002,70,07/11/2026 00:00:00,DR SB VISA FEEC,20000.00
451,610018,70,07/11/2026 00:00:00,SODIUM SULPHATE,25200.00
452,610018,70,07/11/2026 00:00:00,NA. CARBONATE,6400.00
453,547,70,07/11/2026 00:00:00,SHOPER + TAP,28400.00
454,547,70,07/11/2026 00:00:00,VANILACENT,750.00
455,610018,70,07/11/2026 00:00:00,NA. CORBONATE,3200.00
456,52062,70,07/11/2026 00:00:00,RENT,2350.00
457,52055,71,07/12/2026 00:00:00,PETROL HARIPUR,25000.00
458,54001,72,07/13/2026 00:00:00,CAR RENT + INSTALLMENT,1900000.00
459,52002,72,07/13/2026 00:00:00,ZEESHAN,100000.00
460,64002,72,07/13/2026 00:00:00,ASIF RANG DR SB HOUSE,25000.00
461,64002,72,07/13/2026 00:00:00,DR SB HOUSE WORK SANTERY,6500.00
462,64002,72,07/13/2026 00:00:00,DR SB HOUSE RANG WALA,80000.00
463,610018,72,07/13/2026 00:00:00,SALT / NAMIK,85000.00
475,548,73,07/14/2026 00:00:00,ATTIQUE MARKET EXP,55000.00
476,52015,73,07/14/2026 00:00:00,ALI SALARY,100000.00
477,52015,73,07/14/2026 00:00:00,SABOR SALARY,82500.00
478,610019,73,07/14/2026 00:00:00,HAMMID BILTY PURCHASED,22000.00
479,54001,73,07/14/2026 00:00:00,CAR RENT + INSTALLMENT,1880000.00
480,548,73,07/14/2026 00:00:00,DR KHALID EXP,91000.00
481,548,73,07/14/2026 00:00:00,WADOOD EXP,169996.00
482,548,73,07/14/2026 00:00:00,WASEEM EXP,55000.00
483,52023,73,07/14/2026 00:00:00,FACTORY SAMAN,69130.00
484,64002,73,07/14/2026 00:00:00,DR SB HOUSE EXP LOHAR,57000.00
485,52062,73,07/14/2026 00:00:00,BUILTY EXP,22000.00
486,519,73,07/14/2026 00:00:00,L.C EXP,1500000.00
487,52009,74,07/15/2026 00:00:00,HABIB CAR RENT + INSTALLMENT,655000.00
488,54001,74,07/15/2026 00:00:00,CAR RENT + INTSALLMENT,1500000.00
489,52023,74,07/15/2026 00:00:00,FACTORY SAMAN,46000.00
490,52054,74,07/15/2026 00:00:00,QAZI ROOM IN SERENA HOTEL,87000.00
491,547,74,07/15/2026 00:00:00,MOBILE BATTERY,4500.00
495,52002,76,07/17/2026 00:00:00,DIB INSTALLMENT,60000.00
496,52009,76,07/17/2026 00:00:00,RENT,32000.00
497,64002,76,07/17/2026 00:00:00,DR SB HOUSE ASIF RANG,50000.00
498,52055,77,07/18/2026 00:00:00,PETROL,2000.00
499,64002,77,07/18/2026 00:00:00,DR SB HOUSE EXP,50000.00
500,547,78,07/19/2026 00:00:00,SHOPER + TAB ,20750.00
501,610019,78,07/19/2026 00:00:00,AMER BOTTLE,11950.00
502,610018,78,07/19/2026 00:00:00,CASTIOR OIL,2300.00
503,52023,79,07/21/2026 00:00:00,NASIR MISTRY FACTORY REPAIR AND MAINTENANCE EXP,200000.00
504,64002,79,07/21/2026 00:00:00,ORANG ZAIB REGISTRY ,200000.00
509,620041,81,07/20/2026 00:00:00,kazim salary c/o qazi ifan,245718.00
510,64002,81,07/20/2026 00:00:00,DR SB HOUSE WORK,21200.00
511,64002,81,07/20/2026 00:00:00,DR SB HOUSE WORK SHAH RANG,94700.00
512,64002,81,07/20/2026 00:00:00,DR SB HOUSE WORK ANWAR SAMAN,11760.00
513,52002,81,07/20/2026 00:00:00,DRAP FEEC,25000.00
514,620041,81,07/20/2026 00:00:00,SARFRAZ SALARY ,150000.00
515,52014,81,07/20/2026 00:00:00,ZAFAR ULLAH SALARY,100000.00
516,610018,81,07/20/2026 00:00:00,NAMIK,22900.00
517,54001,81,07/20/2026 00:00:00,CAR RENT + INSTALLMENT,350000.00
518,52001,81,07/20/2026 00:00:00,RASHAN,43000.00
519,64002,81,07/20/2026 00:00:00,DR SB HOUSE WORK,12600.00
520,610018,81,07/20/2026 00:00:00,ARK,117500.00
521,52015,81,07/20/2026 00:00:00,KAHSIF MINHAS SALARY,100000.00
522,610004,80,07/22/2026 00:00:00,,500000.00
523,64002,80,07/22/2026 00:00:00,DR SB HOUSE EXP,15000.00
524,54001,80,07/22/2026 00:00:00,,1250000.00
525,52062,80,07/22/2026 00:00:00,BILTY EXP,13000.00
526,547,80,07/22/2026 00:00:00,MISC EXP,7000.00
527,52014,82,07/23/2026 00:00:00,MEHMOOD SALARY,50000.00
528,64002,82,07/23/2026 00:00:00,ORANG ZAIB REGISTRY ,200000.00
529,610018,82,07/23/2026 00:00:00,SHOKUT UAF FORMIC ACID,208250.00
530,12003,82,07/23/2026 00:00:00,SARGODHA CAR INSTALLMENT,47500.00
531,548,82,07/23/2026 00:00:00,KALEEM ULLAH,28605.00
532,519,82,07/23/2026 00:00:00,MOON LANDER L.C EXP,300000.00
533,610022,82,07/23/2026 00:00:00,PURCHASED FROM HASNAAN,146000.00
534,52023,82,07/23/2026 00:00:00,MAIN CEMENT,150000.00
535,64002,83,07/24/2026 00:00:00,DR SB HOUSE FURNITURE,250000.00
536,64002,83,07/24/2026 00:00:00,DR SB HOUSE A.C,100000.00
537,610022,83,07/24/2026 00:00:00,PURCHASED FROM KHALID BANTO,145000.00
538,54001,83,07/24/2026 00:00:00,RENT+ INSTALLMENT,200000.00
539,520907,83,07/24/2026 00:00:00,FEED LICENCE,50000.00
546,610018,85,07/25/2026 00:00:00,FORMIC ACID,44000.00
547,1221,85,07/25/2026 00:00:00,COMPUTER PURCHASED,70000.00
548,54001,85,07/25/2026 00:00:00,RENT,120000.00
549,52023,85,07/25/2026 00:00:00,MIAN CEMENT,150000.00
550,52055,85,07/25/2026 00:00:00,PETROL,10000.00
551,64002,86,07/26/2026 00:00:00,ANWER SAMAN,8000.00
552,610018,86,07/26/2026 00:00:00,SODA ,12800.00
553,547,86,07/26/2026 00:00:00,SHOPER + TIE,20200.00
554,52055,86,07/26/2026 00:00:00,PETROL,1000.00
555,52055,86,07/26/2026 00:00:00,PETROL,3000.00
556,52009,84,07/27/2026 00:00:00,HABIB CAR RENT,300000.00
557,64002,84,07/27/2026 00:00:00,DR SB HOUSE FIRNUTURE,300000.00
558,64002,84,07/27/2026 00:00:00,DR SB HOUSE ANWER HITTER,3000.00
559,540,84,07/27/2026 00:00:00,PTCL BILL,6420.00
560,64002,84,07/27/2026 00:00:00,DR SB HOUSE WORK,5000.00
561,52055,84,07/27/2026 00:00:00,PETROL 12000+10000,22000.00
562,610019,84,07/27/2026 00:00:00,BOTTLE PURCHASED FROM HAMID,52500.00
563,54001,87,07/28/2026 00:00:00,RANT +  INSTALLMET,1230000.00
564,610018,87,07/28/2026 00:00:00,SODIUM + STRCH +COSTIOR OIL + SULPHATE ,21920.00
565,547,87,07/28/2026 00:00:00,TAPE + SCOPE + RAMBA + CHINI,8750.00
566,610019,87,07/28/2026 00:00:00,AMER PET BOTTLE 100 ML,46800.00
567,547,87,07/28/2026 00:00:00,SHOPER ,2900.00
568,52062,87,07/28/2026 00:00:00,RENT,1630.00
569,52023,88,07/29/2026 00:00:00,FACTORY WOOD,10000.00
570,52062,88,07/29/2026 00:00:00,BILTY ,65000.00
571,54001,88,07/29/2026 00:00:00,RENT,450000.00
572,64002,88,07/29/2026 00:00:00,DR SB HOUSE EXP,50000.00
573,548,89,07/30/2026 00:00:00,ZAFAR EXP 35000+5000,40000.00
574,52055,89,07/30/2026 00:00:00,PETROL,5000.00
575,64002,89,07/30/2026 00:00:00,DR SB HOUSE EXP,15000.00
579,548,90,07/31/2026 00:00:00,AMMAR KHALIL EXP,49360.00
580,548,90,07/31/2026 00:00:00,AZHER AYUB EXP,47700.00
581,548,90,07/31/2026 00:00:00,ABDULLAH EXP,26640.00
582,52010,90,07/31/2026 00:00:00,"6 month profit 500000  profit ( 10,000)",60000.00
583,540,75,07/16/2026 00:00:00,ELECTRIC BILL,592365.00
584,52009,75,07/16/2026 00:00:00,CAR RENT,50000.00
585,12001,75,07/16/2026 00:00:00,HOUSE INSTALLMENT,325000.00
586,52023,75,07/16/2026 00:00:00,Nasir factory,200000.00
587,52010,91,08/01/2026 00:00:00,PROFIT,315000.00
588,52014,91,08/01/2026 00:00:00,ANWER SALARY ,160000.00
589,548,91,08/01/2026 00:00:00,HAROON MARKET EXP,150000.00
590,548,91,08/01/2026 00:00:00,HARIS HASEEB MARKET EXP,58324.00
591,549,91,08/01/2026 00:00:00,DR RIAZ  MUSTAFA INCENTIVE,65000.00
592,548,91,08/01/2026 00:00:00,SAQLAIN MARKET EXP,54825.00
593,548,91,08/01/2026 00:00:00,ZAIN MARKET EXP,140000.00
594,52014,91,08/01/2026 00:00:00,PATHAN SALARIES,661000.00
597,52014,92,08/02/2026 00:00:00,MEHMOOD SALARY,50000.00
598,52014,92,08/02/2026 00:00:00,ARSHID DRIVER SALARY ,100000.00
599,5211001,92,08/02/2026 00:00:00,ABDUL REHMAN SALARY,100000.00
600,5211001,92,08/02/2026 00:00:00,ABDUL ZEESHAN SALARY,50000.00
605,610004,94,08/04/2026 00:00:00,,200000.00
606,548,94,08/04/2026 00:00:00,HAROON EXP,31325.00
607,548,94,08/04/2026 00:00:00,SABOOR MARKET EXP,54510.00
608,548,94,08/04/2026 00:00:00,ZAIN MARKET EXP,37831.00
609,52054,94,08/04/2026 00:00:00,REFRESHMENT EXP,15000.00
610,610014,95,08/05/2026 00:00:00,,2000000.00
611,52054,95,08/05/2026 00:00:00,KHANA,10000.00
612,52015,95,08/05/2026 00:00:00,PINDI FEUL EXP,20000.00
616,64002,96,08/06/2026 00:00:00,MASJID FUND,70000.00
617,52002,96,08/06/2026 00:00:00,D.I.B FEEC,60000.00
618,64002,96,08/06/2026 00:00:00,DR SB HOUSE EXP,100000.00
619,64002,96,08/06/2026 00:00:00,DR SB HOUSE CONSTRUCTION WOODMAN,25000.00
620,52014,96,08/06/2026 00:00:00,SALARY ANWAR ASSISTANT,35000.00
621,544,96,08/06/2026 00:00:00,AMIR FACTORY FOREIGN TOUR,650000.00
631,610005,97,08/07/2026 00:00:00,,200000.00
632,610022,97,08/07/2026 00:00:00,HASNAAT BENTO 130000+ BILTY 16000,130000.00
633,52062,97,08/07/2026 00:00:00,HASNAAT BAILTY,16000.00
634,52014,97,08/07/2026 00:00:00,ANWAR FACTORY MACHENIC,96000.00
635,52015,97,08/07/2026 00:00:00,ZAFAR KHAN SALARY,200000.00
636,548,97,08/07/2026 00:00:00,ZAFAR KHAN FUEL EXP,40000.00
637,52014,97,08/07/2026 00:00:00,MEHMOOD SALARY,33750.00
638,548,97,08/07/2026 00:00:00,DR SB SAKHAR FUEL EXP,25000.00
639,54001,93,08/03/2026 00:00:00,RENT + INSTALLMENT,1124000.00
640,610012,93,08/03/2026 00:00:00,IMRAN BOTTLE,400000.00
641,5211001,93,08/03/2026 00:00:00,IRFAN SALARY  ,150000.00
642,610012,93,08/03/2026 00:00:00,,500000.00
643,52014,93,08/03/2026 00:00:00,KASHIF MANZOOR SALARY,120000.00
644,52014,93,08/03/2026 00:00:00,DR KALEEM SALARY,500000.00
645,52015,93,08/03/2026 00:00:00,DR WADOOD SALARY,100000.00
646,52015,93,08/03/2026 00:00:00,DR KHALID SALARY,300000.00
647,52005,93,08/03/2026 00:00:00,DRAP FEEC,113500.00
648,64002,93,08/03/2026 00:00:00,TRANSER 10K TO REHAN ACCOUNT,10000.00
649,52001,93,08/03/2026 00:00:00,,40000.00
650,52015,98,08/08/2026 00:00:00,AZAR AYUB,50000.00
651,52015,98,08/08/2026 00:00:00,OMAR KHALIL,80000.00
652,52015,98,08/08/2026 00:00:00,NOOR,50000.00
653,52015,98,08/08/2026 00:00:00,SAQLAIN,65000.00
654,52015,98,08/08/2026 00:00:00,ADEEL,50000.00
655,52015,98,08/08/2026 00:00:00,HARIS,55000.00
656,52015,98,08/08/2026 00:00:00,SABOOR,55000.00
657,52015,98,08/08/2026 00:00:00,ATTIQUE,55000.00
658,52015,98,08/08/2026 00:00:00,HARIS,50000.00
659,52015,98,08/08/2026 00:00:00,ABDULLAH,80000.00
660,52015,98,08/08/2026 00:00:00,NASIR ALI,55000.00
661,64002,99,08/09/2026 00:00:00,DR SB HOUSE EXP,62500.00
662,610018,99,08/09/2026 00:00:00,ELCLUPTUS OIL,31200.00
663,610018,99,08/09/2026 00:00:00,PEPPER MINT OIL,28200.00
664,610019,99,08/09/2026 00:00:00,UNPRINT BAG,3800.00
665,620041,100,08/10/2026 00:00:00,QAZIM SALARY,158467.00
666,54001,100,08/10/2026 00:00:00,RENT + INSTALLMENT,2000000.00
667,54001,100,08/10/2026 00:00:00,RENT + INSTALLMENT,950000.00
668,620041,100,08/10/2026 00:00:00,FAISAL SALARY,100000.00
669,12001,100,08/10/2026 00:00:00,HOUSE LOAN RETURN INSTALLMENT,6100000.00
670,12003,100,08/10/2026 00:00:00,CAR INSTALLMENT,111650.00
671,64002,100,08/10/2026 00:00:00,DR SB HOUSE EXP,10000.00
672,52002,100,08/10/2026 00:00:00,ZEESHAN,100000.00
673,12003,100,08/10/2026 00:00:00,FORTUNOR INSTALLMENT,512000.00
674,52023,101,08/11/2026 00:00:00,FACTORY MAINTENANCE  ANWAR,25470.00
675,52015,101,08/11/2026 00:00:00,ZAIN,300000.00
676,52015,101,08/11/2026 00:00:00,HAROON,300000.00
677,547,101,08/11/2026 00:00:00,,7500.00
678,12003,101,08/11/2026 00:00:00,INSTALLMET CAR,67000.00
679,55001,101,08/11/2026 00:00:00,AQUA CAR MAINTENANCE  USMAN MECHENIC,127000.00
680,610022,102,08/12/2026 00:00:00,PAID TO KHALID BANTO,150000.00
681,548,102,08/12/2026 00:00:00,ATTIQUE EXP,82122.00
682,610018,102,08/12/2026 00:00:00,STARCH ,8500.00
683,547,102,08/12/2026 00:00:00,,2500.00
684,610018,103,08/13/2026 00:00:00,DCP CALCIUM PURCHASED,133488.00
685,14001,103,08/13/2026 00:00:00,CAR TAX TOKEN ,175700.00
686,610018,103,08/13/2026 00:00:00,"PF-139750,SORBITAL-78375,FORNIC ACID-43680,ANISE OIL-5000,PEPPER-4600",276605.00
687,54001,103,08/13/2026 00:00:00,RENT + INSTALLMENT,1695000.00
688,52055,103,08/13/2026 00:00:00,FUEL EXP,1895.00
691,54001,104,08/14/2026 00:00:00,RENT+ INSTALLMENT,554000.00
692,64002,104,08/14/2026 00:00:00,DR SB HOUSE EXP,20000.00
693,54001,104,08/14/2026 00:00:00,RENT + INSTALLMENT,500000.00
694,64002,105,08/16/2026 00:00:00,DR SB PERSONAL I-PAD REPAIR,13000.00
695,52054,105,08/16/2026 00:00:00,FACTORY KHANA,5000.00
696,52055,105,08/16/2026 00:00:00,FUEL EXP,18000.00
697,52015,106,08/15/2026 00:00:00,DR NOOR SALARY,100000.00
698,54001,106,08/15/2026 00:00:00,RENT + INSTALLMENT,76100.00
