ProductId,Quantity,Bonus,Price,DiscRatio1,DiscRatio2,STValue,STRatio,TTLValue,TTLSalestax,IsDeleted,UserNo
00008,500.000000000,0.000000000,64.000000,0.00,0.00,0.00,0.00,32000.000000,0.00,False,
00010,500.000000000,0.000000000,70.000000,0.00,0.00,0.00,0.00,35000.000000,0.00,False,
00013,200.000000000,0.000000000,64.000000,0.00,0.00,0.00,0.00,12800.000000,0.00,False,
00019,177.000000000,0.000000000,1440.000000,0.00,0.00,0.00,0.00,254880.000000,0.00,False,
00030,100.000000000,0.000000000,48.000000,0.00,0.00,0.00,0.00,4800.000000,0.00,False,
00053,4.000000000,0.000000000,9000.000000,0.00,0.00,0.00,0.00,36000.000000,0.00,False,
00124,160.000000000,0.000000000,5000.000000,0.00,0.00,0.00,0.00,800000.000000,0.00,False,
00259,655.000000000,0.000000000,40.000000,0.00,0.00,0.00,0.00,26200.000000,0.00,False,
00262,898.000000000,0.000000000,40.000000,0.00,0.00,0.00,0.00,35920.000000,0.00,False,
00264,110.000000000,0.000000000,1500.000000,0.00,0.00,0.00,0.00,165000.000000,0.00,False,
00357,2.000000000,0.000000000,10000.000000,0.00,0.00,0.00,0.00,20000.000000,0.00,False,
00363,934.000000000,0.000000000,14000.000000,0.00,0.00,0.00,0.00,13076000.000000,0.00,False,
00369,5080.000000000,0.000000000,300.000000,0.00,0.00,0.00,0.00,1524000.000000,0.00,False,
00398,40.000000000,0.000000000,3000.000000,0.00,0.00,0.00,0.00,120000.000000,0.00,False,
00416,100.000000000,0.000000000,50000.000000,0.00,0.00,0.00,0.00,5000000.000000,0.00,False,
01001,4.500000000,0.000000000,1850.000000,0.00,0.00,0.00,0.00,8325.000000,0.00,False,
01002,25.000000000,0.000000000,200.000000,0.00,0.00,0.00,0.00,5000.000000,0.00,False,
01003,150.000000000,0.000000000,17.000000,0.00,0.00,0.00,0.00,2550.000000,0.00,False,
01005,12.000000000,0.000000000,1500.000000,0.00,0.00,0.00,0.00,18000.000000,0.00,False,
01009,65.000000000,0.000000000,1650.000000,0.00,0.00,0.00,0.00,107250.000000,0.00,False,
01010,27.000000000,0.000000000,2800.000000,0.00,0.00,0.00,0.00,75600.000000,0.00,False,
01011,2.800000000,0.000000000,4000.000000,0.00,0.00,0.00,0.00,11200.000000,0.00,False,
01012,7.000000000,0.000000000,4000.000000,0.00,0.00,0.00,0.00,28000.000000,0.00,False,
01013,15.000000000,0.000000000,160.000000,0.00,0.00,0.00,0.00,2400.000000,0.00,False,
01015,2750.000000000,0.000000000,17.000000,0.00,0.00,0.00,0.00,46750.000000,0.00,False,
01016,30000.000000000,0.000000000,10.000000,0.00,0.00,0.00,0.00,300000.000000,0.00,False,
01017,11.000000000,0.000000000,3200.000000,0.00,0.00,0.00,0.00,35200.000000,0.00,False,
01019,2.000000000,0.000000000,5000.000000,0.00,0.00,0.00,0.00,10000.000000,0.00,False,
01020,560.000000000,0.000000000,350.000000,0.00,0.00,0.00,0.00,196000.000000,0.00,False,
01021,7.000000000,0.000000000,380.000000,0.00,0.00,0.00,0.00,2660.000000,0.00,False,
01023,10.000000000,0.000000000,5500.000000,0.00,0.00,0.00,0.00,55000.000000,0.00,False,
01025,8.500000000,0.000000000,4500.000000,0.00,0.00,0.00,0.00,38250.000000,0.00,False,
01027,14.000000000,0.000000000,350.000000,0.00,0.00,0.00,0.00,4900.000000,0.00,False,
01028,3.000000000,0.000000000,1650.000000,0.00,0.00,0.00,0.00,4950.000000,0.00,False,
01031,42.000000000,0.000000000,6500.000000,0.00,0.00,0.00,0.00,273000.000000,0.00,False,
01034,16.000000000,0.000000000,380.000000,0.00,0.00,0.00,0.00,6080.000000,0.00,False,
01036,265.000000000,0.000000000,750.000000,0.00,0.00,0.00,0.00,198750.000000,0.00,False,
01038,65.000000000,0.000000000,650.000000,0.00,0.00,0.00,0.00,42250.000000,0.00,False,
01039,20.000000000,0.000000000,4000.000000,0.00,0.00,0.00,0.00,80000.000000,0.00,False,
01041,32.000000000,0.000000000,620.000000,0.00,0.00,0.00,0.00,19840.000000,0.00,False,
01042,40.000000000,0.000000000,180.000000,0.00,0.00,0.00,0.00,7200.000000,0.00,False,
01044,48.000000000,0.000000000,132.000000,0.00,0.00,0.00,0.00,6336.000000,0.00,False,
01045,120.000000000,0.000000000,680.000000,0.00,0.00,0.00,0.00,81600.000000,0.00,False,
01046,20.000000000,0.000000000,16500.000000,0.00,0.00,0.00,0.00,330000.000000,0.00,False,
01048,16.000000000,0.000000000,1500.000000,0.00,0.00,0.00,0.00,24000.000000,0.00,False,
01050,15.000000000,0.000000000,2900.000000,0.00,0.00,0.00,0.00,43500.000000,0.00,False,
01052,8.000000000,0.000000000,14500.000000,0.00,0.00,0.00,0.00,116000.000000,0.00,False,
01053,0.600000000,0.000000000,15500.000000,0.00,0.00,0.00,0.00,9300.000000,0.00,False,
01054,1.000000000,0.000000000,16000.000000,0.00,0.00,0.00,0.00,16000.000000,0.00,False,
01055,3.000000000,0.000000000,1300.000000,0.00,0.00,0.00,0.00,3900.000000,0.00,False,
01056,6.000000000,0.000000000,16500.000000,0.00,0.00,0.00,0.00,99000.000000,0.00,False,
01057,5.200000000,0.000000000,14000.000000,0.00,0.00,0.00,0.00,72800.000000,0.00,False,
01058,23.000000000,0.000000000,1600.000000,0.00,0.00,0.00,0.00,36800.000000,0.00,False,
01060,25.000000000,0.000000000,950.000000,0.00,0.00,0.00,0.00,23750.000000,0.00,False,
01072,5.000000000,0.000000000,9500.000000,0.00,0.00,0.00,0.00,47500.000000,0.00,False,
01075,1.000000000,0.000000000,5000.000000,0.00,0.00,0.00,0.00,5000.000000,0.00,False,
01080,2.000000000,0.000000000,4500.000000,0.00,0.00,0.00,0.00,9000.000000,0.00,False,
01104,15.000000000,0.000000000,1100.000000,0.00,0.00,0.00,0.00,16500.000000,0.00,False,
01105,9.000000000,0.000000000,290.000000,0.00,0.00,0.00,0.00,2610.000000,0.00,False,
01115,19.000000000,0.000000000,1200.000000,0.00,0.00,0.00,0.00,22800.000000,0.00,False,
01117,2.000000000,0.000000000,420.000000,0.00,0.00,0.00,0.00,840.000000,0.00,False,
01133,25.000000000,0.000000000,1300.000000,0.00,0.00,0.00,0.00,32500.000000,0.00,False,
01143,60.000000000,0.000000000,3200.000000,0.00,0.00,0.00,0.00,192000.000000,0.00,False,
01175,35.000000000,0.000000000,320.000000,0.00,0.00,0.00,0.00,11200.000000,0.00,False,
01184,25.000000000,0.000000000,367.000000,0.00,0.00,0.00,0.00,9175.000000,0.00,False,
01187,24.000000000,0.000000000,200.000000,0.00,0.00,0.00,0.00,4800.000000,0.00,False,
01189,50.000000000,0.000000000,590.000000,0.00,0.00,0.00,0.00,29500.000000,0.00,False,
01195,35.000000000,0.000000000,380.000000,0.00,0.00,0.00,0.00,13300.000000,0.00,False,
01201,60.000000000,0.000000000,600.000000,0.00,0.00,0.00,0.00,36000.000000,0.00,False,
02002,20.000000000,0.000000000,180.000000,0.00,0.00,0.00,0.00,3600.000000,0.00,False,
02003,15.000000000,0.000000000,216.000000,0.00,0.00,0.00,0.00,3240.000000,0.00,False,
02004,220.000000000,0.000000000,208.000000,0.00,0.00,0.00,0.00,45760.000000,0.00,False,
02006,3.000000000,0.000000000,180.000000,0.00,0.00,0.00,0.00,540.000000,0.00,False,
02010,2500.000000000,0.000000000,10.000000,0.00,0.00,0.00,0.00,25000.000000,0.00,False,
02013,136.000000000,0.000000000,390.000000,0.00,0.00,0.00,0.00,53040.000000,0.00,False,
02014,290.000000000,0.000000000,390.000000,0.00,0.00,0.00,0.00,113100.000000,0.00,False,
02015,70.000000000,0.000000000,270.000000,0.00,0.00,0.00,0.00,18900.000000,0.00,False,
02018,5200.000000000,0.000000000,12.000000,0.00,0.00,0.00,0.00,62400.000000,0.00,False,
02019,15000.000000000,0.000000000,11.500000,0.00,0.00,0.00,0.00,172500.000000,0.00,False,
02020,11000.000000000,0.000000000,12.000000,0.00,0.00,0.00,0.00,132000.000000,0.00,False,
02032,700.000000000,0.000000000,155.000000,0.00,0.00,0.00,0.00,108500.000000,0.00,False,
02033,650.000000000,0.000000000,155.000000,0.00,0.00,0.00,0.00,100750.000000,0.00,False,
02034,606.000000000,0.000000000,80.000000,0.00,0.00,0.00,0.00,48480.000000,0.00,False,
02035,850.000000000,0.000000000,30.000000,0.00,0.00,0.00,0.00,25500.000000,0.00,False,
02042,200.000000000,0.000000000,40.000000,0.00,0.00,0.00,0.00,8000.000000,0.00,False,
02051,12500.000000000,0.000000000,30.000000,0.00,0.00,0.00,0.00,375000.000000,0.00,False,
02053,950.000000000,0.000000000,70.000000,0.00,0.00,0.00,0.00,66500.000000,0.00,False,
02059,190.000000000,0.000000000,185.000000,0.00,0.00,0.00,0.00,35150.000000,0.00,False,
02086,1150.000000000,0.000000000,12.500000,0.00,0.00,0.00,0.00,14375.000000,0.00,False,
02097,800.000000000,0.000000000,220.000000,0.00,0.00,0.00,0.00,176000.000000,0.00,False,
02128,51.000000000,0.000000000,1000.000000,0.00,0.00,0.00,0.00,51000.000000,0.00,False,
02172,230.000000000,0.000000000,30.000000,0.00,0.00,0.00,0.00,6900.000000,0.00,False,
02173,100.000000000,0.000000000,145.000000,0.00,0.00,0.00,0.00,14500.000000,0.00,False,
02191,15500.000000000,0.000000000,17.000000,0.00,0.00,0.00,0.00,263500.000000,0.00,False,
02213,450.000000000,0.000000000,155.000000,0.00,0.00,0.00,0.00,69750.000000,0.00,False,
02222,230.000000000,0.000000000,40.000000,0.00,0.00,0.00,0.00,9200.000000,0.00,False,
02224,5500.000000000,0.000000000,11.500000,0.00,0.00,0.00,0.00,63250.000000,0.00,False,
02232,500.000000000,0.000000000,30.000000,0.00,0.00,0.00,0.00,15000.000000,0.00,False,
02258,120.000000000,0.000000000,45.000000,0.00,0.00,0.00,0.00,5400.000000,0.00,False,
02274,600.000000000,0.000000000,80.000000,0.00,0.00,0.00,0.00,48000.000000,0.00,False,
02277,750.000000000,0.000000000,155.000000,0.00,0.00,0.00,0.00,116250.000000,0.00,False,
02278,5300.000000000,0.000000000,12.000000,0.00,0.00,0.00,0.00,63600.000000,0.00,False,
02299,6500.000000000,0.000000000,30.000000,0.00,0.00,0.00,0.00,195000.000000,0.00,False,
02306,190.000000000,0.000000000,210.000000,0.00,0.00,0.00,0.00,39900.000000,0.00,False,
02307,450.000000000,0.000000000,155.000000,0.00,0.00,0.00,0.00,69750.000000,0.00,False,
02312,200.000000000,0.000000000,70.000000,0.00,0.00,0.00,0.00,14000.000000,0.00,False,
02313,6000.000000000,0.000000000,11.500000,0.00,0.00,0.00,0.00,69000.000000,0.00,False,
02315,10800.000000000,0.000000000,30.000000,0.00,0.00,0.00,0.00,324000.000000,0.00,False,
02316,6000.000000000,0.000000000,6.000000,0.00,0.00,0.00,0.00,36000.000000,0.00,False,
02317,35.000000000,0.000000000,160.000000,0.00,0.00,0.00,0.00,5600.000000,0.00,False,
02319,2500.000000000,0.000000000,9.500000,0.00,0.00,0.00,0.00,23750.000000,0.00,False,
02320,8000.000000000,0.000000000,10.000000,0.00,0.00,0.00,0.00,80000.000000,0.00,False,
02321,29000.000000000,0.000000000,20.000000,0.00,0.00,0.00,0.00,580000.000000,0.00,False,
02324,60.000000000,0.000000000,170.000000,0.00,0.00,0.00,0.00,10200.000000,0.00,False,
02341,600.000000000,0.000000000,30.000000,0.00,0.00,0.00,0.00,18000.000000,0.00,False,
02359,800.000000000,0.000000000,30.000000,0.00,0.00,0.00,0.00,24000.000000,0.00,False,
02361,1050.000000000,0.000000000,30.000000,0.00,0.00,0.00,0.00,31500.000000,0.00,False,
02398,300.000000000,0.000000000,20.000000,0.00,0.00,0.00,0.00,6000.000000,0.00,False,
02399,300.000000000,0.000000000,20.000000,0.00,0.00,0.00,0.00,6000.000000,0.00,False,
02420,10.000000000,0.000000000,150.000000,0.00,0.00,0.00,0.00,1500.000000,0.00,False,
02433,4224.000000000,0.000000000,150.000000,0.00,0.00,0.00,0.00,633600.000000,0.00,False,
