PackingID,PackingDate,Remarks,ProductID,Quantity,BatchNo,ExpiryDate,Cost,TTLValue,Expense,UserNo,IsPosted
1,05/02/2026 00:00:00,,00278,40,0001,07/23/2028 00:00:00,1295.250000,51810.000000,0.00,1,False
2,05/02/2026 00:00:00,,00244,1100,0001,07/23/2028 00:00:00,26.402182,29042.400000,0.00,1,False
3,05/03/2026 00:00:00,,00364,24,0001,07/23/2028 00:00:00,1170.650000,28095.600000,0.00,1,False
4,05/03/2026 00:00:00,,00358,12,0001,07/23/2028 00:00:00,1377.816667,16533.800000,0.00,1,False
5,05/03/2026 00:00:00,,00367,20,0001,07/23/2028 00:00:00,907.900000,18158.000000,0.00,1,False
6,05/03/2026 00:00:00,,00362,12,0001,07/23/2028 00:00:00,854.150000,10249.800000,0.00,1,False
7,05/03/2026 00:00:00,,00360,12,0001,07/23/2028 00:00:00,902.066667,10824.800000,0.00,1,False
8,05/03/2026 00:00:00,,00365,10,0001,07/23/2028 00:00:00,3827.250000,38272.500000,0.00,1,False
9,05/03/2026 00:00:00,,00366,10,0001,07/23/2028 00:00:00,606.538500,6065.385000,0.00,1,False
10,05/03/2026 00:00:00,,00050,12,0001,07/23/2028 00:00:00,412.845957,4954.151480,0.00,1,False
11,05/03/2026 00:00:00,,00022,4,0001,07/23/2028 00:00:00,541.538500,2166.154000,0.00,1,False
12,05/03/2026 00:00:00,,00231,150,0001,07/23/2028 00:00:00,458.333250,68749.987500,0.00,1,False
13,05/03/2026 00:00:00,,00016,36,0001,07/23/2028 00:00:00,515.250000,18549.000000,0.00,1,False
14,05/04/2026 00:00:00,,00220,10,0001,07/23/2028 00:00:00,619.327750,6193.277500,0.00,1,False
15,05/05/2026 00:00:00,,00274,52,0001,07/23/2028 00:00:00,2943.669223,153070.799600,0.00,1,False
16,05/05/2026 00:00:00,,00137,20,0001,07/23/2028 00:00:00,3746.250000,74925.000000,0.00,1,False
17,05/05/2026 00:00:00,,00368,12,0001,07/23/2028 00:00:00,508.555957,6102.671480,0.00,1,False
18,05/05/2026 00:00:00,,00055,12,0001,07/23/2028 00:00:00,515.385957,6184.631480,0.00,1,False
19,05/05/2026 00:00:00,,00063,12,0001,07/23/2028 00:00:00,379.785957,4557.431480,0.00,1,False
20,05/05/2026 00:00:00,,00119,4,0001,07/23/2028 00:00:00,1123.300000,4493.200000,0.00,1,False
21,05/05/2026 00:00:00,,00054,12,0001,07/23/2028 00:00:00,396.115957,4753.391480,0.00,1,False
22,05/05/2026 00:00:00,,00046,8,0001,07/23/2028 00:00:00,1134.175000,9073.400000,0.00,1,False
23,05/05/2026 00:00:00,,00261,8,0001,07/23/2028 00:00:00,1114.900000,8919.200000,0.00,1,False
24,05/05/2026 00:00:00,,00231,50,0001,07/23/2028 00:00:00,330.000000,16500.000000,0.00,1,False
25,05/05/2026 00:00:00,,00052,8,0001,07/23/2028 00:00:00,1053.250000,8426.000000,0.00,1,False
26,05/05/2026 00:00:00,,00078,200,0001,07/23/2028 00:00:00,441.436000,88287.200000,0.00,1,False
27,05/05/2026 00:00:00,,00026,1000,0001,07/23/2028 00:00:00,50.030500,50030.500000,0.00,1,False
28,05/06/2026 00:00:00,,00052,28,0001,07/24/2028 00:00:00,867.200886,24281.624800,0.00,1,False
29,05/06/2026 00:00:00,,00147,10,0001,07/24/2028 00:00:00,4563.500000,45635.000000,0.00,1,False
30,05/06/2026 00:00:00,,00228,24,0001,07/24/2028 00:00:00,2111.000083,50664.002000,0.00,1,False
31,05/07/2026 00:00:00,,00177,48,0001,07/29/2028 00:00:00,2318.816683,111303.200800,0.00,1,False
32,05/07/2026 00:00:00,,00135,40,0001,07/29/2028 00:00:00,2138.875000,85555.000000,0.00,1,False
33,05/07/2026 00:00:00,,00356,48,0001,07/29/2028 00:00:00,319.155957,15319.485920,0.00,1,False
34,05/09/2026 00:00:00,,00138,104,0001,07/29/2028 00:00:00,1009.173081,104954.000400,0.00,1,False
35,05/09/2026 00:00:00,,00307,44,0001,07/29/2028 00:00:00,3585.936268,157781.195800,0.00,1,False
36,05/09/2026 00:00:00,,00364,28,0001,07/29/2028 00:00:00,1175.748071,32920.946000,0.00,1,False
37,05/09/2026 00:00:00,,00016,5,0001,07/29/2028 00:00:00,583.598250,2917.991250,0.00,1,False
38,05/10/2026 00:00:00,,00184,190,0001,07/29/2028 00:00:00,291.672362,55417.748700,0.00,1,False
39,05/10/2026 00:00:00,,00205,120,0001,07/29/2028 00:00:00,541.933440,65032.012800,0.00,1,False
40,05/10/2026 00:00:00,,00040,10,0001,07/29/2028 00:00:00,627.780500,6277.805000,0.00,1,False
41,05/12/2026 00:00:00,,00194,48,0001,08/02/2028 00:00:00,714.100000,34276.800000,0.00,1,False
42,05/13/2026 00:00:00,,00016,200,0001,08/02/2028 00:00:00,596.452000,119290.400000,0.00,1,False
43,05/13/2026 00:00:00,,00231,100,0001,08/02/2028 00:00:00,522.000000,52200.000000,0.00,1,False
44,05/13/2026 00:00:00,,00212,49,0001,08/02/2028 00:00:00,1462.340750,71654.696750,0.00,1,False
45,05/13/2026 00:00:00,,00220,50,0001,08/02/2028 00:00:00,618.365250,30918.262500,0.00,1,False
46,05/13/2026 00:00:00,,00369,1344,0001,08/02/2028 00:00:00,302.679629,406801.421180,0.00,1,False
47,05/13/2026 00:00:00,,00032,180,0001,08/02/2028 00:00:00,256.244986,46124.097400,0.00,1,False
48,05/13/2026 00:00:00,,00010,2000,0001,08/02/2028 00:00:00,27.307872,54615.744270,0.00,1,False
49,05/13/2026 00:00:00,,00259,2400,0001,08/02/2028 00:00:00,24.248719,58196.926400,0.00,1,False
50,05/13/2026 00:00:00,,00030,750,0001,08/02/2028 00:00:00,33.403943,25052.957500,0.00,1,False
51,05/13/2026 00:00:00,,00257,1000,0001,08/02/2028 00:00:00,28.784592,28784.592070,0.00,1,False
52,05/13/2026 00:00:00,,00008,1077,0001,08/02/2028 00:00:00,34.207993,36842.008480,0.00,1,False
53,05/13/2026 00:00:00,,00233,2000,0001,08/02/2028 00:00:00,25.359835,50719.670400,0.00,1,False
54,05/13/2026 00:00:00,,00013,381,0001,08/02/2028 00:00:00,26.187348,9977.379700,0.00,1,False
55,05/13/2026 00:00:00,,00276,40,0001,08/02/2028 00:00:00,933.771850,37350.874000,0.00,1,False
56,05/13/2026 00:00:00,,00278,20,0001,08/02/2028 00:00:00,1409.976100,28199.522000,0.00,1,False
57,05/13/2026 00:00:00,,00281,32,0001,08/02/2028 00:00:00,1081.233761,34599.480360,0.00,1,False
58,05/13/2026 00:00:00,,00280,32,0001,08/02/2028 00:00:00,1845.289560,59049.265920,0.00,1,False
59,05/13/2026 00:00:00,,00274,100,0001,08/02/2028 00:00:00,2626.855210,262685.521000,0.00,1,False
60,05/13/2026 00:00:00,,00022,10,0001,08/02/2028 00:00:00,491.526500,4915.265000,0.00,1,False
61,05/14/2026 00:00:00,,00051,24,0001,08/03/2028 00:00:00,1138.751577,27330.037840,0.00,1,False
62,05/14/2026 00:00:00,,00226,24,0001,08/03/2028 00:00:00,608.100617,14594.414800,0.00,1,False
63,05/14/2026 00:00:00,,00260,16,0001,08/03/2028 00:00:00,894.023363,14304.373800,0.00,1,False
64,05/14/2026 00:00:00,,00330,32,0001,08/03/2028 00:00:00,993.034410,31777.101120,0.00,1,False
65,05/14/2026 00:00:00,,00220,40,0001,08/03/2028 00:00:00,616.536500,24661.460000,0.00,1,False
66,05/14/2026 00:00:00,,00022,20,0001,08/03/2028 00:00:00,491.526500,9830.530000,0.00,1,False
67,05/14/2026 00:00:00,,00028,100,0001,08/03/2028 00:00:00,1651.016250,165101.625000,0.00,1,False
68,05/14/2026 00:00:00,,00318,240,0001,08/03/2028 00:00:00,266.703650,64008.876000,0.00,1,False
69,05/14/2026 00:00:00,,00265,960,0001,08/03/2028 00:00:00,59.162662,56796.155400,0.00,1,False
70,05/14/2026 00:00:00,,00008,400,0001,08/03/2028 00:00:00,34.795693,13918.277180,0.00,1,False
71,05/16/2026 00:00:00,,00292,80,0001,08/03/2028 00:00:00,1029.421611,82353.728880,0.00,1,False
72,05/16/2026 00:00:00,,00370,120,0001,08/03/2028 00:00:00,164.042680,19685.121600,0.00,1,False
73,05/16/2026 00:00:00,,00086,240,0001,08/04/2028 00:00:00,428.254140,102780.993600,0.00,1,False
74,05/16/2026 00:00:00,,00369,672,0001,08/04/2028 00:00:00,206.001315,138432.884000,0.00,1,False
75,05/16/2026 00:00:00,,00233,200,0001,08/04/2028 00:00:00,24.301500,4860.299940,0.00,1,False
76,05/16/2026 00:00:00,,00050,24,0001,08/04/2028 00:00:00,396.735730,9521.657520,0.00,1,False
77,05/16/2026 00:00:00,,00259,1440,0001,08/04/2028 00:00:00,23.958488,34500.222940,0.00,1,False
78,05/16/2026 00:00:00,,00020,100,0001,08/04/2028 00:00:00,54.261060,5426.106000,0.00,1,False
79,05/16/2026 00:00:00,,00016,50,0001,08/04/2028 00:00:00,534.513750,26725.687500,0.00,1,False
80,05/16/2026 00:00:00,,00258,10,0001,08/04/2028 00:00:00,416.841500,4168.415000,0.00,1,False
81,05/16/2026 00:00:00,,00030,250,0001,08/04/2028 00:00:00,31.369994,7842.498500,0.00,1,False
82,05/16/2026 00:00:00,,00010,200,0001,08/04/2028 00:00:00,28.107877,5621.575440,0.00,1,False
83,05/16/2026 00:00:00,,00032,60,0001,08/04/2028 00:00:00,136.413245,8184.794700,0.00,1,False
84,05/18/2026 00:00:00,,00220,10,0001,08/04/2028 00:00:00,544.741250,5447.412500,0.00,1,False
85,05/18/2026 00:00:00,,00243,20,0001,08/04/2028 00:00:00,519.013750,10380.275000,0.00,1,False
86,05/19/2026 00:00:00,,00259,1144,0001,08/06/2028 00:00:00,24.363520,27871.866420,0.00,1,False
87,05/19/2026 00:00:00,,00315,100,0001,08/06/2028 00:00:00,734.024000,73402.400000,0.00,1,False
88,05/19/2026 00:00:00,,00138,80,0001,08/06/2028 00:00:00,821.244241,65699.539300,0.00,1,False
89,05/19/2026 00:00:00,,00189,56,0001,08/06/2028 00:00:00,1183.558607,66279.282000,0.00,1,False
90,05/19/2026 00:00:00,,00208,360,0001,08/06/2028 00:00:00,275.234690,99084.488400,0.00,1,False
91,05/19/2026 00:00:00,,00285,150,0001,08/06/2028 00:00:00,247.232997,37084.949500,0.00,1,False
92,05/19/2026 00:00:00,,00273,20,0001,08/06/2028 00:00:00,1021.526500,20430.530000,0.00,1,False
93,05/19/2026 00:00:00,,00371,20,0001,08/06/2028 00:00:00,1928.841050,38576.821000,0.00,1,False
94,05/19/2026 00:00:00,,00231,2,0001,08/06/2028 00:00:00,505.000000,1010.000000,0.00,1,False
95,05/19/2026 00:00:00,,00040,2,0001,08/06/2028 00:00:00,744.026500,1488.053000,0.00,1,False
96,05/19/2026 00:00:00,,00177,92,0001,08/06/2028 00:00:00,814.285560,74914.271500,0.00,1,False
97,05/19/2026 00:00:00,,00136,44,0001,08/06/2028 00:00:00,840.594923,36986.176600,0.00,1,False
98,05/19/2026 00:00:00,,00144,84,0001,08/06/2028 00:00:00,977.627688,82120.725800,0.00,1,False
99,05/19/2026 00:00:00,,00129,44,0001,08/06/2028 00:00:00,1051.943750,46285.525000,0.00,1,False
100,05/19/2026 00:00:00,,00135,128,0001,08/06/2028 00:00:00,2080.888560,266353.735700,0.00,1,False
101,05/19/2026 00:00:00,,00130,4,0001,08/06/2028 00:00:00,1168.051100,4672.204400,0.00,1,False
102,05/20/2026 00:00:00,,00130,116,0001,08/12/2028 00:00:00,1303.754014,151235.465600,0.00,1,False
103,05/20/2026 00:00:00,,00132,59,0001,08/12/2028 00:00:00,901.515043,53189.387550,0.00,1,False
104,05/20/2026 00:00:00,,00145,164,0001,08/12/2028 00:00:00,1156.148392,189608.336350,0.00,1,False
105,05/20/2026 00:00:00,,00133,60,0001,08/12/2028 00:00:00,1869.744996,112184.699750,0.00,1,False
106,05/20/2026 00:00:00,,00349,80,0001,08/12/2028 00:00:00,1094.714563,87577.165000,0.00,1,False
107,05/20/2026 00:00:00,,00131,160,0001,08/12/2028 00:00:00,1079.049969,172647.995000,0.00,1,False
108,05/20/2026 00:00:00,,00260,92,0001,08/12/2028 00:00:00,786.919499,72396.593950,0.00,1,False
109,05/20/2026 00:00:00,,00314,40,0001,08/12/2028 00:00:00,1224.577763,48983.110500,0.00,1,False
110,05/21/2026 00:00:00,,00170,16,0001,08/12/2028 00:00:00,885.656968,14170.511480,0.00,1,False
111,05/21/2026 00:00:00,,00266,12,0001,08/12/2028 00:00:00,807.093118,9685.117410,0.00,1,False
112,05/21/2026 00:00:00,,00049,12,0001,08/12/2028 00:00:00,1356.787668,16281.452010,0.00,1,False
113,05/21/2026 00:00:00,,00180,32,0001,08/12/2028 00:00:00,983.680768,31477.784560,0.00,1,False
114,05/21/2026 00:00:00,,00295,36,0001,08/12/2028 00:00:00,1054.167779,37950.040030,0.00,1,False
115,05/21/2026 00:00:00,,00047,100,0001,08/12/2028 00:00:00,2254.564368,225456.436750,0.00,1,False
116,05/21/2026 00:00:00,,00296,11,0001,08/12/2028 00:00:00,644.253773,7086.791500,0.00,1,False
117,05/23/2026 00:00:00,,00019,200,0001,08/12/2028 00:00:00,373.250000,74650.000000,0.00,1,False
118,05/23/2026 00:00:00,,00156,200,0001,08/12/2028 00:00:00,290.375000,58075.000000,0.00,1,False
119,05/23/2026 00:00:00,,00231,70,0001,08/12/2028 00:00:00,517.142750,36199.992500,0.00,1,False
120,05/23/2026 00:00:00,,00125,22,0001,08/30/2028 00:00:00,652.667000,14358.674000,0.00,1,False
121,05/23/2026 00:00:00,,00258,5,0001,08/12/2028 00:00:00,508.167000,2540.835000,0.00,1,False
122,05/23/2026 00:00:00,,00228,24,0001,08/12/2028 00:00:00,2466.787000,59202.888000,0.00,1,False
123,05/24/2026 00:00:00,,00184,156,0001,08/12/2028 00:00:00,316.044656,49302.966280,0.00,1,False
124,05/24/2026 00:00:00,,00053,200,0001,08/12/2028 00:00:00,748.737787,149747.557480,0.00,1,False
125,05/24/2026 00:00:00,,00129,6,0001,08/12/2028 00:00:00,1062.950470,6377.702820,0.00,1,False
126,05/24/2026 00:00:00,,00307,44,0001,08/12/2028 00:00:00,3331.858246,146601.762840,0.00,1,False
127,05/24/2026 00:00:00,,00147,130,0001,08/12/2028 00:00:00,2903.970500,377516.165000,0.00,1,False
128,05/24/2026 00:00:00,,00344,54,0001,08/12/2028 00:00:00,3053.339000,164880.306000,0.00,1,False
129,05/24/2026 00:00:00,,00139,10,0001,08/12/2028 00:00:00,659.526500,6595.265000,0.00,1,False
130,05/25/2026 00:00:00,,00281,52,0001,08/12/2028 00:00:00,1034.187083,53777.728340,0.00,1,False
131,05/25/2026 00:00:00,,00276,52,0001,08/12/2028 00:00:00,811.622433,42204.366540,0.00,1,False
132,05/25/2026 00:00:00,,00372,20,0001,08/12/2028 00:00:00,646.134338,12922.686750,0.00,1,False
133,05/25/2026 00:00:00,,00373,5,0001,08/12/2028 00:00:00,4341.959000,21709.795000,0.00,1,False
134,05/30/2026 00:00:00,,00285,150,0001,08/17/2028 00:00:00,255.497953,38324.693000,0.00,1,False
135,05/30/2026 00:00:00,,00286,60,0001,08/17/2028 00:00:00,625.635254,37538.115250,0.00,1,False
136,06/02/2026 00:00:00,,00233,200,0001,08/23/2028 00:00:00,24.887542,4977.508340,0.00,1,False
137,06/02/2026 00:00:00,,00032,60,0001,08/23/2028 00:00:00,142.130757,8527.845400,0.00,1,False
138,06/02/2026 00:00:00,,00022,100,0001,08/23/2028 00:00:00,492.084500,49208.450000,0.00,1,False
139,06/03/2026 00:00:00,,00019,50,0001,08/23/2028 00:00:00,379.000000,18950.000000,0.00,1,False
140,06/03/2026 00:00:00,,00040,2,0001,08/23/2028 00:00:00,772.975000,1545.950000,0.00,1,False
141,06/04/2026 00:00:00,,00376,24,0001,08/23/2028 00:00:00,1148.121581,27554.917940,0.00,1,False
142,06/04/2026 00:00:00,,00197,20,0001,08/23/2028 00:00:00,1199.998097,23999.961940,0.00,1,False
143,06/04/2026 00:00:00,,00291,28,0001,08/23/2028 00:00:00,1128.883562,31608.739730,0.00,1,False
144,06/04/2026 00:00:00,,00228,20,0001,08/23/2028 00:00:00,1840.967500,36819.350000,0.00,1,False
145,06/04/2026 00:00:00,,00296,25,0001,08/23/2028 00:00:00,666.694000,16667.350000,0.00,1,False
146,06/05/2026 00:00:00,,00156,400,0001,08/23/2028 00:00:00,390.375000,156150.000000,0.00,1,False
147,06/06/2026 00:00:00,,00231,100,0001,08/24/2028 00:00:00,513.500000,51350.000000,0.00,1,False
148,06/06/2026 00:00:00,,00220,150,0001,08/24/2028 00:00:00,848.354043,127253.106400,0.00,1,False
149,06/07/2026 00:00:00,,00285,225,0001,09/04/2028 00:00:00,242.726033,54613.357500,0.00,1,False
150,06/07/2026 00:00:00,,00274,52,0001,09/04/2028 00:00:00,2291.206016,119142.712850,0.00,1,False
151,06/07/2026 00:00:00,,00280,48,0001,09/04/2028 00:00:00,2041.849714,98008.786280,0.00,1,False
152,06/07/2026 00:00:00,,00281,44,0001,09/04/2028 00:00:00,1114.826229,49052.354090,0.00,1,False
153,06/07/2026 00:00:00,,00278,20,0001,09/04/2028 00:00:00,1477.884098,29557.681950,0.00,1,False
154,06/07/2026 00:00:00,,00289,10,0001,09/04/2028 00:00:00,2330.412500,23304.125000,0.00,1,False
155,06/07/2026 00:00:00,,00373,10,0001,09/04/2028 00:00:00,4477.136500,44771.365000,0.00,1,False
156,06/07/2026 00:00:00,,00352,20,0001,09/04/2028 00:00:00,3827.356750,76547.135000,0.00,1,False
157,06/07/2026 00:00:00,,00016,34,0001,09/04/2028 00:00:00,593.646250,20183.972500,0.00,1,False
158,06/07/2026 00:00:00,,00125,19,0001,09/04/2028 00:00:00,721.445250,13707.459750,0.00,1,False
159,06/07/2026 00:00:00,,00040,10,001,09/04/2028 00:00:00,873.932500,8739.325000,0.00,1,False
160,06/07/2026 00:00:00,,00231,100,0001,09/04/2028 00:00:00,505.000000,50500.000000,0.00,1,False
161,06/08/2026 00:00:00,,00231,15,0001,09/06/2028 00:00:00,505.000000,7575.000000,0.00,1,False
162,06/08/2026 00:00:00,,00135,20,0001,09/06/2028 00:00:00,1875.015278,37500.305550,0.00,1,False
163,06/08/2026 00:00:00,,00051,40,0001,09/06/2028 00:00:00,1393.862367,55754.494680,0.00,1,False
164,06/08/2026 00:00:00,,00211,48,0001,09/06/2028 00:00:00,996.037365,47809.793510,0.00,1,False
165,06/08/2026 00:00:00,,00339,48,0001,09/06/2028 00:00:00,1481.954677,71133.824480,0.00,1,False
166,06/08/2026 00:00:00,,00340,60,0001,09/06/2028 00:00:00,1085.873309,65152.398530,0.00,1,False
167,06/08/2026 00:00:00,,00049,44,0001,09/06/2028 00:00:00,739.295582,32529.005600,0.00,1,False
168,06/08/2026 00:00:00,,00052,148,0001,09/06/2028 00:00:00,1050.595685,155488.161400,0.00,1,False
169,06/09/2026 00:00:00,,00047,120,0001,09/06/2028 00:00:00,2305.224777,276626.973280,0.00,1,False
170,06/09/2026 00:00:00,,00010,700,0001,09/06/2028 00:00:00,29.484141,20638.898750,0.00,1,False
171,06/09/2026 00:00:00,,00032,60,0001,09/06/2028 00:00:00,280.108387,16806.503200,0.00,1,False
172,06/09/2026 00:00:00,,00233,400,0001,09/06/2028 00:00:00,26.579331,10631.732300,0.00,1,False
173,06/09/2026 00:00:00,,00248,25,0001,09/06/2028 00:00:00,47.000000,1175.000000,0.00,1,False
174,06/10/2026 00:00:00,,00201,200,0001,09/06/2028 00:00:00,39.218724,7843.744800,0.00,1,False
175,06/10/2026 00:00:00,,00022,30,0001,09/06/2028 00:00:00,485.475000,14564.250000,0.00,1,False
176,06/10/2026 00:00:00,,00024,48,0001,09/06/2028 00:00:00,410.291303,19693.982560,0.00,1,False
177,06/10/2026 00:00:00,,00052,12,0001,09/06/2028 00:00:00,1077.834398,12934.012770,0.00,1,False
178,06/10/2026 00:00:00,,00054,24,0001,09/06/2028 00:00:00,409.951090,9838.826160,0.00,1,False
179,06/10/2026 00:00:00,,00151,60,0001,09/06/2028 00:00:00,431.765767,25905.946000,0.00,1,False
180,06/10/2026 00:00:00,,00038,5,0001,09/06/2028 00:00:00,504.380000,2521.900000,0.00,1,False
181,06/10/2026 00:00:00,,00064,60,0001,09/06/2028 00:00:00,364.922757,21895.365400,0.00,1,False
182,06/10/2026 00:00:00,,00091,8,0001,09/06/2028 00:00:00,917.219550,7337.756400,0.00,1,False
183,06/10/2026 00:00:00,,00187,12,0001,09/06/2028 00:00:00,1719.018113,20628.217360,0.00,1,False
184,06/10/2026 00:00:00,,00030,1200,0001,09/06/2028 00:00:00,30.652165,36782.597900,0.00,1,False
185,06/10/2026 00:00:00,,00220,10,0001,09/06/2028 00:00:00,682.502040,6825.020400,0.00,1,False
186,06/10/2026 00:00:00,,00016,10,0001,09/06/2028 00:00:00,588.571500,5885.715000,0.00,1,False
187,06/10/2026 00:00:00,,00212,10,0001,09/06/2028 00:00:00,1679.981000,16799.810000,0.00,1,False
188,06/10/2026 00:00:00,,00121,75,0001,09/06/2028 00:00:00,260.070482,19505.286160,0.00,1,False
189,06/11/2026 00:00:00,,00197,100,0001,09/06/2028 00:00:00,1256.723202,125672.320170,0.00,1,False
190,06/11/2026 00:00:00,,00170,16,0001,09/06/2028 00:00:00,697.720747,11163.531950,0.00,1,False
191,06/11/2026 00:00:00,,00051,8,0001,09/07/2028 00:00:00,1369.577128,10956.617020,0.00,1,False
192,06/11/2026 00:00:00,,00231,20,0001,09/07/2028 00:00:00,465.000000,9300.000000,0.00,1,False
193,06/11/2026 00:00:00,,00022,10,0001,09/07/2028 00:00:00,485.475000,4854.750000,0.00,1,False
194,06/11/2026 00:00:00,,00220,5,0001,09/07/2028 00:00:00,705.635290,3528.176450,0.00,1,False
195,06/11/2026 00:00:00,,00357,10,000,09/07/2028 00:00:00,621.086560,6210.865600,0.00,1,False
196,06/12/2026 00:00:00,,00318,240,0001,09/07/2028 00:00:00,285.890480,68613.715200,0.00,1,False
197,06/12/2026 00:00:00,,00319,240,0001,09/07/2028 00:00:00,471.030590,113047.341600,0.00,1,False
198,06/12/2026 00:00:00,,00317,240,0001,09/07/2028 00:00:00,335.458170,80509.960800,0.00,1,False
199,06/13/2026 00:00:00,,00357,2,0001,09/07/2028 00:00:00,621.086560,1242.173120,0.00,1,False
200,06/13/2026 00:00:00,,00212,1,0001,09/07/2028 00:00:00,1727.644000,1727.644000,0.00,1,False
201,06/13/2026 00:00:00,,00377,40,0001,09/07/2028 00:00:00,2141.712750,85668.510000,0.00,1,False
202,06/13/2026 00:00:00,,00040,1,0001,09/07/2028 00:00:00,1374.952500,1374.952500,0.00,1,False
203,06/13/2026 00:00:00,,00016,91,0001,09/07/2028 00:00:00,421.890000,38391.990000,0.00,1,False
204,06/13/2026 00:00:00,,00032,120,0001,09/08/2028 00:00:00,248.838047,29860.565600,0.00,1,False
205,06/13/2026 00:00:00,,00049,40,0001,09/08/2028 00:00:00,717.069078,28682.763100,0.00,1,False
206,06/14/2026 00:00:00,,00274,60,0001,09/09/2028 00:00:00,1935.358785,116121.527070,0.00,1,False
207,06/14/2026 00:00:00,,00371,20,001,09/09/2028 00:00:00,1051.420163,21028.403260,0.00,1,False
208,06/14/2026 00:00:00,,00372,20,0001,09/09/2028 00:00:00,757.861499,15157.229970,0.00,1,False
209,06/14/2026 00:00:00,,00285,150,0001,09/09/2028 00:00:00,244.620903,36693.135500,0.00,1,False
210,06/14/2026 00:00:00,,00375,3,0001,09/09/2028 00:00:00,718.808333,2156.425000,0.00,1,False
211,06/14/2026 00:00:00,,00231,30,0001,09/09/2028 00:00:00,433.000000,12990.000000,0.00,1,False
212,06/14/2026 00:00:00,,00074,2,0001,09/09/2028 00:00:00,924.380000,1848.760000,0.00,1,False
213,06/14/2026 00:00:00,,00052,8,0001,09/09/2028 00:00:00,1204.579866,9636.638930,0.00,1,False
214,06/14/2026 00:00:00,,00051,12,0001,09/09/2028 00:00:00,1364.271246,16371.254950,0.00,1,False
215,06/14/2026 00:00:00,,00266,4,0001,09/09/2028 00:00:00,1012.659460,4050.637840,0.00,1,False
216,06/14/2026 00:00:00,,00163,8,0001,09/09/2028 00:00:00,1702.196444,13617.571550,0.00,1,False
217,06/14/2026 00:00:00,,00072,4,0001,09/09/2028 00:00:00,802.935355,3211.741420,0.00,1,False
218,06/14/2026 00:00:00,,00209,2,0001,09/09/2028 00:00:00,905.475000,1810.950000,0.00,1,False
219,06/14/2026 00:00:00,,00076,2,0001,09/09/2028 00:00:00,1376.081250,2752.162500,0.00,1,False
220,06/14/2026 00:00:00,,00273,20,0001,09/09/2028 00:00:00,1134.020500,22680.410000,0.00,1,False
221,06/15/2026 00:00:00,,00357,3,0001,09/09/2028 00:00:00,753.791283,2261.373850,0.00,1,False
222,06/16/2026 00:00:00,,00026,1860,0001,09/09/2028 00:00:00,61.606150,114587.439000,0.00,1,False
223,06/16/2026 00:00:00,,00028,100,0001,09/09/2028 00:00:00,1540.153750,154015.375000,0.00,1,False
224,06/16/2026 00:00:00,,00220,10,0001,09/09/2028 00:00:00,731.906300,7319.063000,0.00,1,False
225,06/16/2026 00:00:00,,00040,1,0001,09/09/2028 00:00:00,1209.715000,1209.715000,0.00,1,False
226,06/16/2026 00:00:00,,00022,1,0001,09/09/2028 00:00:00,485.475000,485.475000,0.00,1,False
227,06/16/2026 00:00:00,,00008,800,0001,09/09/2028 00:00:00,31.403310,25122.647700,0.00,1,False
228,06/17/2026 00:00:00,,00309,20,0001,09/09/2028 00:00:00,1614.259649,32285.192970,0.00,1,False
229,06/17/2026 00:00:00,,00206,120,0001,09/09/2028 00:00:00,421.642817,50597.138000,0.00,1,False
230,06/17/2026 00:00:00,,00378,60,0001,09/09/2028 00:00:00,374.462697,22467.761800,0.00,1,False
231,06/17/2026 00:00:00,,00226,120,0001,09/09/2028 00:00:00,512.017547,61442.105600,0.00,1,False
232,06/17/2026 00:00:00,,00292,200,0001,09/09/2028 00:00:00,1060.034193,212006.838600,0.00,1,False
233,06/17/2026 00:00:00,,00019,50,0001,09/09/2028 00:00:00,379.000000,18950.000000,0.00,1,False
234,06/17/2026 00:00:00,,00035,17,0001,09/09/2028 00:00:00,5729.014750,97393.250750,0.00,1,False
235,06/17/2026 00:00:00,,00220,5,0001,09/09/2028 00:00:00,577.666520,2888.332600,0.00,1,False
236,06/17/2026 00:00:00,,00199,2,0001,09/09/2028 00:00:00,1384.715000,2769.430000,0.00,1,False
237,06/17/2026 00:00:00,,00022,15,0001,09/09/2028 00:00:00,507.506750,7612.601250,0.00,1,False
238,06/17/2026 00:00:00,,00212,2,0001,09/09/2028 00:00:00,1721.424500,3442.849000,0.00,1,False
239,06/18/2026 00:00:00,,00344,22,0001,09/09/2028 00:00:00,3918.533680,86207.740960,0.00,1,False
240,06/18/2026 00:00:00,,00197,100,0001,09/09/2028 00:00:00,1273.377843,127337.784300,0.00,1,False
241,06/18/2026 00:00:00,,00051,68,0001,09/09/2028 00:00:00,1355.144045,92149.795070,0.00,1,False
242,06/20/2026 00:00:00,,00032,60,0001,09/09/2028 00:00:00,292.335877,17540.152600,0.00,1,False
243,06/20/2026 00:00:00,,00016,30,0001,09/09/2028 00:00:00,590.093500,17702.805000,0.00,1,False
244,06/20/2026 00:00:00,,00199,70,0001,09/09/2028 00:00:00,982.169643,68751.875000,0.00,1,False
245,06/21/2026 00:00:00,,00030,1500,0001,09/10/2028 00:00:00,31.122251,46683.376150,0.00,1,False
246,06/21/2026 00:00:00,,00380,60,0001,09/10/2028 00:00:00,2362.308273,141738.496360,0.00,1,False
247,06/21/2026 00:00:00,,00264,200,0001,09/10/2028 00:00:00,445.000000,89000.000000,0.00,1,False
248,06/21/2026 00:00:00,,00180,5,0001,09/10/2028 00:00:00,1376.953342,6884.766710,0.00,1,False
249,06/22/2026 00:00:00,,00047,200,0001,09/10/2028 00:00:00,1594.723994,318944.798850,0.00,1,False
250,06/22/2026 00:00:00,,00137,20,0001,09/10/2028 00:00:00,4329.726680,86594.533600,0.00,1,False
251,06/22/2026 00:00:00,,00048,255,0001,09/10/2028 00:00:00,275.063118,70141.095000,0.00,1,False
252,06/22/2026 00:00:00,,00180,44,0001,09/10/2028 00:00:00,1376.985787,60587.374630,0.00,1,False
253,06/23/2026 00:00:00,,00073,1296,0001,09/10/2028 00:00:00,463.886553,601196.972480,0.00,1,False
254,06/23/2026 00:00:00,,00366,15,0001,09/10/2028 00:00:00,585.914417,8788.716250,0.00,1,False
255,06/23/2026 00:00:00,,00266,40,0001,09/10/2028 00:00:00,812.109483,32484.379300,0.00,1,False
256,06/23/2026 00:00:00,,00038,10,0001,09/10/2028 00:00:00,791.071250,7910.712500,0.00,1,False
257,06/23/2026 00:00:00,,00199,7,0001,09/10/2028 00:00:00,965.883500,6761.184500,0.00,1,False
258,06/24/2026 00:00:00,,00086,480,0001,09/16/2028 00:00:00,413.642072,198548.194720,0.00,1,False
259,06/24/2026 00:00:00,,00038,100,0001,09/16/2028 00:00:00,515.230000,51523.000000,0.00,1,False
260,06/24/2026 00:00:00,,00046,60,0001,09/16/2028 00:00:00,865.612154,51936.729250,0.00,1,False
261,06/24/2026 00:00:00,,00220,5,0001,09/16/2028 00:00:00,462.369270,2311.846350,0.00,1,False
262,06/24/2026 00:00:00,,00147,3,0001,09/16/2028 00:00:00,1755.028180,5265.084540,0.00,1,False
263,06/27/2026 00:00:00,,00357,28,0001,09/16/2028 00:00:00,709.429200,19864.017600,0.00,1,False
264,06/27/2026 00:00:00,,00040,1,0001,09/16/2028 00:00:00,1431.480500,1431.480500,0.00,1,False
265,06/27/2026 00:00:00,,00233,200,0001,09/16/2028 00:00:00,32.760455,6552.091000,0.00,1,False
266,06/27/2026 00:00:00,,00212,1,0001,09/16/2028 00:00:00,1768.924500,1768.924500,0.00,1,False
267,06/27/2026 00:00:00,,00259,225,0001,09/16/2028 00:00:00,25.630392,5766.838230,0.00,1,False
268,06/27/2026 00:00:00,,00201,100,0001,09/16/2028 00:00:00,53.511946,5351.194600,0.00,1,False
269,06/27/2026 00:00:00,,00032,24,0001,09/16/2028 00:00:00,289.709397,6953.025520,0.00,1,False
270,06/27/2026 00:00:00,,00010,100,0001,09/16/2028 00:00:00,36.562413,3656.241300,0.00,1,False
271,06/27/2026 00:00:00,,00008,200,0001,09/16/2028 00:00:00,35.351684,7070.336800,0.00,1,False
272,06/27/2026 00:00:00,,00369,288,0001,09/16/2028 00:00:00,48.686189,14021.622380,0.00,1,False
273,06/27/2026 00:00:00,,00265,20,0001,09/16/2028 00:00:00,51.616420,1032.328400,0.00,1,False
274,06/27/2026 00:00:00,,00258,4,0001,09/16/2028 00:00:00,540.410500,2161.642000,0.00,1,False
275,06/27/2026 00:00:00,,00020,25,0001,09/16/2028 00:00:00,43.100150,1077.503750,0.00,1,False
276,06/27/2026 00:00:00,,00262,100,0001,09/16/2028 00:00:00,10.810015,1081.001500,0.00,1,False
277,06/27/2026 00:00:00,,00257,100,0001,09/16/2028 00:00:00,34.330134,3433.013400,0.00,1,False
278,06/28/2026 00:00:00,,00182,100,0001,09/16/2028 00:00:00,23.380127,2338.012700,0.00,1,False
279,06/28/2026 00:00:00,,00381,120,0001,09/19/2028 00:00:00,304.444083,36533.290000,0.00,1,False
280,06/28/2026 00:00:00,,00147,10,0001,09/19/2028 00:00:00,1629.194930,16291.949300,0.00,1,False
281,06/28/2026 00:00:00,,00382,60,0001,09/19/2028 00:00:00,1363.140125,81788.407480,0.00,1,False
282,06/28/2026 00:00:00,,00351,4,0001,09/19/2028 00:00:00,3767.884180,15071.536720,0.00,1,False
283,06/29/2026 00:00:00,,00220,20,0001,09/20/2028 00:00:00,589.712838,11794.256750,0.00,1,False
284,06/29/2026 00:00:00,,00049,24,0001,09/20/2028 00:00:00,779.577420,18709.858080,0.00,1,False
285,06/29/2026 00:00:00,,00032,120,0001,09/20/2028 00:00:00,301.038823,36124.658700,0.00,1,False
286,06/29/2026 00:00:00,,00019,80,0001,09/20/2028 00:00:00,456.875000,36550.000000,0.00,1,False
287,06/29/2026 00:00:00,,00262,900,0001,09/20/2028 00:00:00,14.557503,13101.752700,0.00,1,False
288,06/29/2026 00:00:00,,00022,50,0001,09/20/2028 00:00:00,509.388500,25469.425000,0.00,1,False
289,06/29/2026 00:00:00,,00182,600,0001,09/20/2028 00:00:00,8.148414,4889.048450,0.00,1,False
290,06/29/2026 00:00:00,,00233,500,0001,09/20/2028 00:00:00,38.282025,19141.012400,0.00,1,False
291,06/29/2026 00:00:00,,00248,500,0001,09/20/2028 00:00:00,63.329771,31664.885250,0.00,1,False
292,06/29/2026 00:00:00,,00040,7,0001,09/20/2028 00:00:00,1441.058679,10087.410750,0.00,1,False
293,06/29/2026 00:00:00,,00016,60,0001,09/20/2028 00:00:00,590.093500,35405.610000,0.00,1,False
294,06/30/2026 00:00:00,,00019,250,0001,09/20/2028 00:00:00,372.100000,93025.000000,0.00,1,False
295,06/30/2026 00:00:00,,00362,24,0001,09/20/2028 00:00:00,1045.620769,25094.898460,0.00,1,False
296,06/30/2026 00:00:00,,00358,20,0001,09/20/2028 00:00:00,1259.880533,25197.610650,0.00,1,False
297,06/30/2026 00:00:00,,00016,10,0001,09/20/2028 00:00:00,590.093500,5900.935000,0.00,1,False
298,06/30/2026 00:00:00,,00022,10,0001,09/20/2028 00:00:00,482.503750,4825.037500,0.00,1,False
299,06/30/2026 00:00:00,,00248,100,0001,09/20/2028 00:00:00,58.697004,5869.700400,0.00,1,False
300,06/30/2026 00:00:00,,00383,120,0001,09/20/2028 00:00:00,368.975200,44277.024000,0.00,1,False
301,06/30/2026 00:00:00,,00384,120,0001,09/20/2028 00:00:00,318.480050,38217.606000,0.00,1,False
302,06/30/2026 00:00:00,,00041,10,0001,09/20/2028 00:00:00,771.614750,7716.147500,0.00,1,False
303,06/30/2026 00:00:00,,00032,60,0001,09/20/2028 00:00:00,898.522946,53911.376750,0.00,1,False
304,06/21/2026 00:00:00,,00231,78,0001,09/21/2028 00:00:00,217.948750,17000.002500,0.00,1,False
305,06/29/2026 00:00:00,,00248,500,0001,09/24/2028 00:00:00,49.697004,24848.502000,0.00,1,False
306,07/01/2026 00:00:00,,00265,450,001,09/30/2028 00:00:00,63.906944,28758.124840,0.00,1,False
307,07/01/2026 00:00:00,,00032,60,001,09/30/2028 00:00:00,270.753543,16245.212600,0.00,1,False
308,07/01/2026 00:00:00,,00020,200,001,09/30/2028 00:00:00,56.297154,11259.430800,0.00,1,False
309,07/01/2026 00:00:00,,00259,13,001,09/30/2028 00:00:00,107.004828,1391.062761,0.00,1,False
310,07/01/2026 00:00:00,,00369,23,001,10/01/2028 00:00:00,1583.135293,36412.111740,0.00,1,False
311,07/04/2026 00:00:00,,00078,200,001,10/01/2028 00:00:00,327.503750,65500.750000,0.00,1,False
312,07/04/2026 00:00:00,,00010,400,001,10/01/2028 00:00:00,25.452551,10181.020400,0.00,1,False
313,07/04/2026 00:00:00,,00032,60,001,10/01/2028 00:00:00,259.086877,15545.212600,0.00,1,False
314,07/04/2026 00:00:00,,00233,200,001,10/01/2028 00:00:00,24.769271,4953.854200,0.00,1,False
315,07/04/2026 00:00:00,,00259,7,001,10/01/2032 00:00:00,619.964758,4339.753305,0.00,1,False
316,07/04/2026 00:00:00,,00231,3,001,10/01/2028 00:00:00,355.000000,1065.000000,0.00,1,False
317,07/04/2026 00:00:00,,00248,25,001,10/01/2028 00:00:00,53.557603,1338.940080,0.00,1,False
318,07/04/2026 00:00:00,,00369,96,001,10/01/2028 00:00:00,207.490579,19919.095560,0.00,1,False
319,07/15/2026 00:00:00,,00037,1,001,10/01/2028 00:00:00,1289.624750,1289.624750,0.00,1,False
320,07/04/2026 00:00:00,,00385,20,001,10/01/2028 00:00:00,191.250400,3825.008000,0.00,1,False
321,07/05/2026 00:00:00,,00019,85,0001,10/09/2028 00:00:00,525.000000,44625.000000,0.00,1,False
322,07/05/2026 00:00:00,,00180,12,0001,10/09/2028 00:00:00,1392.667833,16712.014000,0.00,1,False
323,07/06/2026 00:00:00,,00016,100,0001,10/09/2028 00:00:00,590.100000,59010.000000,0.00,1,False
324,07/07/2026 00:00:00,,00212,53,0001,10/09/2028 00:00:00,1771.011934,93863.632500,0.00,1,False
325,07/07/2026 00:00:00,,00263,450,0001,10/09/2028 00:00:00,14.740209,6633.094100,0.00,1,False
326,07/07/2026 00:00:00,,00258,6,0001,10/09/2028 00:00:00,602.274500,3613.647000,0.00,1,False
327,07/07/2026 00:00:00,,00010,500,0001,10/09/2028 00:00:00,26.477410,13238.705000,0.00,1,False
328,07/07/2026 00:00:00,,00032,120,0001,10/09/2028 00:00:00,281.039710,33724.765200,0.00,1,False
329,07/07/2026 00:00:00,,00049,60,0001,10/09/2028 00:00:00,708.283460,42497.007600,0.00,1,False
330,07/07/2026 00:00:00,,00022,10,0001,10/09/2028 00:00:00,480.574500,4805.745000,0.00,1,False
331,07/07/2026 00:00:00,,00020,25,0001,10/09/2028 00:00:00,43.022980,1075.574500,0.00,1,False
332,07/07/2026 00:00:00,,00122,24,0001,10/09/2028 00:00:00,389.938340,9358.520160,0.00,1,False
333,07/07/2026 00:00:00,,00259,450,0001,10/09/2028 00:00:00,22.490058,10120.525880,0.00,1,False
334,07/07/2026 00:00:00,,00392,48,0001,10/09/2028 00:00:00,284.080240,13635.851520,0.00,1,False
335,07/07/2026 00:00:00,,00152,50,0001,10/09/2028 00:00:00,184.226880,9211.344000,0.00,1,False
336,07/07/2026 00:00:00,,00052,20,0001,10/09/2028 00:00:00,929.093750,18581.875000,0.00,1,False
337,07/07/2026 00:00:00,,00090,8,0001,10/09/2028 00:00:00,1788.329250,14306.634000,0.00,1,False
338,07/07/2026 00:00:00,,00369,288,0001,10/09/2028 00:00:00,196.394249,56561.543720,0.00,1,False
339,07/07/2026 00:00:00,,00199,2,0001,10/09/2028 00:00:00,1207.266750,2414.533500,0.00,1,False
340,07/08/2026 00:00:00,,00289,20,0001,10/09/2028 00:00:00,2173.163430,43463.268600,0.00,1,False
341,07/08/2026 00:00:00,,00286,40,0001,10/09/2028 00:00:00,694.631150,27785.246000,0.00,1,False
342,07/08/2026 00:00:00,,00278,40,0001,10/09/2028 00:00:00,1384.088500,55363.540000,0.00,1,False
343,07/08/2026 00:00:00,,00281,24,0001,10/09/2028 00:00:00,1110.739733,26657.753600,0.00,1,False
344,07/08/2026 00:00:00,,00208,368,0001,10/09/2028 00:00:00,259.301220,95422.848800,0.00,1,False
345,07/08/2026 00:00:00,,00274,120,0001,10/09/2028 00:00:00,1206.491667,144779.000000,0.00,1,False
346,07/08/2026 00:00:00,,00273,20,0001,10/09/2028 00:00:00,567.726250,11354.525000,0.00,1,False
347,07/08/2026 00:00:00,,00285,300,0001,10/09/2028 00:00:00,191.391103,57417.331000,0.00,1,False
348,07/10/2026 00:00:00,,00295,40,0001,10/09/2028 00:00:00,1078.056950,43122.278000,0.00,1,False
349,07/10/2026 00:00:00,,00291,32,0001,10/09/2028 00:00:00,837.984250,26815.496000,0.00,1,False
350,07/10/2026 00:00:00,,00188,32,0001,10/09/2028 00:00:00,1005.055700,32161.782400,0.00,1,False
351,07/10/2026 00:00:00,,00194,32,0001,10/09/2028 00:00:00,852.266000,27272.512000,0.00,1,False
352,07/10/2026 00:00:00,,00296,20,0001,10/09/2028 00:00:00,762.503750,15250.075000,0.00,1,False
353,07/10/2026 00:00:00,,00228,20,0001,10/09/2028 00:00:00,1809.671430,36193.428600,0.00,1,False
354,07/10/2026 00:00:00,,00220,20,0001,10/09/2028 00:00:00,498.121520,9962.430400,0.00,1,False
355,07/10/2026 00:00:00,,00020,250,0001,10/09/2028 00:00:00,52.422980,13105.745000,0.00,1,False
356,07/10/2026 00:00:00,,00022,50,0001,10/09/2028 00:00:00,480.574500,24028.725000,0.00,1,False
357,07/10/2026 00:00:00,,00369,480,0001,10/09/2028 00:00:00,196.667156,94400.235060,0.00,1,False
358,07/10/2026 00:00:00,,00049,40,0001,10/09/2028 00:00:00,712.759400,28510.376000,0.00,1,False
359,07/10/2026 00:00:00,,00032,45,0001,10/09/2028 00:00:00,284.335250,12795.086250,0.00,1,False
360,07/11/2026 00:00:00,,00296,25,0001,10/09/2028 00:00:00,681.503750,17037.593750,0.00,1,False
361,07/11/2026 00:00:00,,00220,20,0001,10/09/2028 00:00:00,509.159088,10183.181750,0.00,1,False
362,07/11/2026 00:00:00,,00231,15,0001,10/09/2028 00:00:00,525.000000,7875.000000,0.00,1,False
363,07/11/2026 00:00:00,,00357,6,0001,10/09/2028 00:00:00,408.884220,2453.305320,0.00,1,False
364,07/12/2026 00:00:00,,00294,36,0001,10/09/2028 00:00:00,1030.874633,37111.486800,0.00,1,False
365,07/12/2026 00:00:00,,00320,300,0001,10/09/2028 00:00:00,212.693730,63808.119000,0.00,1,False
366,07/12/2026 00:00:00,,00197,108,0001,10/09/2028 00:00:00,712.563024,76956.806600,0.00,1,False
367,07/12/2026 00:00:00,,00118,5,0001,10/09/2028 00:00:00,1819.671430,9098.357150,0.00,1,False
368,07/12/2026 00:00:00,,00340,44,0001,10/09/2028 00:00:00,1119.763273,49269.584000,0.00,1,False
369,07/12/2026 00:00:00,,00209,20,0001,10/09/2028 00:00:00,2683.698000,53673.960000,0.00,1,False
370,07/13/2026 00:00:00,,00248,500,0001,10/09/2028 00:00:00,58.750000,29375.000000,0.00,1,False
371,07/13/2026 00:00:00,,00231,200,0001,10/09/2028 00:00:00,525.000000,105000.000000,0.00,1,False
372,07/13/2026 00:00:00,,00020,500,0001,10/09/2028 00:00:00,54.772980,27386.490000,0.00,1,False
373,07/14/2026 00:00:00,,00248,250,0001,10/09/2028 00:00:00,58.280000,14570.000000,0.00,1,False
374,07/14/2026 00:00:00,,00231,20,0001,10/09/2028 00:00:00,525.000000,10500.000000,0.00,1,False
375,07/14/2026 00:00:00,,00020,250,0001,10/09/2028 00:00:00,52.422980,13105.745000,0.00,1,False
376,07/14/2026 00:00:00,,00022,5,0001,10/09/2028 00:00:00,480.574500,2402.872500,0.00,1,False
377,07/15/2026 00:00:00,,00019,100,0001,10/09/2028 00:00:00,108.750088,10875.008750,0.00,1,False
378,07/13/2026 00:00:00,,00248,500,0001,10/11/2028 00:00:00,31.800000,15900.000000,0.00,1,False
379,07/13/2026 00:00:00,,00231,200,0001,10/11/2028 00:00:00,100.000000,20000.000000,0.00,1,False
380,07/15/2026 00:00:00,,00231,100,0001,10/11/2028 00:00:00,498.000000,49800.000000,0.00,1,False
381,07/15/2026 00:00:00,,00049,20,0001,10/11/2028 00:00:00,568.506895,11370.137900,0.00,1,False
382,07/15/2026 00:00:00,,00032,120,0001,10/11/2028 00:00:00,248.000000,29760.000000,0.00,1,False
383,07/15/2026 00:00:00,,00020,500,0001,10/11/2028 00:00:00,54.772980,27386.490000,0.00,1,False
384,07/15/2026 00:00:00,,00022,1,0001,10/11/2028 00:00:00,480.574500,480.574500,0.00,1,False
385,07/15/2026 00:00:00,,00369,480,0001,10/11/2028 00:00:00,196.667156,94400.235060,0.00,1,False
386,07/15/2026 00:00:00,,00380,60,0001,10/11/2028 00:00:00,1819.654600,109179.276000,0.00,1,False
387,07/15/2026 00:00:00,,00393,12,0001,10/11/2028 00:00:00,702.666667,8432.000000,0.00,1,False
388,07/15/2026 00:00:00,,00386,20,0001,10/11/2028 00:00:00,2064.694930,41293.898600,0.00,1,False
389,07/15/2026 00:00:00,,00139,10,0001,10/10/2028 00:00:00,648.000000,6480.000000,0.00,1,False
390,07/15/2026 00:00:00,,00199,20,0001,10/11/2028 00:00:00,1290.183500,25803.670000,0.00,1,False
391,07/15/2026 00:00:00,,00243,30,0001,10/11/2028 00:00:00,735.666750,22070.002500,0.00,1,False
392,07/15/2026 00:00:00,,00074,1,0001,10/11/2028 00:00:00,500.000000,500.000000,0.00,1,False
393,07/16/2026 00:00:00,,00050,24,0001,10/11/2028 00:00:00,433.732760,10409.586240,0.00,1,False
394,07/16/2026 00:00:00,,00050,24,0001,10/11/2028 00:00:00,433.732760,10409.586240,0.00,1,False
395,07/16/2026 00:00:00,,00077,12,0001,10/11/2028 00:00:00,339.413093,4072.957120,0.00,1,False
396,07/16/2026 00:00:00,,00368,24,0001,10/11/2028 00:00:00,506.315373,12151.568960,0.00,1,False
397,07/16/2026 00:00:00,,00292,40,0001,10/11/2028 00:00:00,1115.305900,44612.236000,0.00,1,False
398,07/16/2026 00:00:00,,00147,20,0001,10/11/2028 00:00:00,2140.694930,42813.898600,0.00,1,False
399,07/16/2026 00:00:00,,00022,200,0001,10/11/2028 00:00:00,468.174500,93634.900000,0.00,1,False
400,07/17/2026 00:00:00,,00377,20,0001,10/11/2028 00:00:00,1226.342000,24526.840000,0.00,1,False
401,07/17/2026 00:00:00,,00394,20,0001,10/11/2028 00:00:00,2000.002750,40000.055000,0.00,1,False
402,07/17/2026 00:00:00,,00220,30,0001,10/12/2028 00:00:00,591.067020,17732.010600,0.00,1,False
403,07/17/2026 00:00:00,,00369,192,0001,10/12/2028 00:00:00,202.359305,38852.986580,0.00,1,False
404,07/17/2026 00:00:00,,00259,692,0001,10/12/2028 00:00:00,17.963630,12430.831624,0.00,1,False
405,07/17/2026 00:00:00,,00201,200,0001,10/12/2028 00:00:00,39.004770,7800.954000,0.00,1,False
406,07/17/2026 00:00:00,,00051,8,0001,10/12/2028 00:00:00,1389.238500,11113.908000,0.00,1,False
407,07/17/2026 00:00:00,,00257,200,0001,10/12/2028 00:00:00,29.738607,5947.721400,0.00,1,False
408,07/17/2026 00:00:00,,00013,400,0001,10/12/2028 00:00:00,40.595500,16238.200000,0.00,1,False
409,07/17/2026 00:00:00,,00233,400,0001,10/12/2028 00:00:00,25.050096,10020.038400,0.00,1,False
410,07/17/2026 00:00:00,,00008,400,0001,10/12/2028 00:00:00,31.342250,12536.900000,0.00,1,False
411,07/17/2026 00:00:00,,00030,900,0001,10/12/2028 00:00:00,31.261739,28135.565000,0.00,1,False
412,07/17/2026 00:00:00,,00040,4,0001,10/12/2028 00:00:00,1294.477500,5177.910000,0.00,1,False
413,07/17/2026 00:00:00,,00019,10,0001,10/12/2028 00:00:00,387.500000,3875.000000,0.00,1,False
414,07/17/2026 00:00:00,,00258,10,0001,10/12/2028 00:00:00,602.274500,6022.745000,0.00,1,False
415,07/17/2026 00:00:00,,00231,100,0001,10/12/2028 00:00:00,85.000000,8500.000000,0.00,1,False
416,07/17/2026 00:00:00,,00016,20,0001,10/12/2028 00:00:00,587.600000,11752.000000,0.00,1,False
417,07/17/2026 00:00:00,,00211,8,0001,10/12/2028 00:00:00,681.912150,5455.297200,0.00,1,False
418,07/17/2026 00:00:00,,00247,8,0001,10/12/2028 00:00:00,1194.709650,9557.677200,0.00,1,False
419,07/17/2026 00:00:00,,00052,12,0001,10/12/2028 00:00:00,962.010417,11544.125000,0.00,1,False
420,07/17/2026 00:00:00,,00266,8,0001,10/12/2028 00:00:00,1215.898000,9727.184000,0.00,1,False
421,07/17/2026 00:00:00,,00340,8,0001,10/12/2028 00:00:00,1080.161000,8641.288000,0.00,1,False
422,07/17/2026 00:00:00,,00179,8,0001,10/12/2028 00:00:00,1865.500000,14924.000000,0.00,1,False
423,07/17/2026 00:00:00,,00180,12,0001,10/12/2028 00:00:00,1378.342517,16540.110200,0.00,1,False
424,07/18/2026 00:00:00,,00199,4,0001,10/12/2028 00:00:00,1455.183500,5820.734000,0.00,1,False
425,07/18/2026 00:00:00,,00163,4,001,10/12/2028 00:00:00,1642.587050,6570.348200,0.00,1,False
426,07/18/2026 00:00:00,,00209,4,0001,10/12/2028 00:00:00,2528.698000,10114.792000,0.00,1,False
427,07/19/2026 00:00:00,,00016,20,0001,10/12/2028 00:00:00,590.487750,11809.755000,0.00,1,False
428,07/19/2026 00:00:00,,00008,600,0001,10/12/2028 00:00:00,32.202083,19321.250000,0.00,1,False
429,07/19/2026 00:00:00,,00262,300,0001,10/12/2028 00:00:00,13.152298,3945.689400,0.00,1,False
430,07/19/2026 00:00:00,,00022,4,0001,10/12/2028 00:00:00,325.574500,1302.298000,0.00,1,False
431,07/19/2026 00:00:00,,00201,200,0001,10/12/2028 00:00:00,35.253523,7050.704580,0.00,1,False
432,07/19/2026 00:00:00,,00010,100,0001,10/12/2028 00:00:00,26.378551,2637.855100,0.00,1,False
433,07/19/2026 00:00:00,,00032,24,0001,10/12/2028 00:00:00,286.985510,6887.652240,0.00,1,False
434,07/19/2026 00:00:00,,00013,100,0001,10/12/2028 00:00:00,40.008000,4000.800000,0.00,1,False
435,07/19/2026 00:00:00,,00052,60,0001,10/12/2028 00:00:00,984.593750,59075.625000,0.00,1,False
436,07/19/2026 00:00:00,,00257,100,0001,10/12/2028 00:00:00,58.508049,5850.804900,0.00,1,False
437,07/19/2026 00:00:00,,00211,20,0001,10/12/2028 00:00:00,713.638548,14272.770950,0.00,1,False
438,07/19/2026 00:00:00,,00247,40,0001,10/12/2028 00:00:00,1216.428180,48657.127200,0.00,1,False
439,07/19/2026 00:00:00,,00390,20,0001,10/12/2028 00:00:00,2066.918130,41338.362600,0.00,1,False
440,07/19/2026 00:00:00,,00391,40,0001,10/12/2028 00:00:00,1049.453096,41978.123850,0.00,1,False
441,07/19/2026 00:00:00,,00388,60,0001,10/12/2028 00:00:00,529.456667,31767.400000,0.00,1,False
442,07/19/2026 00:00:00,,00389,60,0001,10/12/2028 00:00:00,523.656667,31419.400000,0.00,1,False
443,07/19/2026 00:00:00,,00395,60,0001,10/12/2028 00:00:00,358.615877,21516.952600,0.00,1,False
444,07/20/2026 00:00:00,,00047,100,0001,10/12/2028 00:00:00,846.431488,84643.148820,0.00,1,False
445,07/20/2026 00:00:00,,00150,20,0001,10/12/2028 00:00:00,1313.779037,26275.580740,0.00,1,False
446,07/20/2026 00:00:00,,00137,20,0001,10/12/2028 00:00:00,4075.967680,81519.353600,0.00,1,False
447,07/20/2026 00:00:00,,00138,24,0001,10/12/2028 00:00:00,737.678150,17704.275590,0.00,1,False
448,07/20/2026 00:00:00,,00365,10,0001,10/12/2028 00:00:00,2508.226680,25082.266800,0.00,1,False
449,07/20/2026 00:00:00,,00364,12,0001,10/12/2028 00:00:00,841.835103,10102.021240,0.00,1,False
450,07/20/2026 00:00:00,,00360,12,0001,10/12/2028 00:00:00,898.769403,10785.232840,0.00,1,False
451,07/20/2026 00:00:00,,00376,12,0001,10/12/2028 00:00:00,1285.522403,15426.268840,0.00,1,False
452,07/21/2026 00:00:00,,00147,25,0001,10/12/2028 00:00:00,1471.194930,36779.873250,0.00,1,False
453,07/21/2026 00:00:00,,00019,40,0001,10/12/2028 00:00:00,387.500000,15500.000000,0.00,1,False
454,07/21/2026 00:00:00,,00191,20,0001,10/12/2028 00:00:00,985.858250,19717.165000,0.00,1,False
455,07/21/2026 00:00:00,,00343,50,0001,10/12/2028 00:00:00,378.000000,18900.000000,0.00,1,False
456,07/22/2026 00:00:00,,00125,40,0001,10/12/2028 00:00:00,633.266675,25330.667000,0.00,1,False
457,07/22/2026 00:00:00,,00126,2000,0001,10/12/2028 00:00:00,56.958691,113917.382250,0.00,1,False
458,07/22/2026 00:00:00,,00265,500,0001,10/12/2028 00:00:00,58.877320,29438.659800,0.00,1,False
459,07/22/2026 00:00:00,,00262,100,0001,10/12/2028 00:00:00,22.388505,2238.850450,0.00,1,False
460,07/22/2026 00:00:00,,00022,62,0001,10/12/2028 00:00:00,327.295000,20292.290000,0.00,1,False
461,07/22/2026 00:00:00,,00220,70,0001,10/12/2028 00:00:00,297.425270,20819.768900,0.00,1,False
462,07/22/2026 00:00:00,,00369,480,0001,10/12/2028 00:00:00,150.000000,72000.000000,0.00,1,False
463,07/22/2026 00:00:00,,00019,40,0001,10/12/2028 00:00:00,387.500000,15500.000000,0.00,1,False
464,07/22/2026 00:00:00,,00231,8,0001,10/12/2028 00:00:00,250.000000,2000.000000,0.00,1,False
465,07/23/2026 00:00:00,,00032,120,0001,10/12/2028 00:00:00,286.814835,34417.780140,0.00,1,False
466,07/23/2026 00:00:00,,00248,25,0001,10/12/2028 00:00:00,40.000000,1000.000000,0.00,1,False
467,07/23/2026 00:00:00,,00231,15,0001,10/12/2028 00:00:00,250.000000,3750.000000,0.00,1,False
468,07/23/2026 00:00:00,,00030,900,0001,10/12/2028 00:00:00,28.279669,25451.702100,0.00,1,False
469,07/23/2026 00:00:00,,00040,13,0001,10/12/2028 00:00:00,1053.229500,13691.983500,0.00,1,False
470,07/23/2026 00:00:00,,00122,48,0001,10/13/2028 00:00:00,429.938530,20637.049440,0.00,1,False
472,07/23/2026 00:00:00,,00393,40,0001,10/13/2028 00:00:00,527.983290,21119.331600,0.00,1,False
473,07/22/2026 00:00:00,,00020,325,0001,10/13/2028 00:00:00,43.099480,14007.331000,0.00,1,False
474,07/23/2026 00:00:00,,00022,12,0001,10/13/2028 00:00:00,327.487000,3929.844000,0.00,1,False
475,07/23/2026 00:00:00,,00262,1000,0001,10/13/2028 00:00:00,10.809948,10809.948000,0.00,1,False
476,07/23/2026 00:00:00,,00019,25,0001,10/13/2028 00:00:00,146.000000,3650.000000,0.00,1,False
477,07/23/2026 00:00:00,,00396,20,0001,10/13/2028 00:00:00,1300.264350,26005.287000,0.00,1,False
478,07/25/2026 00:00:00,,00137,40,0001,10/13/2028 00:00:00,1693.642900,67745.716000,0.00,1,False
479,07/25/2026 00:00:00,,00357,10,0001,10/13/2028 00:00:00,253.884220,2538.842200,0.00,1,False
480,07/25/2026 00:00:00,,00397,80,0001,10/13/2028 00:00:00,497.495570,39799.645600,0.00,1,False
481,07/26/2026 00:00:00,,00220,100,0001,10/13/2028 00:00:00,457.425270,45742.527000,0.00,1,False
482,07/26/2026 00:00:00,,00040,30,0001,10/13/2028 00:00:00,165.000000,4950.000000,0.00,1,False
483,07/27/2026 00:00:00,,00032,120,0001,10/14/2028 00:00:00,282.236270,33868.352400,0.00,1,False
484,07/27/2026 00:00:00,,00010,500,0001,10/14/2028 00:00:00,15.423627,7711.813500,0.00,1,False
485,07/27/2026 00:00:00,,00261,20,0001,10/14/2028 00:00:00,1169.198770,23383.975400,0.00,1,False
486,07/23/2026 00:00:00,,00260,8,0001,10/15/2028 00:00:00,932.779674,7462.237390,0.00,1,False
487,07/28/2026 00:00:00,,00399,24,0001,10/16/2028 00:00:00,697.748633,16745.967200,0.00,1,False
488,07/28/2026 00:00:00,,00400,24,0001,10/16/2028 00:00:00,471.611283,11318.670800,0.00,1,False
489,07/28/2026 00:00:00,,00401,24,0001,10/16/2028 00:00:00,571.276023,13710.624560,0.00,1,False
490,07/28/2026 00:00:00,,00402,24,280726,10/16/2028 00:00:00,488.228613,11717.486720,0.00,1,False
491,07/28/2026 00:00:00,,00403,24,280726,10/16/2028 00:00:00,508.894133,12213.459200,0.00,1,False
492,07/28/2026 00:00:00,,00404,24,0001,10/16/2028 00:00:00,341.473797,8195.371120,0.00,1,False
493,07/28/2026 00:00:00,,00357,4,0001,10/16/2028 00:00:00,630.163220,2520.652880,0.00,1,False
494,07/28/2026 00:00:00,,00380,60,0001,10/16/2028 00:00:00,740.737770,44444.266200,0.00,1,False
495,07/28/2026 00:00:00,,00220,17,0001,10/16/2028 00:00:00,457.601020,7779.217340,0.00,1,False
496,07/28/2026 00:00:00,,00022,7,0001,10/16/2028 00:00:00,345.603750,2419.226250,0.00,1,False
497,07/28/2026 00:00:00,,00212,2,0001,10/16/2028 00:00:00,1604.313750,3208.627500,0.00,1,False
498,07/28/2026 00:00:00,,00231,2,0001,10/16/2028 00:00:00,425.000000,850.000000,0.00,1,False
499,07/29/2026 00:00:00,,00052,20,0001,10/16/2028 00:00:00,927.736373,18554.727450,0.00,1,False
500,07/29/2026 00:00:00,,00178,50,0001,10/16/2028 00:00:00,371.206676,18560.333820,0.00,1,False
501,07/29/2026 00:00:00,,00265,500,0001,10/16/2028 00:00:00,62.995781,31497.890250,0.00,1,False
502,07/29/2026 00:00:00,,00258,2,0001,10/16/2034 00:00:00,2651.646500,5303.293000,0.00,1,False
503,07/29/2026 00:00:00,,00019,50,0001,10/16/2028 00:00:00,525.000000,26250.000000,0.00,1,False
504,07/29/2026 00:00:00,,00220,10,0001,10/16/2028 00:00:00,466.431074,4664.310740,0.00,1,False
505,07/29/2026 00:00:00,,00258,30,0001,10/19/2028 00:00:00,2663.313167,79899.395000,0.00,1,False
506,07/29/2026 00:00:00,,00199,50,0001,10/19/2028 00:00:00,337.531000,16876.550000,0.00,1,False
507,07/29/2026 00:00:00,,00049,32,0001,10/19/2028 00:00:00,692.048743,22145.559760,0.00,1,False
508,07/29/2026 00:00:00,,00032,180,0001,10/19/2028 00:00:00,293.969603,52914.528600,0.00,1,False
509,07/30/2026 00:00:00,,00220,5,0001,10/19/2028 00:00:00,457.408270,2287.041350,0.00,1,False
510,08/01/2026 00:00:00,,00201,400,0001,10/19/2028 00:00:00,31.251064,12500.425600,0.00,1,False
511,08/01/2026 00:00:00,,00257,400,0001,10/19/2028 00:00:00,26.646575,10658.630000,0.00,1,False
512,08/01/2026 00:00:00,,00010,800,0001,10/19/2028 00:00:00,12.649268,10119.414710,0.00,1,False
513,08/01/2026 00:00:00,,00013,800,0001,10/19/2028 00:00:00,31.046485,24837.187760,0.00,1,False
514,08/01/2026 00:00:00,,00233,800,0001,10/19/2028 00:00:00,23.946831,19157.464560,0.00,1,False
516,08/01/2026 00:00:00,,00212,8,0001,10/19/2028 00:00:00,1422.985000,11383.880000,0.00,1,False
517,08/01/2026 00:00:00,,00263,1200,0001,10/19/2028 00:00:00,14.639137,17566.964120,0.00,1,False
518,08/01/2026 00:00:00,,00265,250,0001,10/19/2028 00:00:00,68.064860,17016.215000,0.00,1,False
519,08/01/2026 00:00:00,,00258,10,0001,10/19/2028 00:00:00,2651.621500,26516.215000,0.00,1,False
520,08/01/2026 00:00:00,,00248,500,0001,10/19/2028 00:00:00,55.400000,27700.000000,0.00,1,False
521,08/01/2026 00:00:00,,00357,4,0001,10/19/2028 00:00:00,465.536220,1862.144880,0.00,1,False
522,08/01/2026 00:00:00,,00022,2,0001,10/19/2028 00:00:00,338.533750,677.067500,0.00,1,False
523,08/01/2026 00:00:00,,00212,2,0001,10/19/2028 00:00:00,1422.985000,2845.970000,0.00,1,False
524,08/01/2026 00:00:00,,00008,800,0001,10/19/2028 00:00:00,30.308026,24246.420560,0.00,1,False
525,08/02/2026 00:00:00,,00258,20,0001,10/27/2028 00:00:00,2651.621500,53032.430000,0.00,1,False
526,08/02/2026 00:00:00,,00292,240,0001,10/27/2028 00:00:00,986.507785,236761.868400,0.00,1,False
527,08/03/2026 00:00:00,,00407,20,0001,10/27/2028 00:00:00,704.833848,14096.676950,0.00,1,False
528,08/03/2026 00:00:00,,00199,2,0001,10/27/2028 00:00:00,1052.381500,2104.763000,0.00,1,False
529,08/03/2026 00:00:00,,00380,40,0001,10/27/2028 00:00:00,1159.055860,46362.234400,0.00,1,False
530,08/03/2026 00:00:00,,00391,60,0001,09/27/2028 00:00:00,873.323825,52399.429500,0.00,1,False
532,08/03/2026 00:00:00,,00405,120,0001,10/27/2028 00:00:00,313.430280,37611.633600,0.00,1,False
533,08/03/2026 00:00:00,,00406,120,0001,10/27/2028 00:00:00,422.383630,50686.035600,0.00,1,False
534,08/03/2026 00:00:00,,00409,10,0001,10/27/2028 00:00:00,688.227000,6882.270000,0.00,1,False
535,08/03/2026 00:00:00,,00408,10,0001,10/27/2028 00:00:00,661.000000,6610.000000,0.00,1,False
536,08/03/2026 00:00:00,,00247,52,0001,10/27/2028 00:00:00,1429.434225,74330.579700,0.00,1,False
537,08/04/2026 00:00:00,,00266,44,0001,10/27/2028 00:00:00,895.001786,39380.078600,0.00,1,False
538,08/04/2026 00:00:00,,00049,24,0001,10/27/2028 00:00:00,591.414170,14193.940080,0.00,1,False
539,08/04/2026 00:00:00,,00265,500,0001,10/27/2028 00:00:00,49.188080,24594.040000,0.00,1,False
540,08/04/2026 00:00:00,,00258,93,0001,10/27/2034 00:00:00,2599.702000,241772.286000,0.00,1,False
541,08/04/2026 00:00:00,,00008,950,0001,10/27/2028 00:00:00,20.591471,19561.897450,0.00,1,False
542,08/04/2026 00:00:00,,00032,360,0001,10/27/2028 00:00:00,273.838730,98581.942800,0.00,1,False
543,08/04/2026 00:00:00,,00231,100,0001,10/27/2028 00:00:00,525.000000,52500.000000,0.00,1,False
544,08/04/2026 00:00:00,,00248,425,0001,10/27/2028 00:00:00,47.000000,19975.000000,0.00,1,False
545,08/04/2026 00:00:00,,00013,325,0001,10/27/2028 00:00:00,41.268455,13412.247840,0.00,1,False
546,08/03/2026 00:00:00,,00395,120,0001,10/27/2028 00:00:00,423.871977,50864.637200,0.00,1,False
547,08/05/2026 00:00:00,,00377,10,0001,10/27/2028 00:00:00,2170.897250,21708.972500,0.00,1,False
548,08/05/2026 00:00:00,,00220,25,0001,10/27/2028 00:00:00,394.769370,9869.234250,0.00,1,False
549,08/05/2026 00:00:00,,00180,16,0001,10/27/2028 00:00:00,1617.406725,25878.507600,0.00,1,False
550,08/05/2026 00:00:00,,00052,44,0001,10/27/2028 00:00:00,1111.114125,48889.021500,0.00,1,False
551,08/05/2026 00:00:00,,00170,20,0001,10/27/2028 00:00:00,833.758650,16675.173000,0.00,1,False
552,08/05/2026 00:00:00,,00267,12,0001,10/27/2028 00:00:00,629.998300,7559.979600,0.00,1,False
553,08/05/2026 00:00:00,,00199,12,0001,10/27/2028 00:00:00,1242.381500,14908.578000,0.00,1,False
554,08/05/2026 00:00:00,,00138,36,0001,10/27/2028 00:00:00,759.151050,27329.437800,0.00,1,False
555,08/05/2026 00:00:00,,00188,36,0001,10/27/2028 00:00:00,587.969400,21166.898400,0.00,1,False
556,08/05/2026 00:00:00,,00287,36,0001,10/27/2028 00:00:00,606.241800,21824.704800,0.00,1,False
557,08/05/2026 00:00:00,,00022,2,0001,10/27/2028 00:00:00,523.988750,1047.977500,0.00,1,False
558,08/06/2026 00:00:00,,00022,26,0001,10/27/2028 00:00:00,326.802750,8496.871500,0.00,1,False
559,08/06/2026 00:00:00,,00231,20,0001,10/27/2028 00:00:00,525.000000,10500.000000,0.00,1,False
560,08/06/2026 00:00:00,,00220,2,0001,10/27/2028 00:00:00,204.769370,409.538740,0.00,1,False
561,08/06/2026 00:00:00,,00010,100,0001,10/27/2028 00:00:00,149.047156,14904.715600,0.00,1,False
562,08/06/2026 00:00:00,,00008,200,0001,10/27/2028 00:00:00,30.050479,6010.095740,0.00,1,False
563,08/06/2026 00:00:00,,00263,150,0001,10/27/2028 00:00:00,12.890262,1933.539360,0.00,1,False
564,08/08/2026 00:00:00,,00231,101,0001,10/28/2028 00:00:00,525.000000,53025.000000,0.00,1,False
565,08/08/2026 00:00:00,,00220,50,0001,10/28/2028 00:00:00,372.769370,18638.468500,0.00,1,False
566,08/08/2026 00:00:00,,00022,51,0001,10/28/2028 00:00:00,480.873250,24524.535750,0.00,1,False
567,08/08/2026 00:00:00,,00047,100,0001,10/28/2028 00:00:00,1549.845610,154984.561000,0.00,1,False
568,08/08/2026 00:00:00,,00150,20,0001,10/28/2028 00:00:00,776.818760,15536.375200,0.00,1,False
569,08/08/2026 00:00:00,,00158,20,0001,10/28/2028 00:00:00,619.036250,12380.725000,0.00,1,False
570,08/08/2026 00:00:00,,00196,20,0001,10/28/2028 00:00:00,552.904000,11058.080000,0.00,1,False
571,08/08/2026 00:00:00,,00186,5,0001,10/28/2028 00:00:00,270.000000,1350.000000,0.00,1,False
572,08/08/2026 00:00:00,,00212,3,0001,10/28/2028 00:00:00,1561.251750,4683.755250,0.00,1,False
573,08/08/2026 00:00:00,,00041,10,0001,10/28/2028 00:00:00,1217.621000,12176.210000,0.00,1,False
574,08/04/2026 00:00:00,,00010,1600,0001,10/29/2028 00:00:00,11.896534,19034.453920,0.00,1,False
575,08/09/2026 00:00:00,,00281,40,090826,10/29/2034 00:00:00,1108.806560,44352.262400,0.00,1,False
576,08/09/2026 00:00:00,,00278,40,0001,10/29/2028 00:00:00,712.619810,28504.792400,0.00,1,False
577,08/09/2026 00:00:00,,00286,40,0001,10/29/2028 00:00:00,659.394810,26375.792400,0.00,1,False
578,08/09/2026 00:00:00,,00276,32,0001,10/29/2028 00:00:00,1056.851760,33819.256320,0.00,1,False
579,08/09/2026 00:00:00,,00280,44,0001,10/29/2028 00:00:00,1819.023910,80037.052040,0.00,1,False
580,08/09/2026 00:00:00,,00371,20,0001,10/29/2028 00:00:00,1911.953060,38239.061200,0.00,1,False
581,08/09/2026 00:00:00,,00274,88,0001,10/29/2028 00:00:00,2163.208260,190362.326880,0.00,1,False
582,08/09/2026 00:00:00,,00275,60,0001,10/29/2028 00:00:00,370.758467,22245.508000,0.00,1,False
583,08/09/2026 00:00:00,,00273,20,0001,10/29/2028 00:00:00,818.564250,16371.285000,0.00,1,False
584,08/06/2026 00:00:00,,00037,20,0001,10/29/2028 00:00:00,1384.220250,27684.405000,0.00,1,False
585,08/10/2026 00:00:00,,00411,8,0001,10/30/2028 00:00:00,1184.311710,9474.493680,0.00,1,False
586,08/10/2026 00:00:00,,00412,8,0001,10/30/2028 00:00:00,878.783760,7030.270080,0.00,1,False
587,08/10/2026 00:00:00,,00413,8,0001,10/30/2028 00:00:00,991.711160,7933.689280,0.00,1,False
588,08/10/2026 00:00:00,,00414,8,0001,10/30/2028 00:00:00,1567.815610,12542.524880,0.00,1,False
589,08/10/2026 00:00:00,,00302,5,0001,10/30/2028 00:00:00,698.194000,3490.970000,0.00,1,False
590,08/10/2026 00:00:00,,00199,1,0001,10/30/2028 00:00:00,1220.381500,1220.381500,0.00,1,False
591,08/10/2026 00:00:00,,00022,3,0001,10/30/2028 00:00:00,480.843500,1442.530500,0.00,1,False
592,08/10/2026 00:00:00,,00231,6,0001,10/30/2028 00:00:00,525.000000,3150.000000,0.00,1,False
593,08/10/2026 00:00:00,,00343,5,0001,10/30/2028 00:00:00,884.906000,4424.530000,0.00,1,False
594,08/11/2026 00:00:00,,00028,100,0001,10/30/2028 00:00:00,1317.405750,131740.575000,0.00,1,False
595,08/11/2026 00:00:00,,00026,1600,0001,10/30/2028 00:00:00,52.696230,84313.968000,0.00,1,False
596,08/12/2026 00:00:00,,00231,50,0001,10/30/2028 00:00:00,525.000000,26250.000000,0.00,1,False
597,08/12/2026 00:00:00,,00199,20,0001,10/30/2028 00:00:00,495.904000,9918.080000,0.00,1,False
598,08/12/2026 00:00:00,,00141,1000,0001,10/30/2028 00:00:00,65.886830,65886.830000,0.00,1,False
599,08/03/2026 00:00:00,,00393,60,0001,10/30/2028 00:00:00,628.752460,37725.147600,0.00,1,False
600,08/13/2026 00:00:00,,00228,28,0001,11/01/2028 00:00:00,2043.993829,57231.827200,0.00,1,False
601,08/13/2026 00:00:00,,00364,12,0001,11/01/2028 00:00:00,1126.728393,13520.740710,0.00,1,False
602,08/13/2026 00:00:00,,00226,60,0001,11/01/2028 00:00:00,571.907487,34314.449200,0.00,1,False
603,08/13/2026 00:00:00,,00349,44,0001,11/01/2028 00:00:00,1102.973693,48530.842470,0.00,1,False
604,08/13/2026 00:00:00,,00404,24,0001,11/01/2028 00:00:00,340.400907,8169.621760,0.00,1,False
605,08/13/2026 00:00:00,,00415,4,0001,11/01/2028 00:00:00,2306.717150,9226.868600,0.00,1,False
606,08/13/2026 00:00:00,,00040,50,0001,11/01/2028 00:00:00,553.862000,27693.100000,0.00,1,False
607,08/13/2026 00:00:00,,00402,24,0001,11/01/2028 00:00:00,351.858617,8444.606800,0.00,1,False
608,08/13/2026 00:00:00,,00400,24,0001,11/01/2028 00:00:00,103.110723,2474.657360,0.00,1,False
609,08/13/2026 00:00:00,,00399,24,0001,11/01/2028 00:00:00,290.007763,6960.186320,0.00,1,False
610,08/13/2026 00:00:00,,00403,24,0001,11/01/2028 00:00:00,97.240283,2333.766800,0.00,1,False
611,08/13/2026 00:00:00,,00401,24,0001,11/01/2028 00:00:00,413.779157,9930.699760,0.00,1,False
612,08/13/2026 00:00:00,,00063,12,0001,11/02/2028 00:00:00,341.518790,4098.225480,0.00,1,False
613,08/13/2026 00:00:00,,00055,12,0001,11/02/2028 00:00:00,498.829153,5985.949840,0.00,1,False
614,08/13/2026 00:00:00,,00041,5,0001,11/02/2028 00:00:00,1234.287670,6171.438350,0.00,1,False
615,08/16/2026 00:00:00,,00183,40,0001,11/03/2028 00:00:00,886.895743,35475.829700,0.00,1,False
616,08/16/2026 00:00:00,,00260,40,0001,11/03/2028 00:00:00,865.109443,34604.377700,0.00,1,False
617,08/16/2026 00:00:00,,00129,44,0001,11/03/2028 00:00:00,1076.506893,47366.303270,0.00,1,False
618,08/16/2026 00:00:00,,00144,44,0001,11/03/2028 00:00:00,901.837293,39680.840870,0.00,1,False
619,08/16/2026 00:00:00,,00147,28,0001,11/03/2028 00:00:00,1883.279543,52731.827200,0.00,1,False
620,08/16/2026 00:00:00,,00268,120,0001,11/03/2028 00:00:00,355.066404,42607.968480,0.00,1,False
