PackingID,ProductID,Quantity,Cost,TTLValue,IsDeleted
1,02004,10.000000000,216.00000,2160.00000,False
1,02014,40.000000000,390.00000,15600.00000,False
1,02334,60.000000000,80.00000,4800.00000,False
1,03192,200.000000000,146.25000,29250.00000,False
2,02006,11.000000000,194.80000,2142.80000,False
2,02010,1100.000000000,10.00000,11000.00000,False
2,02086,1150.000000000,12.50000,14375.00000,False
2,03174,110.000000000,13.86000,1524.60000,False
3,02004,6.000000000,216.00000,1296.00000,False
3,02014,24.000000000,390.00000,9360.00000,False
3,02427,36.000000000,40.00000,1440.00000,False
3,03260,120.000000000,133.33000,15999.60000,False
4,02004,3.000000000,216.00000,648.00000,False
4,02014,12.000000000,390.00000,4680.00000,False
4,02421,20.000000000,40.00000,800.00000,False
4,03254,60.000000000,173.43000,10405.80000,False
5,02004,5.000000000,216.00000,1080.00000,False
5,02014,20.000000000,390.00000,7800.00000,False
5,02430,36.000000000,40.00000,1440.00000,False
5,03263,100.000000000,78.38000,7838.00000,False
6,02004,3.000000000,216.00000,648.00000,False
6,02014,12.000000000,390.00000,4680.00000,False
6,02425,24.000000000,40.00000,960.00000,False
6,03258,60.000000000,66.03000,3961.80000,False
7,02004,3.000000000,216.00000,648.00000,False
7,02014,12.000000000,390.00000,4680.00000,False
7,02423,20.000000000,40.00000,800.00000,False
7,03256,60.000000000,78.28000,4696.80000,False
8,02128,10.000000000,1000.00000,10000.00000,False
8,02428,10.000000000,90.00000,900.00000,False
8,03261,250.000000000,109.49000,27372.50000,False
9,02429,10.000000000,120.00000,1200.00000,False
9,03262,250.000000000,19.46154,4865.38500,False
10,02059,1.000000000,185.00000,185.00000,False
10,02097,12.000000000,218.83929,2626.07148,False
10,02265,15.000000000,40.00000,600.00000,False
10,03010,12.000000000,128.59000,1543.08000,False
11,02033,4.000000000,155.00000,620.00000,False
11,03014,100.000000000,15.46154,1546.15400,False
12,02274,150.000000000,80.00000,12000.00000,False
12,03163,3750.000000000,15.13333,56749.98750,False
13,02032,36.000000000,155.00000,5580.00000,False
13,03001,900.000000000,14.41000,12969.00000,False
14,02258,10.000000000,45.00000,450.00000,False
14,02307,10.000000000,155.00000,1550.00000,False
14,03046,250.000000000,16.77311,4193.27750,False
15,02004,13.000000000,216.00000,2808.00000,False
15,02014,52.000000000,390.00000,20280.00000,False
15,02330,80.000000000,80.00000,6400.00000,False
15,03190,260.000000000,475.31846,123582.79960,False
16,02128,20.000000000,1000.00000,20000.00000,False
16,02146,26.000000000,90.00000,2340.00000,False
16,03097,500.000000000,105.17000,52585.00000,False
17,02059,1.000000000,185.00000,185.00000,False
17,02097,12.000000000,218.83929,2626.07148,False
17,02431,15.000000000,40.00000,600.00000,False
17,03135,12.000000000,224.30000,2691.60000,False
18,02048,15.000000000,40.00000,600.00000,False
18,02059,1.000000000,185.00000,185.00000,False
18,02097,12.000000000,218.83929,2626.07148,False
18,03027,12.000000000,231.13000,2773.56000,False
19,02059,1.000000000,185.00000,185.00000,False
19,02097,12.000000000,218.83929,2626.07148,False
19,02300,15.000000000,40.00000,600.00000,False
19,03034,12.000000000,95.53000,1146.36000,False
20,02004,1.000000000,216.00000,216.00000,False
20,02014,4.000000000,390.00000,1560.00000,False
20,02124,12.000000000,40.00000,480.00000,False
20,03026,20.000000000,111.86000,2237.20000,False
21,02047,15.000000000,40.00000,600.00000,False
21,02059,1.000000000,185.00000,185.00000,False
21,02097,12.000000000,218.83929,2626.07148,False
21,03026,12.000000000,111.86000,1342.32000,False
22,02004,2.000000000,216.00000,432.00000,False
22,02014,8.000000000,390.00000,3120.00000,False
22,02025,12.000000000,40.00000,480.00000,False
22,03009,40.000000000,126.03500,5041.40000,False
23,02004,2.000000000,216.00000,432.00000,False
23,02014,8.000000000,390.00000,3120.00000,False
23,02323,12.000000000,40.00000,480.00000,False
23,03107,40.000000000,122.18000,4887.20000,False
24,02274,50.000000000,80.00000,4000.00000,False
24,03163,1250.000000000,10.00000,12500.00000,False
25,02004,2.000000000,216.00000,432.00000,False
25,02014,8.000000000,390.00000,3120.00000,False
25,03011,40.000000000,121.85000,4874.00000,False
26,03055,5000.000000000,17.65744,88287.20000,False
27,03021,1000.000000000,50.03050,50030.50000,False
28,02004,8.000000000,216.00000,1728.00000,False
28,02014,28.000000000,390.00000,10920.00000,False
28,03011,140.000000000,83.09732,11633.62480,False
29,02128,10.000000000,1000.00000,10000.00000,False
29,03104,250.000000000,142.54000,35635.00000,False
30,02128,11.000000000,1000.00000,11000.00000,False
30,02268,32.000000000,90.00000,2880.00000,False
30,03162,600.000000000,61.30667,36784.00200,False
31,02004,12.000000000,216.00000,2592.00000,False
31,02014,48.000000000,390.00000,18720.00000,False
31,02365,64.000000000,40.00000,2560.00000,False
31,03028,240.000000000,364.29667,87431.20080,False
32,02004,10.000000000,216.00000,2160.00000,False
32,02014,40.000000000,390.00000,15600.00000,False
32,02144,55.000000000,20.00000,1100.00000,False
32,03094,200.000000000,333.47500,66695.00000,False
33,02059,4.000000000,185.00000,740.00000,False
33,02097,48.000000000,218.83929,10504.28592,False
33,03096,48.000000000,84.90000,4075.20000,False
34,02004,27.000000000,216.00000,5832.00000,False
34,02014,110.000000000,390.00000,42900.00000,False
34,02147,150.000000000,40.00000,6000.00000,False
34,03054,520.000000000,96.58077,50222.00040,False
35,02014,44.000000000,390.00000,17160.00000,False
35,02364,64.000000000,40.00000,2560.00000,False
35,03215,220.000000000,627.55089,138061.19580,False
36,02004,7.000000000,216.00000,1512.00000,False
36,02014,28.000000000,390.00000,10920.00000,False
36,02427,50.000000000,40.00000,2000.00000,False
36,03260,140.000000000,132.06390,18488.94600,False
37,02032,5.000000000,155.00000,775.00000,False
37,03001,125.000000000,17.14393,2142.99125,False
38,02059,17.000000000,185.00000,3145.00000,False
38,02097,190.000000000,218.83929,41579.46510,False
38,02399,190.000000000,20.00000,3800.00000,False
38,03025,190.000000000,36.28044,6893.28360,False
39,02059,15.000000000,185.00000,2775.00000,False
39,02097,120.000000000,218.83929,26260.71480,False
39,02398,120.000000000,20.00000,2400.00000,False
39,03093,120.000000000,279.96915,33596.29800,False
40,02042,10.000000000,40.00000,400.00000,False
40,02213,10.000000000,155.00000,1550.00000,False
40,03019,250.000000000,17.31122,4327.80500,False
41,02004,6.000000000,216.00000,1296.00000,False
41,02014,50.000000000,390.00000,19500.00000,False
41,02216,72.000000000,40.00000,2880.00000,False
41,03075,240.000000000,44.17000,10600.80000,False
42,02032,210.000000000,155.00000,32550.00000,False
42,03001,5000.000000000,17.34808,86740.40000,False
43,02274,100.000000000,80.00000,8000.00000,False
43,03163,2500.000000000,17.68000,44200.00000,False
44,02307,49.000000000,155.00000,7595.00000,False
44,03151,1225.000000000,52.29363,64059.69675,False
45,02258,50.000000000,45.00000,2250.00000,False
45,02307,50.000000000,155.00000,7750.00000,False
45,03046,1250.000000000,16.73461,20918.26250,False
46,02433,1344.000000000,250.00000,336000.00000,False
46,03264,161.000000000,439.76038,70801.42118,False
47,02059,20.000000000,185.00000,3700.00000,False
47,02097,180.000000000,202.39915,36431.84700,False
47,03003,180.000000000,33.29028,5992.25040,False
48,02006,21.000000000,199.98987,4199.78727,False
48,02010,2100.000000000,9.12281,19157.90100,False
48,02018,2050.000000000,12.00000,24600.00000,False
48,03003,200.000000000,33.29028,6658.05600,False
49,02314,2420.000000000,12.50000,30250.00000,False
49,02316,2450.000000000,6.00000,14700.00000,False
49,02317,20.000000000,160.00000,3200.00000,False
49,03010,80.000000000,125.58658,10046.92640,False
50,02059,8.000000000,185.00000,1480.00000,False
50,02191,750.000000000,17.00000,12750.00000,False
50,03118,75.000000000,144.30610,10822.95750,False
51,02006,11.000000000,199.98987,2199.88857,False
51,02010,1050.000000000,9.12281,9578.95050,False
51,02313,1050.000000000,11.50000,12075.00000,False
51,03179,100.000000000,49.30753,4930.75300,False
52,02006,12.000000000,199.98987,2399.87844,False
52,02010,1100.000000000,9.12281,10035.09100,False
52,02020,1100.000000000,12.00000,13200.00000,False
52,03018,108.000000000,103.76888,11207.03904,False
53,02006,20.000000000,199.98987,3999.79740,False
53,02010,2100.000000000,9.12281,19157.90100,False
53,02278,2100.000000000,12.00000,25200.00000,False
53,03165,200.000000000,11.80986,2361.97200,False
54,02004,4.000000000,235.00000,940.00000,False
54,02019,400.000000000,11.50000,4600.00000,False
54,03012,38.000000000,116.77315,4437.37970,False
55,02004,10.000000000,235.00000,2350.00000,False
55,02014,40.000000000,390.00000,15600.00000,False
55,02332,60.000000000,80.00000,4800.00000,False
55,03191,200.000000000,73.00437,14600.87400,False
56,02004,5.000000000,235.00000,1175.00000,False
56,02014,20.000000000,390.00000,7800.00000,False
56,02334,30.000000000,80.00000,2400.00000,False
56,03192,100.000000000,168.24522,16824.52200,False
57,02004,9.000000000,216.60804,1949.47236,False
57,02014,35.000000000,390.00000,13650.00000,False
57,02337,50.000000000,80.00000,4000.00000,False
57,03194,160.000000000,93.75005,15000.00800,False
58,02004,8.000000000,216.60804,1732.86432,False
58,02014,35.000000000,390.00000,13650.00000,False
58,02336,50.000000000,80.00000,4000.00000,False
58,03193,160.000000000,247.91501,39666.40160,False
59,02004,25.000000000,216.60804,5415.20100,False
59,02014,105.000000000,390.00000,40950.00000,False
59,02330,140.000000000,80.00000,11200.00000,False
59,03190,500.000000000,410.24064,205120.32000,False
60,02033,10.000000000,155.00000,1550.00000,False
60,03014,250.000000000,13.46106,3365.26500,False
61,02004,6.000000000,216.60804,1299.64824,False
61,02014,24.000000000,390.00000,9360.00000,False
61,02031,40.000000000,40.00000,1600.00000,False
61,03010,120.000000000,125.58658,15070.38960,False
62,02059,2.000000000,185.00000,370.00000,False
62,02097,24.000000000,202.39915,4857.57960,False
62,03028,24.000000000,390.28480,9366.83520,False
63,02004,5.000000000,216.60804,1083.04020,False
63,02014,16.000000000,390.00000,6240.00000,False
63,02293,40.000000000,40.00000,1600.00000,False
63,03183,80.000000000,67.26667,5381.33360,False
64,02004,8.000000000,216.60804,1732.86432,False
64,02014,32.000000000,390.00000,12480.00000,False
64,02384,64.000000000,40.00000,2560.00000,False
64,03236,160.000000000,93.77648,15004.23680,False
65,02258,40.000000000,45.00000,1800.00000,False
65,02307,40.000000000,155.00000,6200.00000,False
65,03046,1000.000000000,16.66146,16661.46000,False
66,02033,20.000000000,155.00000,3100.00000,False
66,03014,500.000000000,13.46106,6730.53000,False
67,03021,2500.000000000,66.04065,165101.62500,False
68,02097,240.000000000,202.39915,48575.79600,False
68,03224,240.000000000,64.30450,15433.08000,False
69,02004,45.000000000,216.60804,9747.36180,False
69,02315,1000.000000000,30.00000,30000.00000,False
69,03182,960.000000000,17.75916,17048.79360,False
70,02006,4.000000000,199.98987,799.95948,False
70,02010,450.000000000,9.12281,4105.26450,False
70,02020,450.000000000,12.00000,5400.00000,False
70,03018,40.000000000,90.32633,3613.05320,False
71,02004,22.000000000,216.60804,4765.37688,False
71,02014,80.000000000,390.00000,31200.00000,False
71,02346,112.000000000,40.00000,4480.00000,False
71,03202,400.000000000,104.77088,41908.35200,False
72,02002,10.000000000,180.00000,1800.00000,False
72,02434,135.000000000,40.00000,5400.00000,False
72,03247,120.000000000,104.04268,12485.12160,False
73,02015,240.000000000,332.50000,79800.00000,False
73,03060,240.000000000,95.75414,22980.99360,False
74,02433,672.000000000,150.00000,100800.00000,False
74,03264,80.000000000,470.41105,37632.88400,False
75,02006,2.000000000,199.98987,399.97974,False
75,02010,200.000000000,9.12281,1824.56200,False
75,02278,200.000000000,12.00000,2400.00000,False
75,03165,20.000000000,11.78791,235.75820,False
76,02059,2.000000000,185.00000,370.00000,False
76,02097,24.000000000,202.39915,4857.57960,False
76,02265,32.000000000,40.00000,1280.00000,False
76,03010,24.000000000,125.58658,3014.07792,False
77,02059,10.000000000,185.00000,1850.00000,False
77,02314,1460.000000000,12.50000,18250.00000,False
77,02316,1500.000000000,6.00000,9000.00000,False
77,03010,43.000000000,125.58658,5400.22294,False
78,02003,5.000000000,216.00000,1080.00000,False
78,02051,100.000000000,30.00000,3000.00000,False
78,03014,100.000000000,13.46106,1346.10600,False
79,02032,55.000000000,155.00000,8525.00000,False
79,03001,1250.000000000,14.56055,18200.68750,False
80,03182,250.000000000,16.67366,4168.41500,False
81,02059,3.000000000,185.00000,555.00000,False
81,02191,250.000000000,17.00000,4250.00000,False
81,03118,25.000000000,121.49994,3037.49850,False
82,02006,2.000000000,199.98987,399.97974,False
82,02010,210.000000000,9.12281,1915.79010,False
82,02018,220.000000000,12.00000,2640.00000,False
82,03003,20.000000000,33.29028,665.80560,False
83,02059,5.000000000,185.00000,925.00000,False
83,02097,26.000000000,202.39915,5262.37790,False
83,03003,60.000000000,33.29028,1997.41680,False
84,02258,10.000000000,45.00000,450.00000,False
84,02307,10.000000000,155.00000,1550.00000,False
84,03046,250.000000000,13.78965,3447.41250,False
85,02277,20.000000000,155.00000,3100.00000,False
85,03173,500.000000000,14.56055,7280.27500,False
86,02314,1120.000000000,12.50000,14000.00000,False
86,02316,1200.000000000,6.00000,7200.00000,False
86,02317,15.000000000,160.00000,2400.00000,False
86,03010,34.000000000,125.64313,4271.86642,False
87,02277,110.000000000,155.00000,17050.00000,False
87,02372,110.000000000,40.00000,4400.00000,False
87,03222,2500.000000000,20.78096,51952.40000,False
88,02004,22.000000000,231.59940,5095.18680,False
88,02014,85.000000000,392.56410,33367.94850,False
88,02147,110.000000000,40.00000,4400.00000,False
88,03054,400.000000000,57.09101,22836.40400,False
89,02004,20.000000000,231.59940,4631.98800,False
89,02014,60.000000000,392.56410,23553.84600,False
89,02211,144.000000000,40.00000,5760.00000,False
89,03074,280.000000000,115.47660,32333.44800,False
90,02140,30.000000000,1100.00000,33000.00000,False
90,02232,370.000000000,30.00000,11100.00000,False
90,03146,360.000000000,152.73469,54984.48840,False
91,00374,20.000000000,70.00000,1400.00000,False
91,02140,10.000000000,1100.00000,11000.00000,False
91,02341,160.000000000,30.00000,4800.00000,False
91,03197,150.000000000,132.56633,19884.94950,False
92,02054,20.000000000,185.00000,3700.00000,False
92,02329,25.000000000,120.00000,3000.00000,False
92,03189,500.000000000,27.46106,13730.53000,False
93,02004,5.000000000,231.59940,1157.99700,False
93,02014,20.000000000,392.56410,7851.28200,False
93,02435,52.000000000,40.00000,2080.00000,False
93,03265,100.000000000,274.87542,27487.54200,False
94,02274,2.000000000,80.00000,160.00000,False
94,03163,50.000000000,17.00000,850.00000,False
95,02042,2.000000000,40.00000,80.00000,False
95,02213,2.000000000,155.00000,310.00000,False
95,03019,50.000000000,21.96106,1098.05300,False
96,02004,25.000000000,231.59940,5789.98500,False
96,02014,95.000000000,392.56410,37293.58950,False
96,02365,110.000000000,40.00000,4400.00000,False
96,03028,460.000000000,59.63195,27430.69700,False
97,02004,12.000000000,231.59940,2779.19280,False
97,02014,50.000000000,392.56410,19628.20500,False
97,02145,60.000000000,22.75862,1365.51720,False
97,03095,220.000000000,60.06028,13213.26160,False
98,02004,22.000000000,231.59940,5095.18680,False
98,02014,84.000000000,392.56410,32975.38440,False
98,02404,110.000000000,40.00000,4400.00000,False
98,03101,420.000000000,94.40513,39650.15460,False
99,02004,12.000000000,231.59940,2779.19280,False
99,02014,44.000000000,392.56410,17272.82040,False
99,02131,60.000000000,20.00000,1200.00000,False
99,03089,220.000000000,113.78869,25033.51180,False
100,02004,35.000000000,231.59940,8105.97900,False
100,02014,135.000000000,392.56410,52996.15350,False
100,02144,168.000000000,20.00000,3360.00000,False
100,03094,640.000000000,315.45563,201891.60320,False
101,02004,1.000000000,231.59940,231.59940,False
101,02014,4.000000000,392.56410,1570.25640,False
101,02132,6.000000000,20.00000,120.00000,False
101,03090,20.000000000,137.51743,2750.34860,False
102,02004,32.000000000,229.87145,7355.88640,False
102,02014,120.000000000,392.56410,47107.69200,False
102,02132,160.000000000,20.00000,3200.00000,False
102,03090,580.000000000,161.33084,93571.88720,False
103,02004,16.000000000,229.87145,3677.94320,False
103,02014,60.000000000,392.56410,23553.84600,False
103,02141,80.000000000,20.00000,1600.00000,False
103,03092,295.000000000,82.56813,24357.59835,False
104,02004,43.000000000,229.87145,9884.47235,False
104,02014,170.000000000,392.56410,66735.89700,False
104,02363,220.000000000,20.00000,4400.00000,False
104,03102,820.000000000,132.42435,108587.96700,False
105,02004,15.000000000,229.87145,3448.07175,False
105,02013,60.000000000,390.00000,23400.00000,False
105,02142,110.000000000,40.00000,4400.00000,False
105,03093,300.000000000,269.78876,80936.62800,False
106,02004,20.000000000,229.87145,4597.42900,False
106,02014,80.000000000,392.56410,31405.12800,False
106,02410,110.000000000,80.00000,8800.00000,False
106,03248,400.000000000,106.93652,42774.60800,False
107,02004,40.000000000,229.87145,9194.85800,False
107,02014,170.000000000,392.56410,66735.89700,False
107,02133,220.000000000,20.00000,4400.00000,False
107,03091,800.000000000,115.39655,92317.24000,False
108,02004,23.000000000,229.87145,5287.04335,False
108,02014,92.000000000,392.56410,36115.89720,False
108,02293,110.000000000,40.00000,4400.00000,False
108,03183,460.000000000,57.81229,26593.65340,False
109,02004,10.000000000,229.87145,2298.71450,False
109,02014,40.000000000,392.56410,15702.56400,False
109,02371,64.000000000,40.00000,2560.00000,False
109,03221,200.000000000,142.10916,28421.83200,False
110,02004,4.000000000,233.70999,934.83996,False
110,02014,16.000000000,390.69597,6251.13552,False
110,02267,24.000000000,40.00000,960.00000,False
110,03122,80.000000000,75.30670,6024.53600,False
111,02004,3.000000000,233.70999,701.12997,False
111,02014,12.000000000,390.69597,4688.35164,False
111,02271,24.000000000,40.00000,960.00000,False
111,03120,60.000000000,55.59393,3335.63580,False
112,02004,3.000000000,233.70999,701.12997,False
112,02014,12.000000000,390.69597,4688.35164,False
112,03003,60.000000000,181.53284,10891.97040,False
113,02004,8.000000000,233.70999,1869.67992,False
113,02014,32.000000000,390.69597,12502.27104,False
113,02272,32.000000000,40.00000,1280.00000,False
113,03119,160.000000000,98.91146,15825.83360,False
114,02004,9.000000000,233.70999,2103.38991,False
114,02014,36.000000000,390.69597,14065.05492,False
114,02350,64.000000000,40.00000,2560.00000,False
114,03206,180.000000000,106.78664,19221.59520,False
115,02004,25.000000000,233.70999,5842.74975,False
115,02014,100.000000000,390.69597,39069.59700,False
115,02026,144.000000000,60.00000,8640.00000,False
115,03020,500.000000000,343.80818,171904.09000,False
116,02307,11.000000000,155.00000,1705.00000,False
116,02351,12.000000000,140.00000,1680.00000,False
116,03207,275.000000000,13.46106,3701.79150,False
117,02034,200.000000000,80.00000,16000.00000,False
117,03002,5000.000000000,11.73000,58650.00000,False
118,03113,5000.000000000,11.61500,58075.00000,False
119,02274,70.000000000,80.00000,5600.00000,False
119,03163,1750.000000000,17.48571,30599.99250,False
120,02307,22.000000000,155.00000,3410.00000,False
120,03087,550.000000000,19.90668,10948.67400,False
121,03182,125.000000000,20.32668,2540.83500,False
122,02128,24.000000000,1066.00000,25584.00000,False
122,02268,26.000000000,90.00000,2340.00000,False
122,03162,600.000000000,52.13148,31278.88800,False
123,02059,15.000000000,185.00000,2775.00000,False
123,02097,156.000000000,230.00000,35880.00000,False
123,02399,110.000000000,20.00000,2200.00000,False
123,03025,156.000000000,54.15363,8447.96628,False
124,02004,52.000000000,233.70999,12152.91948,False
124,02014,200.000000000,390.20504,78041.00800,False
124,02106,270.000000000,20.00000,5400.00000,False
124,03025,1000.000000000,54.15363,54153.63000,False
125,02004,2.000000000,233.70999,467.41998,False
125,02014,6.000000000,390.20504,2341.23024,False
125,02131,6.000000000,20.00000,120.00000,False
125,03089,30.000000000,114.96842,3449.05260,False
126,02004,12.000000000,233.70999,2804.51988,False
126,02014,44.000000000,390.20504,17169.02176,False
126,02364,64.000000000,40.00000,2560.00000,False
126,03215,220.000000000,563.94646,124068.22120,False
127,02128,130.000000000,1066.00000,138580.00000,False
127,02160,130.000000000,90.00000,11700.00000,False
127,03104,3250.000000000,69.91882,227236.16500,False
128,02128,54.000000000,1066.00000,57564.00000,False
128,03245,1350.000000000,79.49356,107316.30600,False
129,02148,12.000000000,140.00000,1680.00000,False
129,02307,10.000000000,155.00000,1550.00000,False
129,03098,250.000000000,13.46106,3365.26500,False
130,02004,14.000000000,233.70999,3271.93986,False
130,02014,52.000000000,390.20504,20290.66208,False
130,02337,80.000000000,80.00000,6400.00000,False
130,03194,260.000000000,91.59664,23815.12640,False
131,02004,14.000000000,233.70999,3271.93986,False
131,02014,52.000000000,390.20504,20290.66208,False
131,02332,80.000000000,80.00000,6400.00000,False
131,03191,260.000000000,47.08371,12241.76460,False
132,02004,5.000000000,233.70999,1168.54995,False
132,02014,20.000000000,390.20504,7804.10080,False
132,02436,52.000000000,40.00000,2080.00000,False
132,03266,100.000000000,18.70036,1870.03600,False
133,02128,5.000000000,1066.00000,5330.00000,False
133,02437,6.000000000,90.00000,540.00000,False
133,03267,125.000000000,126.71836,15839.79500,False
134,00374,20.000000000,75.00000,1500.00000,False
134,02140,10.000000000,1100.00000,11000.00000,False
134,02341,160.000000000,30.00000,4800.00000,False
134,03197,150.000000000,140.16462,21024.69300,False
135,02004,15.000000000,233.70999,3505.64985,False
135,02014,60.000000000,390.20504,23412.30240,False
135,02342,80.000000000,80.00000,6400.00000,False
135,03198,300.000000000,14.06721,4220.16300,False
136,02006,2.000000000,199.98987,399.97974,False
136,02010,200.000000000,9.12281,1824.56200,False
136,02278,210.000000000,12.00000,2520.00000,False
136,03165,20.000000000,11.64833,232.96660,False
137,02059,5.000000000,185.00000,925.00000,False
137,02097,24.000000000,230.00000,5520.00000,False
137,03003,60.000000000,34.71409,2082.84540,False
138,02033,100.000000000,155.00000,15500.00000,False
138,03014,2500.000000000,13.48338,33708.45000,False
139,02034,50.000000000,80.00000,4000.00000,False
139,03134,1250.000000000,11.96000,14950.00000,False
140,02042,2.000000000,40.00000,80.00000,False
140,02213,2.000000000,155.00000,310.00000,False
140,03019,50.000000000,23.11900,1155.95000,False
141,02004,6.000000000,233.70999,1402.25994,False
141,02014,24.000000000,433.83980,10412.15520,False
141,02439,32.000000000,40.00000,1280.00000,False
141,03269,120.000000000,120.50419,14460.50280,False
142,02004,6.000000000,233.70999,1402.25994,False
142,02014,20.000000000,433.83980,8676.79600,False
142,02220,40.000000000,40.00000,1600.00000,False
142,03142,100.000000000,123.20906,12320.90600,False
143,02004,7.000000000,233.70999,1635.96993,False
143,02014,30.000000000,433.83980,13015.19400,False
143,02348,40.000000000,40.00000,1600.00000,False
143,03205,140.000000000,109.69697,15357.57580,False
144,02128,20.000000000,1066.00000,21320.00000,False
144,02268,22.000000000,90.00000,1980.00000,False
144,03162,500.000000000,27.03870,13519.35000,False
145,02307,25.000000000,155.00000,3875.00000,False
145,02351,30.000000000,140.00000,4200.00000,False
145,03207,625.000000000,13.74776,8592.35000,False
146,02174,400.000000000,100.00000,40000.00000,False
146,03113,10000.000000000,11.61500,116150.00000,False
147,02274,100.000000000,80.00000,8000.00000,False
147,03163,2500.000000000,17.34000,43350.00000,False
148,02258,160.000000000,40.16129,6425.80640,False
148,02277,150.000000000,155.00000,23250.00000,False
148,02307,100.000000000,155.00000,15500.00000,False
148,03046,3750.000000000,21.88728,82077.30000,False
149,00374,15.000000000,75.00000,1125.00000,False
149,02140,15.000000000,1100.00000,16500.00000,False
149,02341,225.000000000,30.00000,6750.00000,False
149,03197,225.000000000,134.39270,30238.35750,False
150,02004,15.000000000,233.42179,3501.32685,False
150,02014,52.000000000,433.83980,22559.66960,False
150,02330,70.000000000,80.00000,5600.00000,False
150,03190,260.000000000,336.46814,87481.71640,False
151,02004,12.000000000,233.42179,2801.06148,False
151,02014,60.000000000,433.83980,26030.38800,False
151,02336,70.000000000,80.00000,5600.00000,False
151,03193,240.000000000,264.90557,63577.33680,False
152,02004,11.000000000,233.42179,2567.63969,False
152,02014,50.000000000,433.83980,21691.99000,False
152,02337,60.000000000,80.00000,4800.00000,False
152,03194,220.000000000,90.87602,19992.72440,False
153,02004,5.000000000,233.42179,1167.10895,False
153,02014,20.000000000,433.83980,8676.79600,False
153,02334,30.000000000,80.00000,2400.00000,False
153,03192,100.000000000,173.13777,17313.77700,False
154,02128,10.000000000,1066.00000,10660.00000,False
154,02345,12.000000000,90.00000,1080.00000,False
154,03201,250.000000000,46.25650,11564.12500,False
155,02128,10.000000000,1066.00000,10660.00000,False
155,02437,20.000000000,90.00000,1800.00000,False
155,03267,250.000000000,129.24546,32311.36500,False
156,02128,20.000000000,1066.00000,21320.00000,False
156,03084,500.000000000,110.45427,55227.13500,False
157,02032,34.000000000,155.00000,5270.00000,False
157,03001,850.000000000,17.54585,14913.97250,False
158,02307,19.000000000,155.00000,2945.00000,False
158,03087,475.000000000,22.65781,10762.45975,False
159,02042,10.000000000,40.00000,400.00000,False
159,02213,10.000000000,155.00000,1550.00000,False
159,03019,250.000000000,27.15730,6789.32500,False
160,02274,100.000000000,80.00000,8000.00000,False
160,03163,2500.000000000,17.00000,42500.00000,False
161,02274,15.000000000,80.00000,1200.00000,False
161,03163,375.000000000,17.00000,6375.00000,False
162,02004,5.000000000,233.42179,1167.10895,False
162,02014,20.000000000,438.54013,8770.80260,False
162,02144,30.000000000,20.00000,600.00000,False
162,03094,100.000000000,269.62394,26962.39400,False
163,02004,12.000000000,233.42179,2801.06148,False
163,02014,40.000000000,438.54013,17541.60520,False
163,02031,64.000000000,40.00000,2560.00000,False
163,03010,200.000000000,164.25914,32851.82800,False
164,02004,13.000000000,233.42179,3034.48327,False
164,02014,48.000000000,438.54013,21049.92624,False
164,02237,64.000000000,40.00000,2560.00000,False
164,03121,240.000000000,88.18910,21165.38400,False
165,02004,12.000000000,233.42179,2801.06148,False
165,02014,60.000000000,438.54013,26312.40780,False
165,02394,80.000000000,40.00000,3200.00000,False
165,03240,240.000000000,161.75148,38820.35520,False
166,02004,17.000000000,233.42179,3968.17043,False
166,02014,70.000000000,438.54013,30697.80910,False
166,02395,80.000000000,40.00000,3200.00000,False
166,03241,300.000000000,90.95473,27286.41900,False
167,02004,12.000000000,233.42179,2801.06148,False
167,02014,44.000000000,438.54013,19295.76572,False
167,02027,70.000000000,40.00000,2800.00000,False
167,03003,220.000000000,34.69172,7632.17840,False
168,02004,40.000000000,233.42179,9336.87160,False
168,02014,160.000000000,438.54013,70166.42080,False
168,02029,200.000000000,20.00000,4000.00000,False
168,03011,740.000000000,97.27685,71984.86900,False
169,02004,32.000000000,233.42179,7469.49728,False
169,02014,120.000000000,439.68910,52762.69200,False
169,02026,160.000000000,50.00000,8000.00000,False
169,03020,600.000000000,347.32464,208394.78400,False
170,02006,5.000000000,199.98987,999.94935,False
170,02010,900.000000000,9.12281,8210.52900,False
170,02018,750.000000000,12.00000,9000.00000,False
170,03003,70.000000000,34.69172,2428.42040,False
171,02059,5.000000000,185.00000,925.00000,False
171,02097,60.000000000,230.00000,13800.00000,False
171,03003,60.000000000,34.69172,2081.50320,False
172,02010,430.000000000,9.12281,3922.80830,False
172,02278,430.000000000,12.00000,5160.00000,False
172,03165,40.000000000,38.72310,1548.92400,False
173,02299,25.000000000,30.00000,750.00000,False
173,03163,25.000000000,17.00000,425.00000,False
174,02006,2.000000000,217.00000,434.00000,False
174,02010,200.000000000,9.12281,1824.56200,False
174,02224,200.000000000,11.50000,2300.00000,False
174,03010,20.000000000,164.25914,3285.18280,False
175,02033,30.000000000,155.00000,4650.00000,False
175,03014,750.000000000,13.21900,9914.25000,False
176,02002,4.000000000,180.00000,720.00000,False
176,02097,48.000000000,230.00000,11040.00000,False
176,02298,64.000000000,40.00000,2560.00000,False
176,03011,48.000000000,111.95797,5373.98256,False
177,02004,3.000000000,233.42179,700.26537,False
177,02014,12.000000000,439.68910,5276.26920,False
177,02029,12.000000000,20.00000,240.00000,False
177,03011,60.000000000,111.95797,6717.47820,False
178,02047,32.000000000,40.00000,1280.00000,False
178,02059,2.000000000,185.00000,370.00000,False
178,02097,24.000000000,230.00000,5520.00000,False
178,03026,24.000000000,111.20109,2668.82616,False
179,02059,5.000000000,185.00000,925.00000,False
179,02097,60.000000000,230.00000,13800.00000,False
179,02164,72.000000000,40.00000,2880.00000,False
179,03107,60.000000000,138.34910,8300.94600,False
180,02307,5.000000000,155.00000,775.00000,False
180,03023,125.000000000,13.97520,1746.90000,False
181,02059,5.000000000,185.00000,925.00000,False
181,02097,60.000000000,230.00000,13800.00000,False
181,02165,72.000000000,40.00000,2880.00000,False
181,03035,60.000000000,71.50609,4290.36540,False
182,02014,8.000000000,439.68910,3517.51280,False
182,02093,24.000000000,40.00000,960.00000,False
182,03035,40.000000000,71.50609,2860.24360,False
183,02004,4.000000000,233.42179,933.68716,False
183,02014,12.000000000,439.68910,5276.26920,False
183,02209,24.000000000,40.00000,960.00000,False
183,03135,60.000000000,224.30435,13458.26100,False
184,02004,10.000000000,233.42179,2334.21790,False
184,02191,1250.000000000,17.00000,21250.00000,False
184,03118,120.000000000,109.98650,13198.38000,False
185,02258,10.000000000,40.16129,401.61290,False
185,02307,10.000000000,155.00000,1550.00000,False
185,03046,250.000000000,19.49363,4873.40750,False
186,02032,10.000000000,155.00000,1550.00000,False
186,03001,250.000000000,17.34286,4335.71500,False
187,02307,10.000000000,155.00000,1550.00000,False
187,03151,250.000000000,60.99924,15249.81000,False
188,02004,4.000000000,233.42179,933.68716,False
188,02076,80.000000000,28.75000,2300.00000,False
188,02094,100.000000000,40.00000,4000.00000,False
188,03109,75.000000000,163.62132,12271.59900,False
189,02004,27.000000000,234.35071,6327.46917,False
189,02014,110.000000000,439.68910,48365.80100,False
189,02220,144.000000000,40.00000,5760.00000,False
189,03142,500.000000000,130.43810,65219.05000,False
190,02004,5.000000000,234.35071,1171.75355,False
190,02014,16.000000000,439.68910,7035.02560,False
190,02267,24.000000000,40.00000,960.00000,False
190,03122,80.000000000,24.95941,1996.75280,False
191,02004,2.000000000,234.35071,468.70142,False
191,02014,8.000000000,439.68910,3517.51280,False
191,02031,10.000000000,40.00000,400.00000,False
191,03010,40.000000000,164.26007,6570.40280,False
192,02274,10.000000000,80.00000,800.00000,False
192,03163,500.000000000,17.00000,8500.00000,False
193,02033,10.000000000,155.00000,1550.00000,False
193,03014,250.000000000,13.21900,3304.75000,False
194,02258,5.000000000,40.16129,200.80645,False
194,02307,5.000000000,155.00000,775.00000,False
194,03046,125.000000000,20.41896,2552.37000,False
195,02213,10.000000000,155.00000,1550.00000,False
195,02420,10.000000000,45.84906,458.49060,False
195,03253,250.000000000,16.80950,4202.37500,False
196,02002,6.000000000,180.00000,1080.00000,False
196,02097,240.000000000,199.66292,47919.10080,False
196,03224,240.000000000,81.72756,19614.61440,False
197,02097,240.000000000,199.66292,47919.10080,False
197,03225,240.000000000,271.36767,65128.24080,False
198,02097,240.000000000,199.66292,47919.10080,False
198,03223,240.000000000,135.79525,32590.86000,False
199,02213,2.000000000,155.00000,310.00000,False
199,02420,2.000000000,45.84906,91.69812,False
199,03253,50.000000000,16.80950,840.47500,False
200,02307,1.000000000,155.00000,155.00000,False
200,03151,25.000000000,62.90576,1572.64400,False
201,02277,50.000000000,155.00000,7750.00000,False
201,02440,45.000000000,140.00000,6300.00000,False
201,03270,1000.000000000,71.61851,71618.51000,False
202,02042,1.000000000,40.00000,40.00000,False
202,02213,1.000000000,155.00000,155.00000,False
202,03019,25.000000000,47.19810,1179.95250,False
203,02032,91.000000000,155.00000,14105.00000,False
203,03001,2275.000000000,10.67560,24286.99000,False
204,02059,10.000000000,185.00000,1850.00000,False
204,02097,120.000000000,199.66292,23959.55040,False
204,03003,120.000000000,33.75846,4051.01520,False
205,02004,10.000000000,234.35071,2343.50710,False
205,02014,40.000000000,439.68910,17587.56400,False
205,02027,50.000000000,40.00000,2000.00000,False
205,03003,200.000000000,33.75846,6751.69200,False
206,02004,17.000000000,234.35071,3983.96207,False
206,02014,60.000000000,439.90810,26394.48600,False
206,02330,80.000000000,80.00000,6400.00000,False
206,03190,300.000000000,264.47693,79343.07900,False
207,02004,6.000000000,234.35071,1406.10426,False
207,02014,20.000000000,439.90810,8798.16200,False
207,02435,30.000000000,80.00000,2400.00000,False
207,03265,100.000000000,84.24137,8424.13700,False
208,02004,7.000000000,234.35071,1640.45497,False
208,02014,20.000000000,439.90810,8798.16200,False
208,02436,32.000000000,80.00000,2560.00000,False
208,03266,100.000000000,21.58613,2158.61300,False
209,00374,15.000000000,75.00000,1125.00000,False
209,02140,10.000000000,1100.00000,11000.00000,False
209,02341,55.000000000,30.00000,1650.00000,False
209,03197,150.000000000,152.78757,22918.13550,False
210,02277,3.000000000,155.00000,465.00000,False
210,02438,5.000000000,140.00000,700.00000,False
210,03268,75.000000000,13.21900,991.42500,False
211,02274,3.000000000,80.00000,240.00000,False
211,03163,750.000000000,17.00000,12750.00000,False
212,02058,6.000000000,140.00000,840.00000,False
212,02307,2.000000000,155.00000,310.00000,False
212,03045,50.000000000,13.97520,698.76000,False
213,02004,3.000000000,234.35071,703.05213,False
213,02014,8.000000000,439.90810,3519.26480,False
213,02029,12.000000000,20.00000,240.00000,False
213,03011,40.000000000,129.35805,5174.32200,False
214,02004,5.000000000,234.35071,1171.75355,False
214,02014,12.000000000,439.90810,5278.89720,False
214,02031,14.000000000,40.00000,560.00000,False
214,03010,60.000000000,156.01007,9360.60420,False
215,02004,4.000000000,234.35071,937.40284,False
215,02014,4.000000000,439.90810,1759.63240,False
215,02271,6.000000000,40.00000,240.00000,False
215,03120,20.000000000,55.68013,1113.60260,False
216,02004,5.000000000,234.35071,1171.75355,False
216,02014,8.000000000,439.90810,3519.26480,False
216,02357,12.000000000,40.00000,480.00000,False
216,03116,40.000000000,211.16383,8446.55320,False
217,02004,2.000000000,234.35071,468.70142,False
217,02014,4.000000000,439.90810,1759.63240,False
217,02028,12.000000000,40.00000,480.00000,False
217,03029,20.000000000,25.17038,503.40760,False
218,02234,6.000000000,140.00000,840.00000,False
218,02307,2.000000000,155.00000,310.00000,False
218,03147,50.000000000,13.21900,660.95000,False
219,02054,2.000000000,200.00000,400.00000,False
219,02060,4.000000000,140.00000,560.00000,False
219,03053,50.000000000,35.84325,1792.16250,False
220,02054,25.000000000,200.00000,5000.00000,False
220,02329,25.000000000,240.00000,6000.00000,False
220,03189,500.000000000,23.36082,11680.41000,False
221,02213,3.000000000,155.00000,465.00000,False
221,02420,5.000000000,47.63222,238.16110,False
221,03253,75.000000000,20.77617,1558.21275,False
222,03021,1860.000000000,61.60615,114587.43900,False
223,03021,2500.000000000,61.60615,154015.37500,False
224,02258,15.000000000,53.04370,795.65550,False
224,02307,10.000000000,155.00000,1550.00000,False
224,03046,250.000000000,19.89363,4973.40750,False
225,02042,1.000000000,40.00000,40.00000,False
225,02213,1.000000000,155.00000,155.00000,False
225,03019,25.000000000,40.58860,1014.71500,False
226,02033,1.000000000,155.00000,155.00000,False
226,03014,25.000000000,13.21900,330.47500,False
227,02006,9.000000000,217.00000,1953.00000,False
227,02010,850.000000000,9.12281,7754.38850,False
227,02020,850.000000000,12.00000,10200.00000,False
227,03018,80.000000000,65.19074,5215.25920,False
228,02004,7.000000000,234.35071,1640.45497,False
228,02014,20.000000000,439.94480,8798.89600,False
228,02366,30.000000000,40.00000,1200.00000,False
228,03217,100.000000000,206.45842,20645.84200,False
229,02059,10.000000000,185.00000,1850.00000,False
229,02097,120.000000000,222.21075,26665.29000,False
229,02403,135.000000000,20.00000,2700.00000,False
229,03094,120.000000000,161.51540,19381.84800,False
230,02059,6.000000000,185.00000,1110.00000,False
230,02097,60.000000000,222.21075,13332.64500,False
230,02441,70.000000000,40.00000,2800.00000,False
230,03236,60.000000000,87.08528,5225.11680,False
231,02059,10.000000000,185.00000,1850.00000,False
231,02097,120.000000000,222.21075,26665.29000,False
231,03028,120.000000000,274.39013,32926.81560,False
232,02004,60.000000000,234.35071,14061.04260,False
232,02014,220.000000000,439.94480,96787.85600,False
232,02346,280.000000000,40.00000,11200.00000,False
232,03202,1000.000000000,89.95794,89957.94000,False
233,02034,50.000000000,80.00000,4000.00000,False
233,03002,1250.000000000,11.96000,14950.00000,False
234,02053,17.000000000,70.00000,1190.00000,False
234,03024,425.000000000,226.36059,96203.25075,False
235,02258,5.000000000,44.15027,220.75135,False
235,02307,5.000000000,155.00000,775.00000,False
235,03046,125.000000000,15.14065,1892.58125,False
236,02213,2.000000000,155.00000,310.00000,False
236,02222,2.000000000,40.00000,80.00000,False
236,03144,50.000000000,47.58860,2379.43000,False
237,02033,15.000000000,155.00000,2325.00000,False
237,03014,375.000000000,14.10027,5287.60125,False
238,02245,2.000000000,40.00000,80.00000,False
238,02307,2.000000000,155.00000,310.00000,False
238,03151,50.000000000,61.05698,3052.84900,False
239,02128,22.000000000,1065.44493,23439.78846,False
239,02405,22.000000000,75.00000,1650.00000,False
239,03245,550.000000000,111.12355,61117.95250,False
240,02004,30.000000000,234.35071,7030.52130,False
240,02014,110.000000000,439.94480,48393.92800,False
240,02220,140.000000000,40.00000,5600.00000,False
240,03142,500.000000000,132.62667,66313.33500,False
241,02004,17.000000000,234.35071,3983.96207,False
241,02014,68.000000000,439.94480,29916.24640,False
241,02031,60.000000000,40.00000,2400.00000,False
241,03010,340.000000000,164.26349,55849.58660,False
242,02059,5.000000000,185.00000,925.00000,False
242,02097,60.000000000,222.21075,13332.64500,False
242,02385,60.000000000,20.00000,1200.00000,False
242,03003,60.000000000,34.70846,2082.50760,False
243,02032,30.000000000,155.00000,4650.00000,False
243,03001,750.000000000,17.40374,13052.80500,False
244,02213,70.000000000,155.00000,10850.00000,False
244,02222,75.000000000,40.00000,3000.00000,False
244,03144,1750.000000000,31.37250,54901.87500,False
245,02004,15.000000000,234.35071,3515.26065,False
245,02191,1550.000000000,17.00000,26350.00000,False
245,03118,150.000000000,112.12077,16818.11550,False
246,02004,16.000000000,234.35071,3749.61136,False
246,02014,60.000000000,439.94480,26396.68800,False
246,02443,90.000000000,40.00000,3600.00000,False
246,03271,300.000000000,359.97399,107992.19700,False
247,02277,200.000000000,155.00000,31000.00000,False
247,02322,200.000000000,40.00000,8000.00000,False
247,03184,5000.000000000,10.00000,50000.00000,False
248,02004,1.000000000,234.35071,234.35071,False
248,02014,5.000000000,439.94480,2199.72400,False
248,02272,5.000000000,40.00000,200.00000,False
248,03119,25.000000000,170.02768,4250.69200,False
249,02004,55.000000000,232.59541,12792.74755,False
249,02014,210.000000000,439.96853,92393.39130,False
249,02026,260.000000000,18.00000,4680.00000,False
249,03020,1000.000000000,209.07866,209078.66000,False
250,02128,20.000000000,1065.44493,21308.89860,False
250,02146,22.000000000,90.00000,1980.00000,False
250,03097,500.000000000,126.61127,63305.63500,False
251,02035,270.000000000,30.00000,8100.00000,False
251,02140,18.000000000,1100.00000,19800.00000,False
251,02266,20.000000000,75.00000,1500.00000,False
251,03013,255.000000000,159.76900,40741.09500,False
252,02004,11.000000000,232.59541,2558.54951,False
252,02014,44.000000000,439.96853,19358.61532,False
252,02272,60.000000000,40.00000,2400.00000,False
252,03119,220.000000000,164.86459,36270.20980,False
253,02002,108.000000000,198.00000,21384.00000,False
253,02015,1296.000000000,349.21348,452580.67008,False
253,02114,1400.000000000,25.00000,35000.00000,False
253,03052,1296.000000000,71.16690,92232.30240,False
254,02429,17.000000000,140.00000,2380.00000,False
254,03262,375.000000000,17.08991,6408.71625,False
255,02004,10.000000000,232.59541,2325.95410,False
255,02014,40.000000000,439.96853,17598.74120,False
255,02271,50.000000000,40.00000,2000.00000,False
255,03120,200.000000000,52.79842,10559.68400,False
256,02307,10.000000000,155.00000,1550.00000,False
256,03023,250.000000000,25.44285,6360.71250,False
257,02213,7.000000000,155.00000,1085.00000,False
257,02222,7.000000000,40.00000,280.00000,False
257,03144,175.000000000,30.83534,5396.18450,False
258,02015,484.000000000,349.21348,169019.32432,False
258,03060,480.000000000,61.51848,29528.87040,False
259,02277,65.000000000,155.00000,10075.00000,False
259,02307,42.000000000,155.00000,6510.00000,False
259,03023,2500.000000000,13.97520,34938.00000,False
260,02004,15.000000000,232.59541,3488.93115,False
260,02014,70.000000000,439.96853,30797.79710,False
260,02025,80.000000000,40.00000,3200.00000,False
260,03009,300.000000000,48.16667,14450.00100,False
261,02258,5.000000000,44.15027,220.75135,False
261,02277,5.000000000,155.00000,775.00000,False
261,03046,125.000000000,10.52876,1316.09500,False
262,02128,3.000000000,1065.44493,3196.33479,False
262,02160,3.000000000,40.00000,120.00000,False
262,03104,75.000000000,25.98333,1948.74975,False
263,02277,30.000000000,155.00000,4650.00000,False
263,02420,30.000000000,47.63222,1428.96660,False
263,03253,700.000000000,19.69293,13785.05100,False
264,02042,1.000000000,40.00000,40.00000,False
264,02213,1.000000000,155.00000,155.00000,False
264,03019,25.000000000,49.45922,1236.48050,False
265,02006,2.000000000,217.00000,434.00000,False
265,02010,300.000000000,9.12281,2736.84300,False
265,02278,250.000000000,12.00000,3000.00000,False
265,03165,20.000000000,19.06240,381.24800,False
266,02245,1.000000000,40.00000,40.00000,False
266,02277,1.000000000,155.00000,155.00000,False
266,03151,25.000000000,62.95698,1573.92450,False
267,02004,1.000000000,232.59541,232.59541,False
267,02314,225.000000000,13.00000,2925.00000,False
267,02316,250.000000000,6.00000,1500.00000,False
267,03010,7.000000000,158.46326,1109.24282,False
268,02006,1.000000000,217.00000,217.00000,False
268,02010,200.000000000,9.12281,1824.56200,False
268,02224,150.000000000,11.50000,1725.00000,False
268,03010,10.000000000,158.46326,1584.63260,False
269,02059,2.000000000,185.00000,370.00000,False
269,02097,24.000000000,222.21075,5333.05800,False
269,02385,30.000000000,20.00000,600.00000,False
269,03003,24.000000000,27.08198,649.96752,False
270,02006,1.000000000,217.00000,217.00000,False
270,02010,150.000000000,9.12281,1368.42150,False
270,02018,150.000000000,12.00000,1800.00000,False
270,03003,10.000000000,27.08198,270.81980,False
271,02006,3.000000000,217.00000,651.00000,False
271,02010,200.000000000,9.12281,1824.56200,False
271,02020,250.000000000,12.00000,3000.00000,False
271,03018,20.000000000,79.73874,1594.77480,False
272,03264,29.000000000,483.50422,14021.62238,False
273,02315,20.000000000,30.00000,600.00000,False
273,03182,20.000000000,21.61642,432.32840,False
274,03182,100.000000000,21.61642,2161.64200,False
275,02051,25.000000000,30.00000,750.00000,False
275,03014,25.000000000,13.10015,327.50375,False
276,02319,100.000000000,9.50000,950.00000,False
276,03014,10.000000000,13.10015,131.00150,False
277,02010,150.000000000,9.12281,1368.42150,False
277,02313,100.000000000,11.50000,1150.00000,False
277,03179,10.000000000,91.45919,914.59190,False
278,03043,10.000000000,233.80127,2338.01270,False
279,02059,10.000000000,185.00000,1850.00000,False
279,02097,120.000000000,222.21075,26665.29000,False
279,02445,140.000000000,40.00000,5600.00000,False
279,03104,120.000000000,20.15000,2418.00000,False
280,02128,10.000000000,1065.44493,10654.44930,False
280,02160,15.000000000,40.00000,600.00000,False
280,03104,250.000000000,20.15000,5037.50000,False
281,02004,18.000000000,232.59541,4186.71738,False
281,02014,70.000000000,439.96853,30797.79710,False
281,02444,80.000000000,40.00000,3200.00000,False
281,03272,300.000000000,145.34631,43603.89300,False
282,02128,4.000000000,1065.44493,4261.77972,False
282,02412,10.000000000,75.00000,750.00000,False
282,03249,100.000000000,100.59757,10059.75700,False
283,02258,25.000000000,44.15027,1103.75675,False
283,02277,25.000000000,155.00000,3875.00000,False
283,03046,500.000000000,13.63100,6815.50000,False
284,02004,8.000000000,232.59541,1860.76328,False
284,02014,30.000000000,439.96853,13199.05590,False
284,02027,35.000000000,22.22222,777.77770,False
284,03003,120.000000000,23.93551,2872.26120,False
285,02059,9.000000000,185.00000,1665.00000,False
285,02097,130.000000000,222.21075,28887.39750,False
285,02385,135.000000000,20.00000,2700.00000,False
285,03003,120.000000000,23.93551,2872.26120,False
286,02277,80.000000000,155.00000,12400.00000,False
286,03002,2000.000000000,12.07500,24150.00000,False
287,02004,10.000000000,232.59541,2325.95410,False
287,02319,1000.000000000,9.50000,9500.00000,False
287,03014,90.000000000,14.17554,1275.79860,False
288,02033,50.000000000,155.00000,7750.00000,False
288,03014,1250.000000000,14.17554,17719.42500,False
289,02004,5.000000000,232.59541,1162.97705,False
289,03043,60.000000000,62.10119,3726.07140,False
290,02006,7.000000000,217.00000,1519.00000,False
290,02010,1110.000000000,8.61704,9564.91440,False
290,02278,600.000000000,12.00000,7200.00000,False
290,03165,50.000000000,17.14196,857.09800,False
291,02004,25.000000000,232.59541,5814.88525,False
291,02299,550.000000000,30.00000,16500.00000,False
291,03163,500.000000000,18.70000,9350.00000,False
292,02042,10.000000000,40.00000,400.00000,False
292,02213,10.000000000,155.00000,1550.00000,False
292,03019,175.000000000,46.49949,8137.41075,False
293,02032,60.000000000,155.00000,9300.00000,False
293,03001,1500.000000000,17.40374,26105.61000,False
294,02034,250.000000000,80.00000,20000.00000,False
294,03002,6250.000000000,11.68400,73025.00000,False
295,02004,7.000000000,233.94008,1637.58056,False
295,02014,30.000000000,439.96853,13199.05590,False
295,02425,35.000000000,40.00000,1400.00000,False
295,03258,120.000000000,73.81885,8858.26200,False
296,02004,5.000000000,233.94008,1169.70040,False
296,02014,25.000000000,439.96853,10999.21325,False
296,02421,35.000000000,40.00000,1400.00000,False
296,03254,100.000000000,116.28697,11628.69700,False
297,02032,10.000000000,155.00000,1550.00000,False
297,03001,250.000000000,17.40374,4350.93500,False
298,02033,10.000000000,155.00000,1550.00000,False
298,03014,250.000000000,13.10015,3275.03750,False
299,02004,5.000000000,233.94008,1169.70040,False
299,02299,100.000000000,30.00000,3000.00000,False
299,03163,100.000000000,17.00000,1700.00000,False
300,02043,120.000000000,160.00000,19200.00000,False
300,02118,12.000000000,251.00000,3012.00000,False
300,02446,135.000000000,40.00000,5400.00000,False
300,03273,120.000000000,138.87520,16665.02400,False
301,02043,120.000000000,160.00000,19200.00000,False
301,02118,12.000000000,251.00000,3012.00000,False
301,02447,135.000000000,40.00000,5400.00000,False
301,03274,120.000000000,88.38005,10605.60600,False
302,02041,12.000000000,140.00000,1680.00000,False
302,02277,10.000000000,155.00000,1550.00000,False
302,03022,250.000000000,17.94459,4486.14750,False
303,02097,229.000000000,222.21075,50886.26175,False
303,02385,70.000000000,20.00000,1400.00000,False
303,03003,60.000000000,27.08525,1625.11500,False
304,03163,1950.000000000,8.71795,17000.00250,False
305,02004,25.000000000,233.94008,5848.50200,False
305,02299,520.000000000,30.00000,15600.00000,False
305,03163,500.000000000,6.80000,3400.00000,False
306,02004,23.000000000,233.94008,5380.62184,False
306,02315,460.000000000,30.00000,13800.00000,False
306,03182,450.000000000,21.28334,9577.50300,False
307,02097,60.000000000,220.33496,13220.09760,False
307,02385,70.000000000,20.00000,1400.00000,False
307,03003,60.000000000,27.08525,1625.11500,False
308,02004,10.000000000,233.94008,2339.40080,False
308,02051,210.000000000,30.00000,6300.00000,False
308,03014,200.000000000,13.10015,2620.03000,False
309,02003,5.000000000,216.00000,1080.00000,False
309,02314,13.000000000,13.00000,169.00000,False
309,02316,13.000000000,6.00000,78.00000,False
309,03010,0.390000000,164.26349,64.06276,False
310,02433,192.000000000,150.00000,28800.00000,False
310,03264,23.000000000,330.96138,7612.11174,False
311,03055,5000.000000000,13.10015,65500.75000,False
312,02006,4.000000000,214.40260,857.61040,False
312,02010,400.000000000,8.00000,3200.00000,False
312,02018,420.000000000,12.00000,5040.00000,False
312,03003,40.000000000,27.08525,1083.41000,False
313,02097,60.000000000,225.16748,13510.04880,False
313,02385,35.000000000,20.00000,700.00000,False
313,03003,60.000000000,27.08525,1625.11500,False
314,02006,2.000000000,214.40260,428.80520,False
314,02010,200.000000000,8.00000,1600.00000,False
314,02278,210.000000000,12.00000,2520.00000,False
314,03165,20.000000000,20.25245,405.04900,False
315,02314,225.000000000,13.00000,2925.00000,False
315,02316,230.000000000,6.00000,1380.00000,False
315,03010,0.210000000,165.49193,34.75330,False
316,03163,75.000000000,14.20000,1065.00000,False
317,02004,1.000000000,233.94008,233.94008,False
317,02299,25.000000000,30.00000,750.00000,False
317,03163,25.000000000,14.20000,355.00000,False
318,02433,96.000000000,150.00000,14400.00000,False
318,03264,11.000000000,501.73596,5519.09556,False
319,02213,1.000000000,155.00000,155.00000,False
319,03088,25.000000000,45.38499,1134.62475,False
320,02448,30.000000000,100.00000,3000.00000,False
320,03253,100.000000000,8.25008,825.00800,False
321,02034,85.000000000,90.00000,7650.00000,False
321,03002,2125.000000000,17.00000,36125.00000,False
322,02004,4.000000000,234.84858,939.39432,False
322,02014,12.000000000,439.98426,5279.81118,False
322,02272,15.000000000,40.00000,600.00000,False
322,03119,60.000000000,163.10103,9786.06210,False
323,02032,100.000000000,155.00000,15500.00000,False
323,03001,2500.000000000,17.40400,43510.00000,False
324,02213,53.000000000,155.00000,8215.00000,False
324,02245,55.000000000,40.00000,2200.00000,False
324,03151,1325.000000000,62.98010,83448.63250,False
325,02004,5.000000000,234.84743,1174.23717,False
325,02320,450.000000000,10.00000,4500.00000,False
325,03182,45.000000000,21.29098,958.09410,False
326,02312,6.000000000,70.00000,420.00000,False
326,03182,150.000000000,21.29098,3193.64700,False
327,02006,6.000000000,213.83684,1283.02107,False
327,02010,500.000000000,8.00000,4000.00000,False
327,02018,520.000000000,12.00000,6240.00000,False
327,03003,50.000000000,34.37467,1718.73375,False
328,02097,120.000000000,225.16748,27020.09760,False
328,02385,135.000000000,18.00000,2430.00000,False
328,03003,120.000000000,34.37467,4124.96100,False
329,02004,17.000000000,234.84597,3992.38160,False
329,02014,60.000000000,439.98426,26399.05590,False
329,02027,80.000000000,22.22222,1777.77760,False
329,03003,300.000000000,34.37467,10312.40250,False
330,02033,10.000000000,155.00000,1550.00000,False
330,03014,250.000000000,13.02298,3255.74500,False
331,02051,25.000000000,30.00000,750.00000,False
331,03014,25.000000000,13.02298,325.57450,False
332,02097,24.000000000,230.00000,5520.00000,False
332,03092,24.000000000,159.93834,3838.52016,False
333,02314,450.000000000,13.00000,5850.00000,False
333,02316,357.000000000,6.00000,2142.00000,False
333,03010,13.000000000,163.40595,2124.27735,False
334,02097,48.000000000,230.00000,11040.00000,False
334,03179,48.000000000,54.08024,2595.85152,False
335,02004,2.000000000,234.84080,469.68160,False
335,02166,64.000000000,40.00000,2560.00000,False
335,03108,50.000000000,123.62688,6181.34400,False
336,02004,5.000000000,234.84017,1174.20085,False
336,02014,20.000000000,439.98426,8799.68530,False
336,02029,20.000000000,20.00000,400.00000,False
336,03011,100.000000000,82.06875,8206.87500,False
337,02004,3.000000000,234.83856,704.51570,False
337,02014,10.000000000,439.99122,4399.91226,False
337,02092,15.000000000,40.00000,600.00000,False
337,03027,40.000000000,215.04085,8601.63400,False
338,02433,288.000000000,150.00000,43200.00000,False
338,03264,34.000000000,396.59883,13484.36052,False
339,02213,2.000000000,155.00000,310.00000,False
339,02222,2.000000000,40.00000,80.00000,False
339,03144,50.000000000,40.49067,2024.53350,False
340,02128,20.000000000,1065.44493,21308.89860,False
340,02345,24.000000000,90.00000,2160.00000,False
340,03201,500.000000000,39.98874,19994.37000,False
341,02004,10.000000000,234.83759,2348.37592,False
341,02014,45.000000000,439.99115,19799.60202,False
341,02342,60.000000000,40.00000,2400.00000,False
341,03198,200.000000000,16.17623,3235.24600,False
342,02004,12.000000000,234.83425,2818.01101,False
342,02014,45.000000000,439.99082,19799.58712,False
342,02334,60.000000000,40.00000,2400.00000,False
342,03192,200.000000000,151.71770,30343.54000,False
343,02004,7.000000000,234.83005,1643.81038,False
343,02014,24.000000000,439.98426,10559.62236,False
343,02337,40.000000000,40.00000,1600.00000,False
343,03194,120.000000000,107.10628,12852.75360,False
344,02140,31.000000000,1100.00000,34100.00000,False
344,02232,130.000000000,30.00000,3900.00000,False
344,03146,368.000000000,156.04035,57422.84880,False
345,02004,35.000000000,234.82750,8218.96274,False
345,02014,130.000000000,439.99026,57198.73471,False
345,02330,160.000000000,40.00000,6400.00000,False
345,03190,600.000000000,121.59000,72954.00000,False
346,02329,25.000000000,120.00000,3000.00000,False
346,03189,500.000000000,16.70905,8354.52500,False
347,02140,20.000000000,1100.00000,22000.00000,False
347,02341,310.000000000,33.00000,10230.00000,False
347,03197,300.000000000,83.95777,25187.33100,False
348,02004,10.000000000,234.81353,2348.13532,False
348,02014,40.000000000,439.98426,17599.37060,False
348,02350,60.000000000,40.00000,2400.00000,False
348,03206,200.000000000,103.86139,20772.27800,False
349,02004,8.000000000,234.80911,1878.47290,False
349,02014,32.000000000,439.98426,14079.49648,False
349,02348,50.000000000,40.00000,2000.00000,False
349,03205,160.000000000,55.34685,8855.49600,False
350,02004,10.000000000,234.80542,2348.05425,False
350,02014,32.000000000,439.98426,14079.49648,False
350,02210,50.000000000,40.00000,2000.00000,False
350,03070,160.000000000,85.82364,13731.78240,False
351,02004,8.000000000,234.80060,1878.40487,False
351,02014,32.000000000,439.98426,14079.49648,False
351,02216,50.000000000,40.00000,2000.00000,False
351,03075,160.000000000,58.20320,9312.51200,False
352,02213,20.000000000,155.00000,3100.00000,False
352,02351,40.000000000,140.00000,5600.00000,False
352,03207,500.000000000,13.10015,6550.07500,False
353,02128,20.000000000,1065.44493,21308.89860,False
353,02268,20.000000000,90.00000,1800.00000,False
353,03162,500.000000000,26.16906,13084.53000,False
354,02213,20.000000000,155.00000,3100.00000,False
354,02258,20.000000000,44.15027,883.00540,False
354,03046,500.000000000,11.95885,5979.42500,False
355,02004,10.000000000,234.79658,2347.96581,False
355,02051,250.000000000,30.00000,7500.00000,False
355,03014,250.000000000,13.02298,3255.74500,False
356,02033,50.000000000,155.00000,7750.00000,False
356,03014,1250.000000000,13.02298,16278.72500,False
357,02433,480.000000000,150.00000,72000.00000,False
357,03264,57.000000000,397.48881,22656.86251,False
358,02004,12.000000000,234.79131,2817.49573,False
358,02014,40.000000000,439.98426,17599.37060,False
358,02027,55.000000000,22.22222,1222.22210,False
358,03003,200.000000000,34.37467,6874.93500,False
359,02097,45.000000000,230.00000,10350.00000,False
359,02385,50.000000000,18.00000,900.00000,False
359,03003,45.000000000,34.33525,1545.08625,False
360,02213,30.000000000,155.00000,4650.00000,False
360,02351,30.000000000,140.00000,4200.00000,False
360,03207,625.000000000,13.10015,8187.59375,False
361,02213,20.000000000,155.00000,3100.00000,False
361,02258,25.000000000,44.15027,1103.75675,False
361,03046,500.000000000,11.95885,5979.42500,False
362,02274,15.000000000,100.00000,1500.00000,False
362,03163,375.000000000,17.00000,6375.00000,False
363,02213,6.000000000,155.00000,930.00000,False
363,02420,6.000000000,47.63222,285.79332,False
363,03253,150.000000000,8.25008,1237.51200,False
364,02004,8.000000000,234.78461,1878.27692,False
364,02014,36.000000000,439.98426,15839.43354,False
364,02349,55.000000000,40.00000,2200.00000,False
364,03204,180.000000000,95.50826,17191.48680,False
365,02140,20.000000000,1100.00000,22000.00000,False
365,02374,320.000000000,40.00000,12800.00000,False
365,03226,300.000000000,96.69373,29008.11900,False
366,02004,28.000000000,234.77990,6573.83739,False
366,02014,110.000000000,439.98607,48398.46770,False
366,02220,135.000000000,40.00000,5400.00000,False
366,03142,540.000000000,30.69779,16576.80660,False
367,02128,5.000000000,1065.44493,5327.22465,False
367,02129,6.000000000,75.00000,450.00000,False
367,03029,125.000000000,26.56906,3321.13250,False
368,02004,12.000000000,234.76167,2817.14008,False
368,02014,44.000000000,439.98426,19359.30766,False
368,02395,70.000000000,40.00000,2800.00000,False
368,03241,220.000000000,110.40720,24289.58400,False
369,02213,20.000000000,155.00000,3100.00000,False
369,02234,20.000000000,140.00000,2800.00000,False
369,03147,500.000000000,95.54792,47773.96000,False
370,02004,25.000000000,234.75290,5868.82255,False
370,02299,500.000000000,30.00000,15000.00000,False
370,03163,500.000000000,17.00000,8500.00000,False
371,02274,200.000000000,100.00000,20000.00000,False
371,03163,5000.000000000,17.00000,85000.00000,False
372,02004,25.000000000,234.73237,5868.30947,False
372,02051,500.000000000,30.00000,15000.00000,False
372,03014,500.000000000,13.02298,6511.49000,False
373,02004,12.000000000,234.70813,2816.49764,False
373,02299,250.000000000,30.00000,7500.00000,False
373,03163,250.000000000,17.00000,4250.00000,False
374,02274,20.000000000,100.00000,2000.00000,False
374,03163,500.000000000,17.00000,8500.00000,False
375,02004,10.000000000,234.69487,2346.94871,False
375,02051,250.000000000,30.00000,7500.00000,False
375,03014,250.000000000,13.02298,3255.74500,False
376,02033,5.000000000,155.00000,775.00000,False
376,03014,125.000000000,13.02298,1627.87250,False
377,02034,100.000000000,90.00000,9000.00000,False
377,03002,875.000000000,1.00001,875.00875,False
378,02299,530.000000000,30.00000,15900.00000,False
379,02274,200.000000000,100.00000,20000.00000,False
380,02274,73.000000000,100.00000,7300.00000,False
380,03163,2500.000000000,17.00000,42500.00000,False
381,02004,7.000000000,234.68285,1642.78000,False
381,02014,20.000000000,439.98426,8799.68530,False
381,02027,20.000000000,22.22222,444.44440,False
381,03003,14.000000000,34.33525,480.69350,False
382,02097,120.000000000,230.00000,27600.00000,False
382,02385,120.000000000,18.00000,2160.00000,False
383,02004,25.000000000,234.67387,5866.84675,False
383,02051,500.000000000,30.00000,15000.00000,False
383,03014,500.000000000,13.02298,6511.49000,False
384,02033,1.000000000,155.00000,155.00000,False
384,03014,25.000000000,13.02298,325.57450,False
385,02433,480.000000000,150.00000,72000.00000,False
385,03264,57.000000000,400.65705,22837.45224,False
386,02004,17.000000000,234.63714,3988.83144,False
386,02014,60.000000000,439.98426,26399.05590,False
386,02443,80.000000000,80.00000,6400.00000,False
386,03271,300.000000000,241.28092,72384.27600,False
387,02004,4.000000000,234.60705,938.42821,False
387,02014,12.000000000,439.98426,5279.81118,False
387,02457,20.000000000,80.00000,1600.00000,False
387,03281,60.000000000,10.20000,612.00000,False
388,02128,20.000000000,1065.44493,21308.89860,False
388,02449,22.000000000,180.00000,3960.00000,False
388,03275,500.000000000,32.05000,16025.00000,False
389,02148,12.000000000,140.00000,1680.00000,False
389,02213,10.000000000,155.00000,1550.00000,False
389,03098,250.000000000,13.00000,3250.00000,False
390,02213,20.000000000,155.00000,3100.00000,False
390,02222,25.000000000,40.00000,1000.00000,False
390,03144,500.000000000,43.40734,21703.67000,False
391,02213,30.000000000,155.00000,4650.00000,False
391,02288,30.000000000,140.00000,4200.00000,False
391,03173,750.000000000,17.62667,13220.00250,False
392,02213,1.000000000,155.00000,155.00000,False
392,03045,25.000000000,13.80000,345.00000,False
393,02097,24.000000000,230.00000,5520.00000,False
393,02265,24.000000000,40.00000,960.00000,False
393,03010,24.000000000,163.41523,3921.96552,False
394,02097,24.000000000,230.00000,5520.00000,False
394,02265,24.000000000,40.00000,960.00000,False
394,03010,24.000000000,163.41523,3921.96552,False
395,02067,16.000000000,40.00000,640.00000,False
395,02097,12.000000000,230.00000,2760.00000,False
395,03054,12.000000000,56.07976,672.95712,False
396,02097,24.000000000,230.00000,5520.00000,False
396,02431,32.000000000,40.00000,1280.00000,False
396,03135,24.000000000,222.98204,5351.56896,False
397,02004,12.000000000,234.59923,2815.19080,False
397,02014,45.000000000,439.97980,19799.09127,False
397,02346,60.000000000,40.00000,2400.00000,False
397,03202,200.000000000,97.96118,19592.23600,False
398,02128,20.000000000,1065.44493,21308.89860,False
398,02160,25.000000000,40.00000,1000.00000,False
398,03104,500.000000000,41.01000,20505.00000,False
399,02033,184.000000000,155.00000,28520.00000,False
399,03014,5000.000000000,13.02298,65114.90000,False
400,02213,20.000000000,155.00000,3100.00000,False
400,02440,20.000000000,140.00000,2800.00000,False
400,03270,500.000000000,37.25368,18626.84000,False
401,02213,20.000000000,155.00000,3100.00000,False
401,02458,20.000000000,140.00000,2800.00000,False
401,03282,500.000000000,68.20011,34100.05500,False
402,02213,30.000000000,155.00000,4650.00000,False
402,02258,30.000000000,44.15027,1324.50810,False
402,03046,750.000000000,15.67667,11757.50250,False
403,02433,192.000000000,150.00000,28800.00000,False
403,03264,24.000000000,418.87444,10052.98656,False
404,02314,692.000000000,13.00000,8996.00000,False
404,03010,21.000000000,163.19915,3427.18217,False
405,02006,3.000000000,213.88127,641.64383,False
405,02010,200.000000000,8.00000,1600.00000,False
405,02224,200.000000000,11.50000,2300.00000,False
405,03010,20.000000000,163.09770,3261.95400,False
406,02004,2.000000000,234.57378,469.14757,False
406,02014,8.000000000,439.98426,3519.87412,False
406,02031,15.000000000,40.00000,600.00000,False
406,03010,40.000000000,163.09770,6523.90800,False
407,02006,3.000000000,213.90531,641.71594,False
407,02010,200.000000000,8.00000,1600.00000,False
407,02313,200.000000000,11.50000,2300.00000,False
407,03179,20.000000000,70.43607,1408.72140,False
408,02004,5.000000000,234.56923,1172.84615,False
408,02009,400.000000000,20.00000,8000.00000,False
408,02019,400.000000000,11.50000,4600.00000,False
408,03012,40.000000000,61.58000,2463.20000,False
409,02006,5.000000000,213.93069,1069.65348,False
409,02010,400.000000000,8.00000,3200.00000,False
409,02278,400.000000000,12.00000,4800.00000,False
409,03165,40.000000000,23.87596,955.03840,False
410,02006,5.000000000,213.97631,1069.88159,False
410,02010,400.000000000,8.00000,3200.00000,False
410,02020,400.000000000,12.00000,4800.00000,False
410,03018,40.000000000,87.07750,3483.10000,False
411,02004,10.000000000,234.55739,2345.57396,False
411,02191,920.000000000,17.00000,15640.00000,False
411,03118,90.000000000,112.72850,10145.56500,False
412,02042,4.000000000,40.00000,160.00000,False
412,02213,4.000000000,155.00000,620.00000,False
412,03019,100.000000000,43.97910,4397.91000,False
413,02034,10.000000000,90.00000,900.00000,False
413,03002,250.000000000,11.50000,2875.00000,False
414,02312,10.000000000,70.00000,700.00000,False
414,03182,250.000000000,21.29098,5322.74500,False
415,03163,2500.000000000,3.40000,8500.00000,False
416,02032,20.000000000,155.00000,3100.00000,False
416,03001,500.000000000,17.30400,8652.00000,False
417,02004,2.000000000,234.53166,469.06332,False
417,02014,8.000000000,439.98426,3519.87412,False
417,02237,10.000000000,40.00000,400.00000,False
417,03121,40.000000000,26.63243,1065.29720,False
418,02004,2.000000000,234.52615,469.05230,False
418,02014,8.000000000,439.98426,3519.87412,False
418,02297,10.000000000,40.00000,400.00000,False
418,03176,40.000000000,129.19193,5167.67720,False
419,02004,4.000000000,234.52051,938.08204,False
419,02014,12.000000000,439.98426,5279.81118,False
419,02029,20.000000000,20.00000,400.00000,False
419,03011,60.000000000,82.06875,4924.12500,False
420,02004,2.000000000,234.50881,469.01763,False
420,02014,8.000000000,439.98426,3519.87412,False
420,02271,88.000000000,40.00000,3520.00000,False
420,03120,40.000000000,55.42960,2217.18400,False
421,02004,3.000000000,234.50275,703.50825,False
421,02014,8.000000000,439.98426,3519.87412,False
421,03241,40.000000000,110.40720,4416.28800,False
422,02004,2.000000000,234.49337,468.98674,False
422,02014,8.000000000,439.98426,3519.87412,False
422,02201,15.000000000,40.00000,600.00000,False
422,03130,40.000000000,258.35000,10334.00000,False
423,02004,4.000000000,234.48691,937.94766,False
423,02014,12.000000000,439.98426,5279.81118,False
423,02272,16.000000000,40.00000,640.00000,False
423,03119,60.000000000,161.33517,9680.11020,False
424,02213,4.000000000,155.00000,620.00000,False
424,02222,4.000000000,40.00000,160.00000,False
424,03144,100.000000000,50.40734,5040.73400,False
425,02014,4.000000000,439.98426,1759.93706,False
425,02357,15.000000000,40.00000,600.00000,False
425,03116,20.000000000,210.51741,4210.34820,False
426,02213,4.000000000,155.00000,620.00000,False
426,02234,6.000000000,140.00000,840.00000,False
426,03147,100.000000000,86.54792,8654.79200,False
427,02032,20.000000000,155.00000,3100.00000,False
427,03001,500.000000000,17.41951,8709.75500,False
428,02006,7.000000000,214.02664,1498.18651,False
428,02010,630.000000000,8.00000,5040.00000,False
428,02020,630.000000000,12.00000,7560.00000,False
428,03018,60.000000000,87.07750,5224.65000,False
429,02004,3.000000000,234.47350,703.42050,False
429,02319,300.000000000,9.50000,2850.00000,False
429,03014,30.000000000,13.02298,390.68940,False
430,03014,100.000000000,13.02298,1302.29800,False
431,02006,3.000000000,214.10649,642.31948,False
431,02010,200.000000000,8.00000,1600.00000,False
431,02224,200.000000000,11.50000,2300.00000,False
431,03010,15.400000000,163.09770,2511.70458,False
432,02006,1.000000000,214.14465,214.14465,False
432,02010,110.000000000,8.00000,880.00000,False
432,02018,100.000000000,12.00000,1200.00000,False
432,03003,10.000000000,34.48551,344.85510,False
433,02097,24.000000000,230.00000,5520.00000,False
433,02385,30.000000000,18.00000,540.00000,False
433,03003,24.000000000,34.48551,827.65224,False
434,02004,1.000000000,234.46297,234.46297,False
434,02009,100.000000000,20.00000,2000.00000,False
434,02019,100.000000000,11.50000,1150.00000,False
434,03012,10.000000000,61.58000,615.80000,False
435,02004,18.000000000,234.45936,4220.26864,False
435,02014,70.000000000,439.97407,30798.18490,False
435,02029,80.000000000,20.00000,1600.00000,False
435,03011,300.000000000,74.81875,22445.62500,False
436,02006,2.000000000,214.15796,428.31592,False
436,02010,100.000000000,8.00000,800.00000,False
436,02313,100.000000000,11.50000,1150.00000,False
436,03179,10.000000000,347.48049,3474.80490,False
437,02004,6.000000000,234.38508,1406.31050,False
437,02014,20.000000000,439.98426,8799.68530,False
437,02237,35.000000000,40.00000,1400.00000,False
437,03121,100.000000000,26.63243,2663.24300,False
438,02004,12.000000000,234.35556,2812.26681,False
438,02014,40.000000000,439.96853,17598.74120,False
438,02297,60.000000000,40.00000,2400.00000,False
438,03176,200.000000000,129.19193,25838.38600,False
439,02004,5.000000000,234.28713,1171.43566,False
439,02014,20.000000000,439.96853,8799.37060,False
439,02454,50.000000000,80.00000,4000.00000,False
439,03279,100.000000000,273.63992,27363.99200,False
440,02004,12.000000000,234.25413,2811.04956,False
440,02014,45.000000000,439.96853,19798.58385,False
440,02455,50.000000000,80.00000,4000.00000,False
440,03280,200.000000000,76.79770,15359.54000,False
441,02097,60.000000000,230.00000,13800.00000,False
441,02452,70.000000000,40.00000,2800.00000,False
441,03277,60.000000000,252.79000,15167.40000,False
442,02097,60.000000000,230.00000,13800.00000,False
442,02453,70.000000000,40.00000,2800.00000,False
442,03278,60.000000000,246.99000,14819.40000,False
443,02097,60.000000000,230.00000,13800.00000,False
443,02459,70.000000000,40.00000,2800.00000,False
443,03276,60.000000000,81.94921,4916.95260,False
444,02004,28.000000000,232.09219,6498.58146,False
444,02014,110.000000000,439.98329,48398.16190,False
444,02026,140.000000000,18.00000,2520.00000,False
444,03020,500.000000000,54.34459,27172.29500,False
445,02004,6.000000000,231.58649,1389.51894,False
445,02014,20.000000000,439.98329,8799.66580,False
445,02163,30.000000000,40.00000,1200.00000,False
445,03106,100.000000000,148.86396,14886.39600,False
446,02128,20.000000000,1065.44493,21308.89860,False
446,02146,20.000000000,90.00000,1800.00000,False
446,03097,500.000000000,116.82091,58410.45500,False
447,02004,7.000000000,231.58649,1621.10543,False
447,02014,24.000000000,439.98329,10559.59896,False
447,03054,120.000000000,46.02976,5523.57120,False
448,02128,10.000000000,1065.44493,10654.44930,False
448,02428,10.000000000,40.00000,400.00000,False
448,03261,250.000000000,56.11127,14027.81750,False
449,02004,4.000000000,231.58649,926.34596,False
449,02014,12.000000000,439.98329,5279.79948,False
449,02427,20.000000000,40.00000,800.00000,False
449,03260,60.000000000,51.59793,3095.87580,False
450,02004,4.000000000,231.58649,926.34596,False
450,02014,12.000000000,439.98329,5279.79948,False
450,02423,20.000000000,40.00000,800.00000,False
450,03256,60.000000000,62.98479,3779.08740,False
451,02004,4.000000000,231.58649,926.34596,False
451,02014,12.000000000,439.98329,5279.79948,False
451,02439,20.000000000,40.00000,800.00000,False
451,03269,60.000000000,140.33539,8420.12340,False
452,02128,25.000000000,1065.44493,26636.12325,False
452,02160,30.000000000,40.00000,1200.00000,False
452,03104,625.000000000,14.31000,8943.75000,False
453,02034,40.000000000,90.00000,3600.00000,False
453,03002,1000.000000000,11.50000,11500.00000,False
454,02214,20.000000000,140.00000,2800.00000,False
454,03136,500.000000000,33.83433,16917.16500,False
455,03244,1250.000000000,15.12000,18900.00000,False
456,02126,38.000000000,140.00000,5320.00000,False
456,03087,950.000000000,21.06386,20010.66700,False
457,02004,25.000000000,231.58649,5789.66225,False
457,02125,2000.000000000,33.00000,66000.00000,False
457,03087,2000.000000000,21.06386,42127.72000,False
458,02004,20.000000000,231.58649,4631.72980,False
458,02315,500.000000000,30.00000,15000.00000,False
458,03182,500.000000000,19.61386,9806.93000,False
459,02004,5.000000000,231.58649,1157.93245,False
459,02319,100.000000000,9.50000,950.00000,False
459,03014,10.000000000,13.09180,130.91800,False
460,03014,1550.000000000,13.09180,20292.29000,False
461,02258,70.000000000,44.15027,3090.51890,False
461,03046,1750.000000000,10.13100,17729.25000,False
462,02433,480.000000000,150.00000,72000.00000,False
463,02034,40.000000000,90.00000,3600.00000,False
463,03002,1000.000000000,11.50000,11500.00000,False
464,03163,200.000000000,10.00000,2000.00000,False
465,02004,6.000000000,231.58649,1389.51894,False
465,02097,120.000000000,230.00000,27600.00000,False
465,02385,120.000000000,18.00000,2160.00000,False
465,03003,120.000000000,27.23551,3268.26120,False
466,02299,25.000000000,30.00000,750.00000,False
466,03163,25.000000000,10.00000,250.00000,False
467,03163,375.000000000,10.00000,3750.00000,False
468,02191,900.000000000,17.00000,15300.00000,False
468,03118,90.000000000,112.79669,10151.70210,False
469,02042,13.000000000,40.00000,520.00000,False
469,03019,325.000000000,40.52918,13171.98350,False
470,02091,48.000000000,40.00000,1920.00000,False
470,02097,48.000000000,230.00000,11040.00000,False
470,03092,48.000000000,159.93853,7677.04944,False
472,02014,40.000000000,439.98329,17599.33160,False
472,02457,40.000000000,80.00000,3200.00000,False
472,03281,200.000000000,1.60000,320.00000,False
473,02051,325.000000000,30.00000,9750.00000,False
473,03014,325.000000000,13.09948,4257.33100,False
474,03014,300.000000000,13.09948,3929.84400,False
475,02319,1000.000000000,9.50000,9500.00000,False
475,03014,100.000000000,13.09948,1309.94800,False
476,02034,25.000000000,90.00000,2250.00000,False
476,03002,625.000000000,1.84000,1150.00000,False
477,02014,20.000000000,439.99255,8799.85100,False
477,02460,20.000000000,40.00000,800.00000,False
477,03283,100.000000000,164.05436,16405.43600,False
478,02128,40.000000000,1069.61115,42784.44600,False
478,02146,40.000000000,90.00000,3600.00000,False
478,03097,1000.000000000,21.36127,21361.27000,False
479,02420,10.000000000,47.63222,476.32220,False
479,03253,250.000000000,8.25008,2062.52000,False
480,02014,80.000000000,439.99557,35199.64560,False
480,02461,80.000000000,40.00000,3200.00000,False
480,03284,400.000000000,3.50000,1400.00000,False
481,02258,100.000000000,44.15027,4415.02700,False
481,03046,2500.000000000,16.53100,41327.50000,False
482,02042,30.000000000,40.00000,1200.00000,False
482,03019,750.000000000,5.00000,3750.00000,False
483,02097,120.000000000,230.00000,27600.00000,False
483,02385,120.000000000,18.00000,2160.00000,False
483,03003,120.000000000,34.23627,4108.35240,False
484,02018,500.000000000,12.00000,6000.00000,False
484,03003,50.000000000,34.23627,1711.81350,False
485,02014,20.000000000,439.99557,8799.91140,False
485,02323,20.000000000,40.00000,800.00000,False
485,03107,100.000000000,137.84064,13784.06400,False
486,02004,3.000000000,234.59841,703.79523,False
486,02014,8.000000000,439.99557,3519.96456,False
486,02293,15.000000000,40.00000,600.00000,False
486,03183,40.000000000,65.96194,2638.47760,False
487,02002,2.000000000,208.00000,416.00000,False
487,02015,24.000000000,350.00000,8400.00000,False
487,02462,30.000000000,60.00000,1800.00000,False
487,03286,24.000000000,255.41530,6129.96720,False
488,02002,2.000000000,208.00000,416.00000,False
488,02015,24.000000000,350.00000,8400.00000,False
488,02463,30.000000000,60.00000,1800.00000,False
488,03287,24.000000000,29.27795,702.67080,False
489,02002,2.000000000,208.00000,416.00000,False
489,02015,24.000000000,350.00000,8400.00000,False
489,02464,30.000000000,60.00000,1800.00000,False
489,03288,24.000000000,128.94269,3094.62456,False
490,02002,2.000000000,208.00000,416.00000,False
490,02015,24.000000000,350.00000,8400.00000,False
490,02465,30.000000000,60.00000,1800.00000,False
490,03289,24.000000000,45.89528,1101.48672,False
491,02002,2.000000000,208.00000,416.00000,False
491,02015,24.000000000,350.00000,8400.00000,False
491,02466,30.000000000,60.00000,1800.00000,False
491,03290,24.000000000,66.56080,1597.45920,False
492,02059,2.000000000,176.00000,352.00000,False
492,02097,24.000000000,230.00000,5520.00000,False
492,02467,30.000000000,40.00000,1200.00000,False
492,03291,24.000000000,46.80713,1123.37112,False
493,02213,4.000000000,155.00000,620.00000,False
493,02420,4.000000000,47.63222,190.52888,False
493,03253,100.000000000,17.10124,1710.12400,False
494,02014,60.000000000,439.99557,26399.73420,False
494,02443,60.000000000,80.00000,4800.00000,False
494,03271,300.000000000,44.14844,13244.53200,False
495,02258,17.000000000,44.15027,750.55459,False
495,03046,425.000000000,16.53803,7028.66275,False
496,03014,175.000000000,13.82415,2419.22625,False
497,02245,2.000000000,40.00000,80.00000,False
497,03151,50.000000000,62.57255,3128.62750,False
498,03163,50.000000000,17.00000,850.00000,False
499,02004,5.000000000,234.59841,1172.99205,False
499,02014,20.000000000,439.99557,8799.91140,False
499,02029,20.000000000,20.00000,400.00000,False
499,03011,100.000000000,81.81824,8181.82400,False
500,02004,2.000000000,234.59841,469.19682,False
500,02200,55.000000000,40.00000,2200.00000,False
500,03129,50.000000000,317.82274,15891.13700,False
501,02004,25.000000000,234.59841,5864.96025,False
501,02315,500.000000000,30.00000,15000.00000,False
501,03182,500.000000000,21.26586,10632.93000,False
502,02311,2.000000000,2050.00000,4100.00000,False
502,02312,2.000000000,70.00000,140.00000,False
502,03182,50.000000000,21.26586,1063.29300,False
503,02034,50.000000000,90.00000,4500.00000,False
503,03002,1250.000000000,17.00000,21250.00000,False
504,02258,12.000000000,44.15027,529.80324,False
504,03046,250.000000000,16.53803,4134.50750,False
505,02311,30.000000000,2050.00000,61500.00000,False
505,02312,35.000000000,70.00000,2450.00000,False
505,03182,750.000000000,21.26586,15949.39500,False
506,02222,50.000000000,40.00000,2000.00000,False
506,03144,1250.000000000,11.90124,14876.55000,False
507,02004,8.000000000,234.59841,1876.78728,False
507,02014,32.000000000,439.99557,14079.85824,False
507,02027,32.000000000,22.22222,711.11104,False
507,03003,160.000000000,34.23627,5477.80320,False
508,02059,12.000000000,176.00000,2112.00000,False
508,02097,180.000000000,230.00000,41400.00000,False
508,02385,180.000000000,18.00000,3240.00000,False
508,03003,180.000000000,0.00000,0.00000,False
509,02258,5.000000000,44.15027,220.75135,False
509,03046,125.000000000,16.53032,2066.29000,False
510,02006,4.000000000,151.01906,604.07626,False
510,02010,400.000000000,7.90000,3160.00000,False
510,02224,420.000000000,11.50000,4830.00000,False
510,03010,40.000000000,92.46064,3698.42560,False
511,02006,4.000000000,149.67165,598.68662,False
511,02010,400.000000000,7.90000,3160.00000,False
511,02313,420.000000000,11.50000,4830.00000,False
511,03179,40.000000000,46.41575,1856.63000,False
512,02006,8.000000000,148.26435,1186.11487,False
512,02018,490.000000000,12.00000,5880.00000,False
512,03003,80.000000000,34.18963,2735.17040,False
513,02006,8.000000000,146.41477,1171.31816,False
513,02010,805.000000000,7.82945,6302.71288,False
513,02019,820.000000000,11.50000,9430.00000,False
513,03012,80.000000000,99.46087,7956.86960,False
514,02006,8.000000000,146.41477,1171.31816,False
514,02010,800.000000000,7.90000,6320.00000,False
514,02278,820.000000000,12.00000,9840.00000,False
514,03165,80.000000000,23.82683,1906.14640,False
516,02245,8.000000000,40.00000,320.00000,False
516,03151,200.000000000,55.31940,11063.88000,False
517,02004,12.000000000,234.59841,2815.18092,False
517,02320,1220.000000000,10.00000,12200.00000,False
517,03182,120.000000000,21.26486,2551.78320,False
518,02306,20.000000000,210.00000,4200.00000,False
518,02315,250.000000000,30.00000,7500.00000,False
518,03182,250.000000000,21.26486,5316.21500,False
519,02311,10.000000000,2050.00000,20500.00000,False
519,02312,10.000000000,70.00000,700.00000,False
519,03182,250.000000000,21.26486,5316.21500,False
520,02299,500.000000000,30.00000,15000.00000,False
520,02306,20.000000000,210.00000,4200.00000,False
520,03163,500.000000000,17.00000,8500.00000,False
521,02420,4.000000000,47.63222,190.52888,False
521,03253,100.000000000,16.71616,1671.61600,False
522,03014,50.000000000,13.54135,677.06750,False
523,02245,2.000000000,40.00000,80.00000,False
523,03151,50.000000000,55.31940,2765.97000,False
524,02006,8.000000000,146.41477,1171.31816,False
524,02010,805.000000000,7.83490,6307.09611,False
524,02020,820.000000000,12.00000,9840.00000,False
524,03018,80.000000000,86.95128,6956.10240,False
525,02311,20.000000000,2050.00000,41000.00000,False
525,02312,20.000000000,70.00000,1400.00000,False
525,03182,500.000000000,21.26486,10632.43000,False
526,02004,60.000000000,234.81786,14089.07160,False
526,02014,240.000000000,439.99732,105599.35680,False
526,02346,240.000000000,40.00000,9600.00000,False
526,03202,1200.000000000,89.56120,107473.44000,False
527,02004,5.000000000,233.33333,1166.66665,False
527,02014,20.000000000,439.99830,8799.96600,False
527,02470,30.000000000,40.00000,1200.00000,False
527,03294,100.000000000,29.27795,2927.79500,False
528,02222,2.000000000,40.00000,80.00000,False
528,03144,50.000000000,40.49526,2024.76300,False
529,02004,40.000000000,234.81786,9392.71440,False
529,02014,40.000000000,439.99830,17599.93200,False
529,02443,40.000000000,80.00000,3200.00000,False
529,03271,200.000000000,80.84794,16169.58800,False
530,02004,75.000000000,234.81786,17611.33950,False
530,02014,60.000000000,439.99830,26399.89800,False
530,02455,60.000000000,80.00000,4800.00000,False
530,03280,300.000000000,11.96064,3588.19200,False
532,02097,120.000000000,230.00000,27600.00000,False
532,02468,120.000000000,40.00000,4800.00000,False
532,03292,120.000000000,43.43028,5211.63360,False
533,02097,120.000000000,230.00000,27600.00000,False
533,02469,120.000000000,40.00000,4800.00000,False
533,03293,120.000000000,152.38363,18286.03560,False
534,02472,10.000000000,140.00000,1400.00000,False
534,03296,250.000000000,21.92908,5482.27000,False
535,02471,10.000000000,140.00000,1400.00000,False
535,03295,250.000000000,20.84000,5210.00000,False
536,02004,65.000000000,234.81786,15263.16090,False
536,02014,52.000000000,439.99830,22879.91160,False
536,02297,52.000000000,40.00000,2080.00000,False
536,03176,260.000000000,131.18272,34107.50720,False
537,02004,30.000000000,234.81786,7044.53580,False
537,02014,44.000000000,439.99830,19359.92520,False
537,02271,44.000000000,40.00000,1760.00000,False
537,03120,220.000000000,50.98008,11215.61760,False
538,02014,24.000000000,439.99830,10559.95920,False
538,02027,24.000000000,22.22222,533.33328,False
538,03003,120.000000000,25.83873,3100.64760,False
539,02315,500.000000000,30.00000,15000.00000,False
539,03182,500.000000000,19.18808,9594.04000,False
540,02311,93.000000000,2050.00000,190650.00000,False
540,02312,93.000000000,70.00000,6510.00000,False
540,03182,2325.000000000,19.18808,44612.28600,False
541,02020,950.000000000,12.00000,11400.00000,False
541,03018,95.000000000,85.91471,8161.89745,False
542,02097,360.000000000,230.00000,82800.00000,False
542,02385,360.000000000,18.00000,6480.00000,False
542,03003,360.000000000,25.83873,9301.94280,False
543,02274,100.000000000,100.00000,10000.00000,False
543,03163,2500.000000000,17.00000,42500.00000,False
544,02299,425.000000000,30.00000,12750.00000,False
544,03163,425.000000000,17.00000,7225.00000,False
545,02009,325.000000000,20.00000,6500.00000,False
545,02019,325.000000000,11.50000,3737.50000,False
545,03012,32.000000000,99.21087,3174.74784,False
546,02059,10.000000000,176.00000,1760.00000,False
546,02097,120.000000000,230.00000,27600.00000,False
546,02459,135.000000000,40.00000,5400.00000,False
546,03276,120.000000000,134.20531,16104.63720,False
547,02054,10.000000000,190.00000,1900.00000,False
547,02440,10.000000000,190.00000,1900.00000,False
547,03270,250.000000000,71.63589,17908.97250,False
548,02054,25.000000000,190.00000,4750.00000,False
548,02258,25.000000000,41.51137,1037.78425,False
548,03046,625.000000000,6.53032,4081.45000,False
549,02004,20.000000000,234.81786,4696.35720,False
549,02014,16.000000000,439.99830,7039.97280,False
549,02272,16.000000000,40.00000,640.00000,False
549,03119,80.000000000,168.77722,13502.17760,False
550,02004,55.000000000,234.81786,12914.98230,False
550,02014,44.000000000,439.99830,19359.92520,False
550,02029,44.000000000,20.00000,880.00000,False
550,03011,220.000000000,71.51870,15734.11400,False
551,02014,20.000000000,439.99830,8799.96600,False
551,02267,20.000000000,40.00000,800.00000,False
551,03122,100.000000000,70.75207,7075.20700,False
552,02014,12.000000000,439.99830,5279.97960,False
552,02291,12.000000000,40.00000,480.00000,False
552,03086,60.000000000,30.00000,1800.00000,False
553,02054,12.000000000,190.00000,2280.00000,False
553,02222,12.000000000,40.00000,480.00000,False
553,03144,300.000000000,40.49526,12148.57800,False
554,02014,36.000000000,439.99830,15839.93880,False
554,02147,36.000000000,40.00000,1440.00000,False
554,03054,180.000000000,55.83055,10049.49900,False
555,02014,36.000000000,439.99830,15839.93880,False
555,02210,36.000000000,40.00000,1440.00000,False
555,03070,180.000000000,21.59422,3886.95960,False
556,02014,36.000000000,439.99830,15839.93880,False
556,02343,36.000000000,40.00000,1440.00000,False
556,03199,180.000000000,25.24870,4544.76600,False
557,02054,2.000000000,190.00000,380.00000,False
557,03014,50.000000000,13.35955,667.97750,False
558,03014,650.000000000,13.07211,8496.87150,False
559,02274,20.000000000,100.00000,2000.00000,False
559,03163,500.000000000,17.00000,8500.00000,False
560,02258,2.000000000,41.51137,83.02274,False
560,03046,50.000000000,6.53032,326.51600,False
561,02006,100.000000000,146.41477,14641.47700,False
561,03003,10.000000000,26.32386,263.23860,False
562,02006,2.000000000,146.41477,292.82954,False
562,02010,205.000000000,7.87794,1614.97934,False
562,02020,200.000000000,12.00000,2400.00000,False
562,03018,20.000000000,85.91331,1718.26620,False
563,02004,1.000000000,234.81786,234.81786,False
563,02320,150.000000000,10.00000,1500.00000,False
563,03182,15.000000000,13.24810,198.72150,False
564,02274,101.000000000,100.00000,10100.00000,False
564,03163,2525.000000000,17.00000,42925.00000,False
565,02258,50.000000000,41.51137,2075.56850,False
565,02307,50.000000000,168.00000,8400.00000,False
565,03046,1250.000000000,6.53032,8162.90000,False
566,02033,51.000000000,155.00000,7905.00000,False
566,03014,1275.000000000,13.03493,16619.53575,False
567,02004,25.000000000,227.00000,5675.00000,False
567,02014,100.000000000,439.99896,43999.89600,False
567,02026,100.000000000,30.00000,3000.00000,False
567,03020,500.000000000,204.61933,102309.66500,False
568,02004,15.000000000,227.00000,3405.00000,False
568,02014,20.000000000,439.99896,8799.97920,False
568,02163,20.000000000,40.00000,800.00000,False
568,03106,100.000000000,25.31396,2531.39600,False
569,02168,20.000000000,40.00000,800.00000,False
569,02173,20.000000000,145.00000,2900.00000,False
569,03110,500.000000000,17.36145,8680.72500,False
570,02173,20.000000000,145.00000,2900.00000,False
570,02219,20.000000000,120.00000,2400.00000,False
570,03141,500.000000000,11.51616,5758.08000,False
571,03134,125.000000000,10.80000,1350.00000,False
572,02245,3.000000000,40.00000,120.00000,False
572,02307,3.000000000,168.00000,504.00000,False
572,03151,75.000000000,54.13007,4059.75525,False
573,02041,10.000000000,120.00000,1200.00000,False
573,02307,10.000000000,168.00000,1680.00000,False
573,03022,250.000000000,40.80012,10200.03000,False
574,02006,16.000000000,146.41477,2342.63632,False
574,02010,1600.000000000,7.84281,12548.50560,False
574,03003,160.000000000,26.32386,4211.81760,False
575,02004,10.000000000,235.00000,2350.00000,False
575,02014,40.000000000,439.99926,17599.97040,False
575,02337,40.000000000,80.00000,3200.00000,False
575,03194,200.000000000,106.01146,21202.29200,False
576,02004,10.000000000,235.00000,2350.00000,False
576,02014,40.000000000,439.99926,17599.97040,False
576,02334,40.000000000,80.00000,3200.00000,False
576,03192,200.000000000,26.77411,5354.82200,False
577,02004,10.000000000,235.00000,2350.00000,False
577,02014,40.000000000,439.99926,17599.97040,False
577,02342,40.000000000,80.00000,3200.00000,False
577,03198,200.000000000,16.12911,3225.82200,False
578,02004,8.000000000,235.00000,1880.00000,False
578,02014,32.000000000,439.99926,14079.97632,False
578,02332,40.000000000,80.00000,3200.00000,False
578,03191,160.000000000,91.62050,14659.28000,False
579,02004,11.000000000,235.00000,2585.00000,False
579,02014,44.000000000,439.99926,19359.96744,False
579,02336,44.000000000,80.00000,3520.00000,False
579,03193,220.000000000,248.05493,54572.08460,False
580,02004,5.000000000,235.00000,1175.00000,False
580,02014,20.000000000,439.99926,8799.98520,False
580,02435,20.000000000,80.00000,1600.00000,False
580,03265,100.000000000,266.64076,26664.07600,False
581,02004,22.000000000,235.00000,5170.00000,False
581,02014,88.000000000,439.99926,38719.93488,False
581,02330,88.000000000,80.00000,7040.00000,False
581,03190,440.000000000,316.89180,139432.39200,False
582,02002,4.000000000,208.00000,832.00000,False
582,02331,60.000000000,40.00000,2400.00000,False
582,03190,60.000000000,316.89180,19013.50800,False
583,02329,20.000000000,240.00000,4800.00000,False
583,03189,500.000000000,23.14257,11571.28500,False
584,02055,26.000000000,140.00000,3640.00000,False
584,02307,20.000000000,168.00000,3360.00000,False
584,03088,500.000000000,41.36881,20684.40500,False
585,02004,2.000000000,235.00000,470.00000,False
585,02014,8.000000000,439.99926,3519.99408,False
585,02475,8.000000000,40.00000,320.00000,False
585,03297,40.000000000,129.11249,5164.49960,False
586,02004,2.000000000,235.00000,470.00000,False
586,02014,8.000000000,439.99926,3519.99408,False
586,02476,8.000000000,40.00000,320.00000,False
586,03298,40.000000000,68.00690,2720.27600,False
587,02004,2.000000000,235.00000,470.00000,False
587,02014,8.000000000,439.99926,3519.99408,False
587,02477,8.000000000,40.00000,320.00000,False
587,03299,40.000000000,90.59238,3623.69520,False
588,02004,2.000000000,235.00000,470.00000,False
588,02014,8.000000000,439.99926,3519.99408,False
588,02478,8.000000000,40.00000,320.00000,False
588,03300,40.000000000,205.81327,8232.53080,False
589,02213,5.000000000,168.00000,840.00000,False
589,02358,5.000000000,140.00000,700.00000,False
589,03213,125.000000000,15.60776,1950.97000,False
590,02213,1.000000000,168.00000,168.00000,False
590,02222,1.000000000,40.00000,40.00000,False
590,03144,25.000000000,40.49526,1012.38150,False
591,02033,3.000000000,155.00000,465.00000,False
591,03014,75.000000000,13.03374,977.53050,False
592,02274,6.000000000,100.00000,600.00000,False
592,03163,150.000000000,17.00000,2550.00000,False
593,02054,5.000000000,190.00000,950.00000,False
593,02307,5.000000000,168.00000,840.00000,False
593,03244,125.000000000,21.07624,2634.53000,False
594,03021,2500.000000000,52.69623,131740.57500,False
595,03021,1600.000000000,52.69623,84313.96800,False
596,02274,50.000000000,100.00000,5000.00000,False
596,03163,1250.000000000,17.00000,21250.00000,False
597,02213,20.000000000,168.00000,3360.00000,False
597,02222,20.000000000,40.00000,800.00000,False
597,03144,500.000000000,11.51616,5758.08000,False
598,02004,50.000000000,235.00000,11750.00000,False
598,02151,1000.000000000,33.00000,33000.00000,False
598,03100,1000.000000000,21.13683,21136.83000,False
599,02004,15.000000000,235.00000,3525.00000,False
599,02014,60.000000000,439.99926,26399.95560,False
599,02457,60.000000000,80.00000,4800.00000,False
599,03281,300.000000000,10.00064,3000.19200,False
600,02128,28.000000000,1069.61115,29949.11220,False
600,02268,20.000000000,75.00000,1500.00000,False
600,03162,700.000000000,36.83245,25782.71500,False
601,02004,3.000000000,233.33333,699.99999,False
601,02014,12.000000000,439.99946,5279.99352,False
601,02427,12.000000000,40.00000,480.00000,False
601,03260,60.000000000,117.67912,7060.74720,False
602,02059,5.000000000,176.00000,880.00000,False
602,02097,60.000000000,230.00000,13800.00000,False
602,03028,60.000000000,327.24082,19634.44920,False
603,02004,11.000000000,233.33333,2566.66663,False
603,02014,44.000000000,439.99946,19359.97624,False
603,02410,44.000000000,80.00000,3520.00000,False
603,03248,220.000000000,104.92818,23084.19960,False
604,02059,2.000000000,176.00000,352.00000,False
604,02097,24.000000000,230.00000,5520.00000,False
604,02467,30.000000000,40.00000,1200.00000,False
604,03291,24.000000000,45.73424,1097.62176,False
605,02128,4.000000000,1069.61115,4278.44460,False
605,02479,5.000000000,75.00000,375.00000,False
605,03291,100.000000000,45.73424,4573.42400,False
606,02042,50.000000000,40.00000,2000.00000,False
606,02213,50.000000000,168.00000,8400.00000,False
606,03019,1250.000000000,13.83448,17293.10000,False
607,02059,2.000000000,176.00000,352.00000,False
607,02097,24.000000000,230.00000,5520.00000,False
607,02465,30.000000000,40.00000,1200.00000,False
607,03289,24.000000000,57.19195,1372.60680,False
608,02059,2.000000000,176.00000,352.00000,False
608,02097,2.000000000,230.00000,460.00000,False
608,02463,24.000000000,40.00000,960.00000,False
608,03287,24.000000000,29.27739,702.65736,False
609,02059,2.000000000,176.00000,352.00000,False
609,02097,2.000000000,230.00000,460.00000,False
609,02462,24.000000000,40.00000,960.00000,False
609,03286,24.000000000,216.17443,5188.18632,False
610,02059,2.000000000,176.00000,352.00000,False
610,02097,2.000000000,230.00000,460.00000,False
610,02466,24.000000000,40.00000,960.00000,False
610,03290,24.000000000,23.40695,561.76680,False
611,02059,2.000000000,176.00000,352.00000,False
611,02097,24.000000000,230.00000,5520.00000,False
611,02464,24.000000000,40.00000,960.00000,False
611,03288,24.000000000,129.11249,3098.69976,False
612,02059,1.000000000,170.39024,170.39024,False
612,02097,12.000000000,230.00000,2760.00000,False
612,02300,16.000000000,40.00000,640.00000,False
612,03034,12.000000000,43.98627,527.83524,False
613,02048,14.000000000,40.00000,560.00000,False
613,02059,1.000000000,170.39024,170.39024,False
613,02097,12.000000000,230.00000,2760.00000,False
613,03027,12.000000000,207.96330,2495.55960,False
614,02041,5.000000000,136.66667,683.33335,False
614,02307,5.000000000,168.00000,840.00000,False
614,03022,125.000000000,38.41259,4801.57375,False
615,02004,10.000000000,227.03717,2270.37170,False
615,02014,40.000000000,439.99955,17599.98200,False
615,02204,50.000000000,40.00000,2000.00000,False
615,03131,200.000000000,68.02738,13605.47600,False
616,02004,10.000000000,227.03717,2270.37170,False
616,02014,40.000000000,439.99955,17599.98200,False
616,02293,40.000000000,40.00000,1600.00000,False
616,03183,200.000000000,65.67012,13134.02400,False
617,02004,11.000000000,227.03717,2497.40887,False
617,02014,44.000000000,439.99955,19359.98020,False
617,02131,44.000000000,20.00000,880.00000,False
617,03089,220.000000000,111.94961,24628.91420,False
618,02004,11.000000000,227.03717,2497.40887,False
618,02014,44.000000000,439.99955,19359.98020,False
618,02404,44.000000000,40.00000,1760.00000,False
618,03101,220.000000000,73.01569,16063.45180,False
619,02128,28.000000000,1069.61115,29949.11220,False
619,02160,30.000000000,40.00000,1200.00000,False
619,03104,700.000000000,30.83245,21582.71500,False
620,02059,12.000000000,170.39024,2044.68288,False
620,02096,120.000000000,40.00000,4800.00000,False
620,02097,120.000000000,230.00000,27600.00000,False
620,03131,120.000000000,68.02738,8163.28560,False
