ProductionID,ProductionDate,Remarks,ProductID,Quantity,BatchNo,ExpiryDate,Cost,TTLValue,Expense,UserNo,IsPosted
1,05/02/2026 00:00:00,,03192,200,0001,07/23/2028 00:00:00,146.250000,29250.000000,0.00,1,False
2,05/02/2026 00:00:00,,03174,110,0001,07/23/2028 00:00:00,13.860000,1524.600000,0.00,1,False
3,05/03/2026 00:00:00,,03260,120,0001,07/23/2028 00:00:00,133.330000,15999.600000,0.00,1,False
4,05/03/2026 00:00:00,,03254,60,0001,07/23/2028 00:00:00,173.430000,10405.800000,0.00,1,False
5,05/03/2026 00:00:00,,03263,100,0001,07/23/2028 00:00:00,78.380000,7838.000000,0.00,1,False
6,05/03/2026 00:00:00,,03258,60,0001,07/23/2028 00:00:00,66.030000,3961.800000,0.00,1,False
7,05/03/2026 00:00:00,,03256,60,0001,07/23/2028 00:00:00,78.280000,4696.800000,0.00,1,False
8,05/03/2026 00:00:00,,03261,250,0001,07/23/2028 00:00:00,109.490000,27372.500000,0.00,1,False
9,05/03/2026 00:00:00,,03262,250,0001,07/23/2028 00:00:00,19.461540,4865.385000,0.00,1,False
10,05/03/2026 00:00:00,,03010,12,0001,07/23/2028 00:00:00,128.590000,1543.080000,0.00,1,False
11,05/03/2026 00:00:00,,03014,100,0001,07/23/2028 00:00:00,15.461540,1546.154000,0.00,1,False
12,05/03/2026 00:00:00,,03163,3750,0001,07/23/2028 00:00:00,15.133333,56750.000000,0.00,1,False
13,05/03/2026 00:00:00,,03001,900,0001,07/23/2028 00:00:00,14.410000,12969.000000,0.00,1,False
14,05/04/2026 00:00:00,,03046,250,0001,07/23/2028 00:00:00,16.773112,4193.278050,0.00,1,False
15,05/05/2026 00:00:00,,03190,260,0001,07/23/2028 00:00:00,475.318461,123582.799985,0.00,1,False
16,05/05/2026 00:00:00,,03097,500,0001,07/23/2028 00:00:00,105.170000,52585.000000,0.00,1,False
17,05/05/2026 00:00:00,,03135,12,0001,07/23/2028 00:00:00,224.300000,2691.600000,0.00,1,False
18,05/05/2026 00:00:00,,03027,12,0001,07/23/2028 00:00:00,231.130000,2773.560000,0.00,1,False
19,05/05/2026 00:00:00,,03034,12,0001,07/23/2028 00:00:00,95.530000,1146.360000,0.00,1,False
20,05/05/2026 00:00:00,,03026,32,0001,07/23/2028 00:00:00,111.860000,3579.520000,0.00,1,False
21,05/05/2026 00:00:00,,03009,40,0001,07/23/2028 00:00:00,126.035000,5041.400000,0.00,1,False
22,05/05/2026 00:00:00,,03107,40,0001,07/23/2028 00:00:00,122.180000,4887.200000,0.00,1,False
23,05/05/2026 00:00:00,,03163,1250,0001,07/23/2028 00:00:00,10.000000,12500.000000,0.00,1,False
24,05/05/2026 00:00:00,,03011,40,0001,07/23/2028 00:00:00,121.850000,4874.000000,0.00,1,False
25,05/05/2026 00:00:00,,03055,5000,0001,07/23/2028 00:00:00,17.657444,88287.222000,0.00,1,False
26,05/05/2026 00:00:00,,03021,1000,0001,07/23/2028 00:00:00,50.030500,50030.500000,0.00,1,False
27,05/06/2026 00:00:00,,03011,140,0001,07/24/2028 00:00:00,83.097321,11633.625000,0.00,1,False
28,05/06/2026 00:00:00,,03104,250,0001,07/24/2028 00:00:00,142.540000,35635.000000,0.00,1,False
29,05/06/2026 00:00:00,,03162,600,0001,07/24/2028 00:00:00,61.306667,36784.000000,0.00,1,False
30,05/07/2026 00:00:00,,03028,240,0001,07/29/2028 00:00:00,364.296667,87431.199992,0.00,1,False
31,05/07/2026 00:00:00,,03094,200,0001,07/29/2028 00:00:00,333.475000,66695.000000,0.00,1,False
32,05/07/2026 00:00:00,,03096,48,0001,07/29/2028 00:00:00,84.900000,4075.200000,0.00,1,False
33,05/09/2026 00:00:00,,03054,520,0001,07/29/2028 00:00:00,96.580769,50222.000000,0.00,1,False
34,05/09/2026 00:00:00,,03215,220,0001,07/29/2028 00:00:00,627.550887,138061.195050,0.00,1,False
35,05/09/2026 00:00:00,,03260,140,0001,07/29/2028 00:00:00,132.063902,18488.946308,0.00,1,False
36,05/09/2026 00:00:00,,03001,125,0001,07/29/2028 00:00:00,17.143929,2142.991070,0.00,1,False
37,05/10/2026 00:00:00,,03025,190,0001,07/29/2028 00:00:00,36.280435,6893.282623,0.00,1,False
38,05/10/2026 00:00:00,,03093,120,0001,07/29/2028 00:00:00,279.969149,33596.297848,0.00,1,False
39,05/10/2026 00:00:00,,03019,250,0001,07/29/2028 00:00:00,17.311220,4327.805000,0.00,1,False
40,05/12/2026 00:00:00,,03075,240,0001,08/02/2028 00:00:00,44.170000,10600.800000,0.00,1,False
41,05/13/2026 00:00:00,,03001,5000,0001,08/02/2028 00:00:00,17.348081,86740.403750,0.00,1,False
42,05/13/2026 00:00:00,,03163,2500,0001,08/02/2028 00:00:00,17.680000,44200.000000,0.00,1,False
43,05/13/2026 00:00:00,,03151,1225,0001,08/02/2028 00:00:00,52.293628,64059.694607,0.00,1,False
44,05/13/2026 00:00:00,,03046,1250,0001,08/02/2028 00:00:00,16.734611,20918.263250,0.00,1,False
45,05/13/2026 00:00:00,,03264,161,0001,08/02/2028 00:00:00,439.760375,70801.420453,0.00,1,False
46,05/13/2026 00:00:00,,03003,380,0001,08/02/2028 00:00:00,33.290278,12650.305659,0.00,1,False
47,05/13/2026 00:00:00,,03010,80,0001,08/02/2028 00:00:00,125.586584,10046.926695,0.00,1,False
48,05/13/2026 00:00:00,,03118,75,0001,08/02/2028 00:00:00,144.306102,10822.957680,0.00,1,False
49,05/13/2026 00:00:00,,03179,100,0001,08/02/2028 00:00:00,49.307528,4930.752805,0.00,1,False
50,05/13/2026 00:00:00,,03018,108,0001,08/02/2028 00:00:00,103.768875,11207.038525,0.00,1,False
51,05/13/2026 00:00:00,,03165,200,0001,08/02/2028 00:00:00,11.809857,2361.971382,0.00,1,False
52,05/13/2026 00:00:00,,03012,38,0001,08/02/2028 00:00:00,116.773149,4437.379651,0.00,1,False
53,05/13/2026 00:00:00,,03191,200,0001,08/02/2028 00:00:00,73.004366,14600.873141,0.00,1,False
54,05/13/2026 00:00:00,,03192,100,0001,08/02/2028 00:00:00,168.245219,16824.521852,0.00,1,False
55,05/13/2026 00:00:00,,03194,160,0001,08/02/2028 00:00:00,93.750051,15000.008202,0.00,1,False
56,05/13/2026 00:00:00,,03193,160,0001,08/02/2028 00:00:00,247.915011,39666.401717,0.00,1,False
57,05/13/2026 00:00:00,,03190,500,0001,08/02/2028 00:00:00,410.240643,205120.321478,0.00,1,False
58,05/13/2026 00:00:00,,03014,250,0001,08/02/2028 00:00:00,13.461060,3365.265000,0.00,1,False
59,05/14/2026 00:00:00,,03010,120,0001,08/03/2028 00:00:00,125.586584,15070.390042,0.00,1,False
60,05/14/2026 00:00:00,,03028,24,0001,08/03/2028 00:00:00,390.284802,9366.835243,0.00,1,False
61,05/14/2026 00:00:00,,03183,80,0001,08/03/2028 00:00:00,67.266673,5381.333867,0.00,1,False
62,05/14/2026 00:00:00,,03236,160,0001,08/03/2028 00:00:00,93.776475,15004.235944,0.00,1,False
63,05/14/2026 00:00:00,,03046,1000,0001,08/03/2028 00:00:00,16.661458,16661.457600,0.00,1,False
64,05/14/2026 00:00:00,,03014,500,0001,08/03/2028 00:00:00,13.461060,6730.530000,0.00,1,False
65,05/14/2026 00:00:00,,03021,2500,0001,08/03/2028 00:00:00,66.040652,165101.630475,0.00,1,False
66,05/14/2026 00:00:00,,03224,240,0001,08/03/2028 00:00:00,64.304498,15433.079518,0.00,1,False
67,05/14/2026 00:00:00,,03182,960,0001,08/03/2028 00:00:00,17.759155,17048.788882,0.00,1,False
68,05/14/2026 00:00:00,,03018,40,0001,08/03/2028 00:00:00,90.326330,3613.053208,0.00,1,False
69,05/16/2026 00:00:00,,03202,400,0001,08/03/2028 00:00:00,104.770877,41908.350838,0.00,1,False
70,05/16/2026 00:00:00,,03247,120,0001,08/03/2028 00:00:00,104.042682,12485.121790,0.00,1,False
71,05/16/2026 00:00:00,,03060,240,0001,08/04/2028 00:00:00,95.754137,22980.992930,0.00,1,False
72,05/16/2026 00:00:00,,03264,80,0001,08/04/2028 00:00:00,470.411052,37632.884195,0.00,1,False
73,05/16/2026 00:00:00,,03165,20,0001,08/04/2028 00:00:00,11.787911,235.758220,0.00,1,False
74,05/16/2026 00:00:00,,03010,67,0001,08/04/2028 00:00:00,125.586584,8414.301107,0.00,1,False
75,05/16/2026 00:00:00,,03014,100,0001,08/04/2028 00:00:00,13.461060,1346.106000,0.00,1,False
76,05/16/2026 00:00:00,,03001,1250,0001,08/04/2028 00:00:00,14.560554,18200.692338,0.00,1,False
77,05/16/2026 00:00:00,,03182,250,0001,08/04/2028 00:00:00,16.673662,4168.415520,0.00,1,False
78,05/16/2026 00:00:00,,03118,25,0001,08/04/2028 00:00:00,121.499938,3037.498438,0.00,1,False
79,05/16/2026 00:00:00,,03003,80,0001,08/04/2028 00:00:00,33.290278,2663.222244,0.00,1,False
80,05/18/2026 00:00:00,,03046,250,0001,08/04/2028 00:00:00,13.789645,3447.411230,0.00,1,False
81,05/18/2026 00:00:00,,03173,500,0001,08/04/2028 00:00:00,14.560554,7280.276935,0.00,1,False
82,05/19/2026 00:00:00,,03010,34,0001,08/06/2028 00:00:00,125.643132,4271.866491,0.00,1,False
83,05/19/2026 00:00:00,,03222,2500,0001,08/06/2028 00:00:00,20.780963,51952.407200,0.00,1,False
84,05/19/2026 00:00:00,,03054,400,0001,08/06/2028 00:00:00,57.091013,22836.405060,0.00,1,False
85,05/19/2026 00:00:00,,03074,280,0001,08/06/2028 00:00:00,115.476600,32333.448114,0.00,1,False
86,05/19/2026 00:00:00,,03146,360,0001,08/06/2028 00:00:00,152.734689,54984.488126,0.00,1,False
87,05/19/2026 00:00:00,,03197,150,0001,08/06/2028 00:00:00,132.566333,19884.949923,0.00,1,False
88,05/19/2026 00:00:00,,03189,500,0001,08/06/2028 00:00:00,27.461060,13730.530000,0.00,1,False
89,05/19/2026 00:00:00,,03265,100,0001,08/06/2028 00:00:00,274.875422,27487.542162,0.00,1,False
90,05/19/2026 00:00:00,,03163,50,0001,08/06/2028 00:00:00,17.000000,850.000000,0.00,1,False
91,05/19/2026 00:00:00,,03019,50,0001,08/06/2028 00:00:00,21.961060,1098.053000,0.00,1,False
92,05/19/2026 00:00:00,,03028,460,0001,08/06/2028 00:00:00,59.631950,27430.697175,0.00,1,False
93,05/19/2026 00:00:00,,03095,220,0001,08/06/2028 00:00:00,60.060275,13213.260488,0.00,1,False
94,05/19/2026 00:00:00,,03101,420,0001,08/06/2028 00:00:00,94.405127,39650.153498,0.00,1,False
95,05/19/2026 00:00:00,,03089,220,0001,08/06/2028 00:00:00,113.788691,25033.511967,0.00,1,False
96,05/19/2026 00:00:00,,03094,640,0001,08/06/2028 00:00:00,315.455629,201891.602408,0.00,1,False
97,05/19/2026 00:00:00,,03090,20,0001,08/06/2028 00:00:00,137.517430,2750.348592,0.00,1,False
98,05/20/2026 00:00:00,,03090,580,0001,08/12/2028 00:00:00,161.330839,93571.886476,0.00,1,False
99,05/20/2026 00:00:00,,03092,295,0001,08/12/2028 00:00:00,82.568127,24357.597609,0.00,1,False
100,05/20/2026 00:00:00,,03102,820,0001,08/12/2028 00:00:00,132.424352,108587.969048,0.00,1,False
101,05/20/2026 00:00:00,,03093,300,0001,08/12/2028 00:00:00,269.788759,80936.627608,0.00,1,False
102,05/20/2026 00:00:00,,03248,400,0001,08/12/2028 00:00:00,106.936521,42774.608494,0.00,1,False
103,05/20/2026 00:00:00,,03091,800,0001,08/12/2028 00:00:00,115.396550,92317.240344,0.00,1,False
104,05/20/2026 00:00:00,,03183,460,0001,08/12/2028 00:00:00,57.812290,26593.653455,0.00,1,False
105,05/20/2026 00:00:00,,03221,200,0001,08/12/2028 00:00:00,142.109160,28421.832059,0.00,1,False
106,05/21/2026 00:00:00,,03122,80,0001,08/12/2028 00:00:00,75.306698,6024.535802,0.00,1,False
107,05/21/2026 00:00:00,,03120,60,0001,08/12/2028 00:00:00,55.593927,3335.635643,0.00,1,False
108,05/21/2026 00:00:00,,03003,60,0001,08/12/2028 00:00:00,181.532839,10891.970359,0.00,1,False
109,05/21/2026 00:00:00,,03119,160,0001,08/12/2028 00:00:00,98.911460,15825.833523,0.00,1,False
110,05/21/2026 00:00:00,,03206,180,0001,08/12/2028 00:00:00,106.786635,19221.594223,0.00,1,False
111,05/21/2026 00:00:00,,03020,500,0001,08/12/2028 00:00:00,343.808182,171904.090870,0.00,1,False
112,05/21/2026 00:00:00,,03207,275,0001,08/12/2028 00:00:00,13.461060,3701.791500,0.00,1,False
113,05/23/2026 00:00:00,,03002,5000,0001,08/12/2028 00:00:00,11.730000,58650.000000,0.00,1,False
114,05/23/2026 00:00:00,,03113,5000,0001,08/12/2028 00:00:00,11.615000,58075.000000,0.00,1,False
115,05/23/2026 00:00:00,,03163,1750,0001,08/12/2028 00:00:00,17.485714,30600.000000,0.00,1,False
116,05/23/2026 00:00:00,,03087,550,0001,08/12/2028 00:00:00,19.906682,10948.675212,0.00,1,False
117,05/23/2026 00:00:00,,03182,125,0001,08/12/2028 00:00:00,20.326682,2540.835275,0.00,1,False
118,05/23/2026 00:00:00,,03162,600,0001,08/12/2028 00:00:00,52.131479,31278.887544,0.00,1,False
119,05/24/2026 00:00:00,,03025,1156,0001,08/12/2028 00:00:00,54.153632,62601.598562,0.00,1,False
120,05/24/2026 00:00:00,,03089,30,0001,08/12/2028 00:00:00,114.968423,3449.052696,0.00,1,False
121,05/24/2026 00:00:00,,03215,220,0001,08/12/2028 00:00:00,563.946459,124068.221006,0.00,1,False
122,05/24/2026 00:00:00,,03104,3250,0001,08/12/2028 00:00:00,69.918822,227236.170150,0.00,1,False
123,05/24/2026 00:00:00,,03245,1350,0001,08/12/2028 00:00:00,79.493556,107316.300687,0.00,1,False
124,05/24/2026 00:00:00,,03098,250,0001,08/12/2028 00:00:00,13.461060,3365.265000,0.00,1,False
125,05/25/2026 00:00:00,,03194,260,0001,08/12/2028 00:00:00,91.596643,23815.127257,0.00,1,False
126,05/25/2026 00:00:00,,03191,260,0001,08/12/2028 00:00:00,47.083709,12241.764336,0.00,1,False
127,05/25/2026 00:00:00,,03266,100,0001,08/12/2028 00:00:00,18.700360,1870.036040,0.00,1,False
128,05/25/2026 00:00:00,,03267,125,0001,08/12/2028 00:00:00,126.718360,15839.794995,0.00,1,False
129,05/30/2026 00:00:00,,03197,150,0001,08/17/2028 00:00:00,140.164615,21024.692183,0.00,1,False
130,05/30/2026 00:00:00,,03198,300,0001,08/17/2028 00:00:00,14.067205,4220.161548,0.00,1,False
131,06/02/2026 00:00:00,,03165,20,0001,08/23/2028 00:00:00,11.648333,232.966664,0.00,1,False
132,06/02/2026 00:00:00,,03003,60,0001,08/23/2028 00:00:00,34.714089,2082.845359,0.00,1,False
133,06/02/2026 00:00:00,,03014,2500,0001,08/23/2028 00:00:00,13.483380,33708.450000,0.00,1,False
134,06/03/2026 00:00:00,,03134,1250,0001,08/23/2028 00:00:00,11.960000,14950.000000,0.00,1,False
135,06/03/2026 00:00:00,,03019,50,0001,08/23/2028 00:00:00,23.119000,1155.950000,0.00,1,False
136,06/04/2026 00:00:00,,03269,120,0001,08/23/2028 00:00:00,120.504194,14460.503310,0.00,1,False
137,06/04/2026 00:00:00,,03142,100,0001,08/23/2028 00:00:00,123.209059,12320.905882,0.00,1,False
138,06/04/2026 00:00:00,,03205,140,0001,08/23/2028 00:00:00,109.696965,15357.575164,0.00,1,False
139,06/04/2026 00:00:00,,03162,500,0001,08/23/2028 00:00:00,27.038698,13519.349145,0.00,1,False
140,06/04/2026 00:00:00,,03207,625,0001,08/23/2028 00:00:00,13.747760,8592.350000,0.00,1,False
141,06/05/2026 00:00:00,,03113,10000,0001,08/23/2028 00:00:00,11.615000,116150.000000,0.00,1,False
142,06/06/2026 00:00:00,,03163,2500,0001,08/24/2028 00:00:00,17.340000,43350.000000,0.00,1,False
143,06/06/2026 00:00:00,,03046,3750,0001,08/24/2028 00:00:00,21.887276,82077.285000,0.00,1,False
144,06/07/2026 00:00:00,,03197,225,0001,09/04/2028 00:00:00,134.392703,30238.358196,0.00,1,False
145,06/07/2026 00:00:00,,03190,260,0001,09/04/2028 00:00:00,336.468142,87481.716986,0.00,1,False
146,06/07/2026 00:00:00,,03193,240,0001,09/04/2028 00:00:00,264.905572,63577.337230,0.00,1,False
147,06/07/2026 00:00:00,,03194,220,0001,09/04/2028 00:00:00,90.876020,19992.724363,0.00,1,False
148,06/07/2026 00:00:00,,03192,100,0001,09/04/2028 00:00:00,173.137770,17313.777018,0.00,1,False
149,06/07/2026 00:00:00,,03201,250,0001,09/04/2028 00:00:00,46.256500,11564.124980,0.00,1,False
150,06/07/2026 00:00:00,,03267,250,0001,09/04/2028 00:00:00,129.245463,32311.365630,0.00,1,False
151,06/07/2026 00:00:00,,03084,500,0001,09/04/2028 00:00:00,110.454270,55227.135235,0.00,1,False
152,06/07/2026 00:00:00,,03001,850,0001,09/04/2028 00:00:00,17.545848,14913.970790,0.00,1,False
153,06/07/2026 00:00:00,,03087,475,0001,09/04/2028 00:00:00,22.657812,10762.460636,0.00,1,False
154,06/07/2026 00:00:00,,03019,250,0001,09/04/2028 00:00:00,27.157301,6789.325200,0.00,1,False
155,06/07/2026 00:00:00,,03163,2500,0001,09/04/2028 00:00:00,17.000000,42500.000000,0.00,1,False
156,06/08/2026 00:00:00,,03163,375,0001,09/06/2028 00:00:00,17.000000,6375.000000,0.00,1,False
157,06/08/2026 00:00:00,,03094,100,0001,09/06/2028 00:00:00,269.623939,26962.393920,0.00,1,False
158,06/08/2026 00:00:00,,03010,200,0001,09/06/2028 00:00:00,164.259135,32851.826967,0.00,1,False
159,06/08/2026 00:00:00,,03121,240,0001,09/06/2028 00:00:00,88.189099,21165.383856,0.00,1,False
160,06/08/2026 00:00:00,,03240,240,0001,09/06/2028 00:00:00,161.751476,38820.354325,0.00,1,False
161,06/08/2026 00:00:00,,03241,300,0001,09/06/2028 00:00:00,90.954726,27286.417815,0.00,1,False
162,06/08/2026 00:00:00,,03003,220,0001,09/06/2028 00:00:00,34.691720,7632.178413,0.00,1,False
163,06/08/2026 00:00:00,,03011,740,0001,09/06/2028 00:00:00,97.276850,71984.868822,0.00,1,False
164,06/09/2026 00:00:00,,03020,600,0001,09/06/2028 00:00:00,347.324639,208394.783170,0.00,1,False
165,06/09/2026 00:00:00,,03003,130,0001,09/06/2028 00:00:00,34.691720,4509.923608,0.00,1,False
166,06/09/2026 00:00:00,,03165,40,0001,09/06/2028 00:00:00,38.723099,1548.923962,0.00,1,False
167,06/09/2026 00:00:00,,03163,25,0001,09/06/2028 00:00:00,17.000000,425.000000,0.00,1,False
168,06/10/2026 00:00:00,,03010,20,0001,09/06/2028 00:00:00,164.259135,3285.182697,0.00,1,False
169,06/10/2026 00:00:00,,03014,750,0001,09/06/2028 00:00:00,13.219000,9914.250000,0.00,1,False
170,06/10/2026 00:00:00,,03011,108,0001,09/06/2028 00:00:00,111.957965,12091.460231,0.00,1,False
171,06/10/2026 00:00:00,,03026,24,0001,09/06/2028 00:00:00,111.201088,2668.826118,0.00,1,False
172,06/10/2026 00:00:00,,03107,60,0001,09/06/2028 00:00:00,138.349095,8300.945724,0.00,1,False
173,06/10/2026 00:00:00,,03023,125,0001,09/06/2028 00:00:00,13.975200,1746.900000,0.00,1,False
174,06/10/2026 00:00:00,,03035,100,0001,09/06/2028 00:00:00,71.506094,7150.609395,0.00,1,False
175,06/10/2026 00:00:00,,03135,60,0001,09/06/2028 00:00:00,224.304352,13458.261110,0.00,1,False
176,06/10/2026 00:00:00,,03118,120,0001,09/06/2028 00:00:00,109.986501,13198.380139,0.00,1,False
177,06/10/2026 00:00:00,,03046,250,0001,09/06/2028 00:00:00,19.493626,4873.406500,0.00,1,False
178,06/10/2026 00:00:00,,03001,250,0001,09/06/2028 00:00:00,17.342860,4335.714978,0.00,1,False
179,06/10/2026 00:00:00,,03151,250,0001,09/06/2028 00:00:00,60.999244,15249.810999,0.00,1,False
180,06/10/2026 00:00:00,,03109,75,0001,09/06/2028 00:00:00,163.621319,12271.598896,0.00,1,False
181,06/11/2026 00:00:00,,03142,500,0001,09/06/2028 00:00:00,130.438096,65219.048145,0.00,1,False
182,06/11/2026 00:00:00,,03122,80,0001,09/06/2028 00:00:00,24.959412,1996.752970,0.00,1,False
183,06/11/2026 00:00:00,,03010,40,0001,09/07/2028 00:00:00,164.260074,6570.402973,0.00,1,False
184,06/11/2026 00:00:00,,03163,500,0001,09/07/2028 00:00:00,17.000000,8500.000000,0.00,1,False
185,06/11/2026 00:00:00,,03014,250,0001,09/07/2028 00:00:00,13.219000,3304.750000,0.00,1,False
186,06/11/2026 00:00:00,,03046,125,0001,09/07/2028 00:00:00,20.418956,2552.369500,0.00,1,False
187,06/11/2026 00:00:00,,03253,250,0001,09/07/2028 00:00:00,16.809500,4202.375000,0.00,1,False
188,06/12/2026 00:00:00,,03224,240,0001,09/07/2028 00:00:00,81.727557,19614.613742,0.00,1,False
189,06/12/2026 00:00:00,,03225,240,0001,09/07/2028 00:00:00,271.367667,65128.240043,0.00,1,False
190,06/12/2026 00:00:00,,03223,240,0001,09/07/2028 00:00:00,135.795252,32590.860492,0.00,1,False
191,06/13/2026 00:00:00,,03253,50,0001,09/07/2028 00:00:00,16.809500,840.475000,0.00,1,False
192,06/13/2026 00:00:00,,03151,25,0001,09/07/2028 00:00:00,62.905761,1572.644013,0.00,1,False
193,06/13/2026 00:00:00,,03270,1000,0001,09/07/2028 00:00:00,71.618508,71618.508000,0.00,1,False
194,06/13/2026 00:00:00,,03019,25,0001,09/07/2028 00:00:00,47.198104,1179.952600,0.00,1,False
195,06/13/2026 00:00:00,,03001,2275,0001,09/07/2028 00:00:00,10.675598,24286.985525,0.00,1,False
196,06/13/2026 00:00:00,,03003,320,0001,09/08/2028 00:00:00,33.758464,10802.708531,0.00,1,False
197,06/14/2026 00:00:00,,03190,300,0001,09/09/2028 00:00:00,264.476926,79343.077944,0.00,1,False
198,06/14/2026 00:00:00,,03265,100,0001,09/09/2028 00:00:00,84.241372,8424.137201,0.00,1,False
199,06/14/2026 00:00:00,,03266,100,0001,09/09/2028 00:00:00,21.586134,2158.613389,0.00,1,False
200,06/14/2026 00:00:00,,03197,150,0001,09/09/2028 00:00:00,152.787572,22918.135806,0.00,1,False
201,06/14/2026 00:00:00,,03268,75,0001,09/09/2028 00:00:00,13.219000,991.425000,0.00,1,False
202,06/14/2026 00:00:00,,03163,750,0001,09/09/2028 00:00:00,17.000000,12750.000000,0.00,1,False
203,06/14/2026 00:00:00,,03045,50,0001,09/09/2028 00:00:00,13.975200,698.760000,0.00,1,False
204,06/14/2026 00:00:00,,03011,40,0001,09/09/2028 00:00:00,129.358045,5174.321788,0.00,1,False
205,06/14/2026 00:00:00,,03010,60,0001,09/09/2028 00:00:00,156.010074,9360.604460,0.00,1,False
206,06/14/2026 00:00:00,,03120,20,0001,09/09/2028 00:00:00,55.680134,1113.602675,0.00,1,False
207,06/14/2026 00:00:00,,03116,40,0001,09/09/2028 00:00:00,211.163829,8446.553164,0.00,1,False
208,06/14/2026 00:00:00,,03029,20,0001,09/09/2028 00:00:00,25.170377,503.407549,0.00,1,False
209,06/14/2026 00:00:00,,03147,50,0001,09/09/2028 00:00:00,13.219000,660.950000,0.00,1,False
210,06/14/2026 00:00:00,,03053,50,0001,09/09/2028 00:00:00,35.843252,1792.162589,0.00,1,False
211,06/14/2026 00:00:00,,03189,500,0001,09/09/2028 00:00:00,23.360815,11680.407400,0.00,1,False
212,06/15/2026 00:00:00,,03253,75,0001,09/09/2028 00:00:00,20.776167,1558.212500,0.00,1,False
213,06/16/2026 00:00:00,,03021,4360,0001,09/09/2028 00:00:00,61.606153,268602.827420,0.00,1,False
214,06/16/2026 00:00:00,,03046,250,0001,09/09/2028 00:00:00,19.893626,4973.406500,0.00,1,False
215,06/16/2026 00:00:00,,03019,25,0001,09/09/2028 00:00:00,40.588604,1014.715100,0.00,1,False
216,06/16/2026 00:00:00,,03014,25,0001,09/09/2028 00:00:00,13.219000,330.475000,0.00,1,False
217,06/16/2026 00:00:00,,03018,80,0001,09/09/2028 00:00:00,65.190737,5215.258974,0.00,1,False
218,06/17/2026 00:00:00,,03217,100,0001,09/09/2028 00:00:00,206.458418,20645.841825,0.00,1,False
219,06/17/2026 00:00:00,,03094,120,001,09/09/2028 00:00:00,161.515399,19381.847885,0.00,1,False
220,06/17/2026 00:00:00,,03236,60,0001,09/09/2028 00:00:00,87.085275,5225.116529,0.00,1,False
221,06/17/2026 00:00:00,,03028,120,0001,09/09/2028 00:00:00,274.390127,32926.815229,0.00,1,False
222,06/17/2026 00:00:00,,03202,1000,0001,09/09/2028 00:00:00,89.957943,89957.943060,0.00,1,False
223,06/17/2026 00:00:00,,03002,1250,0001,09/09/2028 00:00:00,11.960000,14950.000000,0.00,1,False
224,06/17/2026 00:00:00,,03024,425,0001,09/09/2028 00:00:00,226.360594,96203.252340,0.00,1,False
225,06/17/2026 00:00:00,,03046,125,0001,09/09/2028 00:00:00,15.140650,1892.581190,0.00,1,False
226,06/17/2026 00:00:00,,03144,50,0001,09/09/2028 00:00:00,47.588604,2379.430200,0.00,1,False
227,06/17/2026 00:00:00,,03014,375,0001,09/09/2028 00:00:00,14.100267,5287.600000,0.00,1,False
228,06/17/2026 00:00:00,,03151,50,0001,09/09/2028 00:00:00,61.056978,3052.848891,0.00,1,False
229,06/18/2026 00:00:00,,03245,550,0001,09/09/2028 00:00:00,111.123552,61117.953623,0.00,1,False
230,06/18/2026 00:00:00,,03142,500,0001,09/09/2028 00:00:00,132.626674,66313.336785,0.00,1,False
231,06/18/2026 00:00:00,,03010,340,0001,09/09/2028 00:00:00,164.263489,55849.586199,0.00,1,False
232,06/20/2026 00:00:00,,03003,60,0001,09/09/2028 00:00:00,34.708464,2082.507850,0.00,1,False
233,06/20/2026 00:00:00,,03001,750,0001,09/09/2028 00:00:00,17.403738,13052.803811,0.00,1,False
234,06/20/2026 00:00:00,,03144,1750,0001,09/09/2028 00:00:00,31.372502,54901.878000,0.00,1,False
235,06/21/2026 00:00:00,,03118,150,0001,09/10/2028 00:00:00,112.120773,16818.115896,0.00,1,False
236,06/21/2026 00:00:00,,03271,300,0001,09/03/2028 00:00:00,359.973988,107992.196446,0.00,1,False
237,06/21/2026 00:00:00,,03184,5000,0001,09/10/2028 00:00:00,10.000000,50000.000000,0.00,1,False
238,06/21/2026 00:00:00,,03119,25,0001,09/10/2028 00:00:00,170.027676,4250.691896,0.00,1,False
239,06/22/2026 00:00:00,,03020,1000,0001,09/10/2028 00:00:00,209.078658,209078.658350,0.00,1,False
240,06/22/2026 00:00:00,,03097,500,0001,09/10/2028 00:00:00,126.611272,63305.635900,0.00,1,False
241,06/22/2026 00:00:00,,03013,255,0001,09/10/2028 00:00:00,159.768999,40741.094714,0.00,1,False
242,06/22/2026 00:00:00,,03119,220,0001,09/10/2028 00:00:00,164.864586,36270.208883,0.00,1,False
243,06/23/2026 00:00:00,,03052,1296,0001,09/10/2028 00:00:00,71.166900,92232.302090,0.00,1,False
244,06/23/2026 00:00:00,,03262,375,0001,09/10/2028 00:00:00,17.089907,6408.715275,0.00,1,False
245,06/23/2026 00:00:00,,03120,200,0001,09/10/2028 00:00:00,52.798420,10559.684016,0.00,1,False
246,06/23/2026 00:00:00,,03023,250,0001,09/10/2028 00:00:00,25.442852,6360.713000,0.00,1,False
247,06/23/2026 00:00:00,,03144,175,0001,09/10/2028 00:00:00,30.835344,5396.185200,0.00,1,False
248,06/24/2026 00:00:00,,03060,480,0001,09/16/2028 00:00:00,61.518476,29528.868355,0.00,1,False
249,06/24/2026 00:00:00,,03023,2500,0001,09/16/2028 00:00:00,13.975200,34938.000000,0.00,1,False
250,06/24/2026 00:00:00,,03009,300,0001,09/16/2028 00:00:00,48.166666,14449.999847,0.00,1,False
251,06/24/2026 00:00:00,,03046,125,0001,09/16/2028 00:00:00,10.528760,1316.095000,0.00,1,False
252,06/24/2026 00:00:00,,03104,75,0001,09/16/2028 00:00:00,25.983333,1948.749979,0.00,1,False
253,06/27/2026 00:00:00,,03253,700,0001,09/16/2028 00:00:00,19.692932,13785.052500,0.00,1,False
254,06/27/2026 00:00:00,,03019,25,0001,09/16/2028 00:00:00,49.459224,1236.480600,0.00,1,False
255,06/27/2026 00:00:00,,03165,20,0001,09/16/2028 00:00:00,19.062395,381.247901,0.00,1,False
256,06/27/2026 00:00:00,,03151,25,0001,09/16/2028 00:00:00,62.956978,1573.924446,0.00,1,False
257,06/27/2026 00:00:00,,03010,17,0001,09/16/2028 00:00:00,158.463259,2693.875398,0.00,1,False
258,06/27/2026 00:00:00,,03003,34,0001,09/16/2028 00:00:00,27.081982,920.787392,0.00,1,False
259,06/27/2026 00:00:00,,03018,20,0001,09/16/2028 00:00:00,79.738736,1594.774720,0.00,1,False
260,06/27/2026 00:00:00,,03264,29,0001,09/16/2028 00:00:00,483.504220,14021.622380,0.00,1,False
261,06/27/2026 00:00:00,,03182,120,0001,09/16/2028 00:00:00,21.616419,2593.970284,0.00,1,False
262,06/27/2026 00:00:00,,03014,35,0001,09/16/2028 00:00:00,13.100150,458.505250,0.00,1,False
263,06/27/2026 00:00:00,,03179,10,0001,09/16/2028 00:00:00,91.459193,914.591929,0.00,1,False
264,06/28/2026 00:00:00,,03043,10,0001,09/16/2028 00:00:00,233.801273,2338.012729,0.00,1,False
265,06/28/2026 00:00:00,,03104,370,0001,09/19/2028 00:00:00,20.150000,7455.499896,0.00,1,False
266,06/28/2026 00:00:00,,03272,300,0001,09/19/2028 00:00:00,145.346308,43603.892322,0.00,1,False
267,06/28/2026 00:00:00,,03249,100,0001,09/19/2028 00:00:00,100.597569,10059.756875,0.00,1,False
268,06/29/2026 00:00:00,,03046,500,0001,09/20/2028 00:00:00,13.631002,6815.500750,0.00,1,False
269,06/29/2026 00:00:00,,03003,240,0001,09/20/2028 00:00:00,23.935509,5744.522174,0.00,1,False
270,06/29/2026 00:00:00,,03002,2000,0001,09/20/2028 00:00:00,12.075000,24150.000000,0.00,1,False
271,06/29/2026 00:00:00,,03014,1340,0001,09/20/2028 00:00:00,14.175535,18995.217500,0.00,1,False
272,06/29/2026 00:00:00,,03043,60,0001,09/20/2028 00:00:00,62.101186,3726.071145,0.00,1,False
273,06/29/2026 00:00:00,,03165,50,0001,09/20/2028 00:00:00,17.141964,857.098212,0.00,1,False
274,06/29/2026 00:00:00,,03163,500,0001,09/20/2028 00:00:00,18.700000,9350.000000,0.00,1,False
275,06/29/2026 00:00:00,,03019,175,0001,09/20/2028 00:00:00,46.499489,8137.410500,0.00,1,False
276,06/29/2026 00:00:00,,03001,1500,0001,09/20/2028 00:00:00,17.403738,26105.607623,0.00,1,False
277,06/30/2026 00:00:00,,03002,6250,0001,09/20/2028 00:00:00,11.684000,73025.000000,0.00,1,False
278,06/30/2026 00:00:00,,03258,120,001,09/20/2028 00:00:00,73.818852,8858.262191,0.00,1,False
279,06/30/2026 00:00:00,,03254,100,0001,09/20/2028 00:00:00,116.286972,11628.697174,0.00,1,False
280,06/30/2026 00:00:00,,03001,250,0001,09/20/2028 00:00:00,17.403738,4350.934604,0.00,1,False
281,06/30/2026 00:00:00,,03014,250,0001,09/20/2028 00:00:00,13.100150,3275.037500,0.00,1,False
282,06/30/2026 00:00:00,,03163,100,0001,09/20/2028 00:00:00,17.000000,1700.000000,0.00,1,False
283,06/30/2026 00:00:00,,03273,120,0001,09/20/2028 00:00:00,138.875197,16665.023630,0.00,1,False
284,06/30/2026 00:00:00,,03274,120,0001,09/20/2028 00:00:00,88.380050,10605.606042,0.00,1,False
285,06/30/2026 00:00:00,,03022,250,0001,09/20/2028 00:00:00,17.944594,4486.148612,0.00,1,False
286,06/30/2026 00:00:00,,03003,60,0001,09/20/2028 00:00:00,27.085250,1625.115028,0.00,1,False
287,06/21/2026 00:00:00,,03163,1950,0001,09/21/2028 00:00:00,8.717949,17000.000000,0.00,1,False
288,06/09/2026 00:00:00,,03163,500,0001,09/24/2028 00:00:00,6.800000,3400.000000,0.00,1,False
289,07/01/2026 00:00:00,,03182,450,001,09/30/2028 00:00:00,21.283338,9577.502138,0.00,1,False
290,07/01/2026 00:00:00,,03003,60,001,09/30/2028 00:00:00,27.085250,1625.115028,0.00,1,False
291,07/01/2026 00:00:00,,03014,200,001,09/30/2028 00:00:00,13.100150,2620.030000,0.00,1,False
292,07/01/2026 00:00:00,,03010,13,001,09/30/2028 00:00:00,164.263489,2135.425355,0.00,1,False
293,07/01/2026 00:00:00,,03264,23,001,10/01/2028 00:00:00,330.961377,7612.111670,0.00,1,False
294,07/04/2026 00:00:00,,03055,5000,001,10/01/2028 00:00:00,13.100150,65500.750000,0.00,1,False
295,07/04/2026 00:00:00,,03003,100,001,10/01/2028 00:00:00,27.085250,2708.525046,0.00,1,False
296,07/04/2026 00:00:00,,03165,20,001,10/01/2028 00:00:00,20.252453,405.049053,0.00,1,False
297,07/04/2026 00:00:00,,03010,7,001,10/01/2028 00:00:00,167.704885,1173.934194,0.00,1,False
298,07/04/2026 00:00:00,,03163,100,001,10/01/2028 00:00:00,14.200000,1420.000000,0.00,1,False
299,07/04/2026 00:00:00,,03264,11,001,10/01/2028 00:00:00,501.735957,5519.095529,0.00,1,False
300,07/04/2026 00:00:00,,03088,25,001,10/01/2028 00:00:00,45.384989,1134.624736,0.00,1,False
301,07/04/2026 00:00:00,,03253,100,001,10/01/2028 00:00:00,8.250075,825.007500,0.00,1,False
302,07/05/2026 00:00:00,,03196,2125,001,10/01/2028 00:00:00,11.500000,24437.500000,0.00,1,False
303,07/05/2026 00:00:00,,03119,60,050726,10/01/2028 00:00:00,164.866901,9892.014033,0.00,1,False
305,07/07/2026 00:00:00,,03151,1325,070726,10/01/2028 00:00:00,62.980098,83448.629925,0.00,1,False
306,07/07/2026 00:00:00,,03182,195,001,10/01/2028 00:00:00,21.300090,4153.517564,0.00,1,False
307,07/07/2026 00:00:00,,03003,230,001,10/01/2028 00:00:00,34.335250,7897.107606,0.00,1,False
308,07/07/2026 00:00:00,,03014,275,001,10/01/2028 00:00:00,13.100150,3602.541250,0.00,1,False
309,07/07/2026 00:00:00,,03092,24,001,10/01/2028 00:00:00,159.938338,3838.520105,0.00,1,False
310,07/07/2026 00:00:00,,03010,13,001,10/01/2028 00:00:00,167.564655,2178.340520,0.00,1,False
311,07/07/2026 00:00:00,,03179,48,001,10/01/2028 00:00:00,95.109199,4565.241528,0.00,1,False
314,07/07/2026 00:00:00,,03027,40,001,10/01/2028 00:00:00,215.040853,8601.634132,0.00,1,False
315,07/07/2026 00:00:00,,03264,35,001,10/01/2028 00:00:00,305.000000,10675.000000,0.00,1,False
316,07/07/2026 00:00:00,,03144,50,001,10/01/2028 00:00:00,40.529179,2026.458950,0.00,1,False
317,07/08/2026 00:00:00,,03201,500,001,10/02/2028 00:00:00,39.988740,19994.370100,0.00,1,False
318,07/08/2026 00:00:00,,03198,200,001,10/02/2028 00:00:00,16.176232,3235.246396,0.00,1,False
319,07/08/2026 00:00:00,,03192,200,001,10/02/2028 00:00:00,151.717704,30343.540860,0.00,1,False
320,07/08/2026 00:00:00,,03194,120,001,10/02/2028 00:00:00,107.106277,12852.753263,0.00,1,False
321,07/08/2026 00:00:00,,03146,368,001,10/02/2028 00:00:00,156.040345,57422.847113,0.00,1,False
322,07/08/2026 00:00:00,,03190,600,001,10/02/2028 00:00:00,121.590000,72954.000000,0.00,1,False
323,07/08/2026 00:00:00,,03189,500,001,10/02/2028 00:00:00,16.709054,8354.527200,0.00,1,False
324,07/08/2026 00:00:00,,03197,300,001,10/02/2028 00:00:00,83.957769,25187.330832,0.00,1,False
325,07/10/2026 00:00:00,,03206,200,001,10/02/2028 00:00:00,103.861394,20772.278700,0.00,1,False
326,07/10/2026 00:00:00,,03205,160,001,10/02/2028 00:00:00,55.346851,8855.496080,0.00,1,False
327,07/10/2026 00:00:00,,03070,160,001,10/02/2028 00:00:00,85.823639,13731.782208,0.00,1,False
328,07/10/2026 00:00:00,,03075,160,001,10/02/2028 00:00:00,58.203197,9312.511441,0.00,1,False
329,07/10/2026 00:00:00,,03207,500,001,10/02/2028 00:00:00,13.100150,6550.075000,0.00,1,False
330,07/10/2026 00:00:00,,03162,500,001,10/02/2034 00:00:00,26.169055,13084.527575,0.00,1,False
331,07/10/2026 00:00:00,,03014,1500,001,10/02/2028 00:00:00,13.100150,19650.225000,0.00,1,False
332,07/10/2026 00:00:00,,03264,57,001,10/02/2028 00:00:00,420.000000,23940.000000,0.00,1,False
333,07/10/2026 00:00:00,,03003,245,110,10/02/2028 00:00:00,34.335250,8412.136363,0.00,1,False
334,07/10/2026 00:00:00,,03046,500,001,10/02/2028 00:00:00,16.531002,8265.500750,0.00,1,False
335,07/11/2026 00:00:00,,03207,625,001,10/02/2028 00:00:00,13.100150,8187.593750,0.00,1,False
336,07/11/2026 00:00:00,,03046,500,001,10/02/2028 00:00:00,16.531002,8265.500750,0.00,1,False
337,07/11/2026 00:00:00,,03253,150,001,10/02/2028 00:00:00,8.250075,1237.511250,0.00,1,False
338,07/11/2026 00:00:00,,03163,375,001,10/02/2028 00:00:00,17.000000,6375.000000,0.00,1,False
339,07/12/2026 00:00:00,,03204,180,001,10/02/2028 00:00:00,95.508255,17191.485960,0.00,1,False
340,07/12/2026 00:00:00,,03226,300,001,10/02/2028 00:00:00,96.693727,29008.118160,0.00,1,False
341,07/12/2026 00:00:00,,03142,540,001,10/02/2028 00:00:00,30.697788,16576.805736,0.00,1,False
342,07/12/2026 00:00:00,,03029,125,001,10/02/2028 00:00:00,26.569055,3321.131894,0.00,1,False
343,07/12/2026 00:00:00,,03241,220,001,10/02/2028 00:00:00,110.603639,24332.800536,0.00,1,False
344,07/12/2026 00:00:00,,03147,500,001,10/02/2028 00:00:00,95.547910,47773.955000,0.00,1,False
347,07/13/2026 00:00:00,,03014,500,001,10/06/2034 00:00:00,13.000000,6500.000000,0.00,1,False
348,07/14/2026 00:00:00,,03014,375,001,10/06/2028 00:00:00,13.000000,4875.000000,0.00,1,False
351,07/15/2026 00:00:00,,03002,1500,001,10/06/2028 00:00:00,17.000000,25500.000000,0.00,1,False
352,07/15/2026 00:00:00,,03002,1500,001,10/06/2028 00:00:00,7.666667,11500.000000,0.00,1,False
354,07/15/2026 00:00:00,,03003,220,001,10/06/2028 00:00:00,34.485509,7586.811993,0.00,1,False
355,07/15/2026 00:00:00,,03014,525,001,10/06/2028 00:00:00,13.000000,6825.000000,0.00,1,False
356,07/15/2026 00:00:00,,03264,57,001,10/06/2028 00:00:00,420.000000,23940.000000,0.00,1,False
357,07/15/2026 00:00:00,,03271,300,001,10/06/2028 00:00:00,241.280916,72384.274920,0.00,1,False
359,07/15/2026 00:00:00,,03275,500,001,10/06/2028 00:00:00,32.050000,16025.000000,0.00,1,False
360,07/15/2026 00:00:00,,03098,250,001,10/06/2028 00:00:00,13.000000,3250.000000,0.00,1,False
361,07/15/2026 00:00:00,,03144,500,001,10/06/2028 00:00:00,43.979104,21989.552000,0.00,1,False
362,07/15/2026 00:00:00,,03173,750,001,10/06/2028 00:00:00,17.626667,13220.000000,0.00,1,False
363,07/15/2026 00:00:00,,03045,25,001,10/06/2028 00:00:00,13.800000,345.000000,0.00,1,False
364,07/16/2026 00:00:00,,03010,24,001,10/06/2028 00:00:00,163.097704,3914.344903,0.00,1,False
365,07/16/2026 00:00:00,,03054,12,001,10/06/2034 00:00:00,56.079757,672.957084,0.00,1,False
366,07/16/2026 00:00:00,,03135,24,001,10/06/2034 00:00:00,222.982036,5351.568859,0.00,1,False
367,07/16/2026 00:00:00,,03202,200,001,10/06/2028 00:00:00,97.961177,19592.235432,0.00,1,False
368,07/16/2026 00:00:00,,03104,500,001,10/06/2028 00:00:00,41.010000,20505.000000,0.00,1,False
369,07/16/2026 00:00:00,,03014,5000,001,10/06/2028 00:00:00,13.000000,65000.000000,0.00,1,False
370,07/17/2026 00:00:00,,03270,500,001,10/06/2028 00:00:00,37.253679,18626.839250,0.00,1,False
373,07/17/2026 00:00:00,,03264,23,170726,10/06/2034 00:00:00,420.000000,9660.000000,0.00,1,False
374,07/17/2026 00:00:00,,03010,81,170726,10/06/2028 00:00:00,163.097704,13210.914048,0.00,1,False
375,07/17/2026 00:00:00,,03179,20,001,10/06/2028 00:00:00,109.371199,2187.423970,0.00,1,False
376,07/17/2026 00:00:00,,03012,40,001,10/06/2028 00:00:00,47.560000,1902.400000,0.00,1,False
377,07/17/2026 00:00:00,,03165,40,001,10/06/2028 00:00:00,23.875964,955.038572,0.00,1,False
379,07/17/2026 00:00:00,,03118,90,001,10/06/2028 00:00:00,112.728499,10145.564902,0.00,1,False
380,07/17/2026 00:00:00,,03019,100,001,10/06/2028 00:00:00,43.979104,4397.910400,0.00,1,False
382,07/17/2026 00:00:00,,03182,250,001,10/06/2028 00:00:00,21.283863,5320.965737,0.00,1,False
383,07/17/2026 00:00:00,,03022,500,001,10/06/2028 00:00:00,44.389552,22194.776000,0.00,1,False
384,07/17/2026 00:00:00,,03121,40,001,10/06/2028 00:00:00,64.882430,2595.297208,0.00,1,False
385,07/17/2026 00:00:00,,03176,40,001,10/06/2028 00:00:00,129.191934,5167.677361,0.00,1,False
389,07/17/2026 00:00:00,,03241,40,001,10/06/2028 00:00:00,109.326782,4373.071293,0.00,1,False
390,07/17/2026 00:00:00,,03130,40,001,10/06/2028 00:00:00,258.350000,10334.000000,0.00,1,False
391,07/17/2026 00:00:00,,03119,60,001,10/06/2028 00:00:00,161.335167,9680.110020,0.00,1,False
392,07/17/2026 00:00:00,,03112,2500,001,10/06/2028 00:00:00,13.025258,32563.144575,0.00,1,False
393,07/17/2026 00:00:00,,03112,2500,001,10/06/2028 00:00:00,13.100150,32750.375000,0.00,1,False
394,07/18/2026 00:00:00,,03144,100,001,10/07/2028 00:00:00,47.529179,4752.917900,0.00,1,False
395,07/18/2026 00:00:00,,03116,20,001,10/07/2028 00:00:00,210.517405,4210.348100,0.00,1,False
396,07/18/2026 00:00:00,,03147,100,001,10/07/2028 00:00:00,86.547910,8654.791000,0.00,1,False
397,07/19/2026 00:00:00,,03022,500,001,10/07/2028 00:00:00,29.980120,14990.060000,0.00,1,False
398,07/19/2026 00:00:00,,03014,130,001,10/07/2028 00:00:00,13.100150,1703.019500,0.00,1,False
399,07/19/2026 00:00:00,,03010,20,001,10/07/2028 00:00:00,160.297704,3205.954086,0.00,1,False
400,07/19/2026 00:00:00,,03003,34,001,10/07/2028 00:00:00,34.485509,1172.507308,0.00,1,False
401,07/19/2026 00:00:00,,03012,10,001,10/07/2028 00:00:00,117.660000,1176.600000,0.00,1,False
402,07/19/2026 00:00:00,,03179,10,001,10/07/2028 00:00:00,72.671199,726.711985,0.00,1,False
403,07/19/2026 00:00:00,,03121,100,001,10/07/2028 00:00:00,11.332430,1133.243019,0.00,1,False
404,07/19/2026 00:00:00,,03176,200,001,10/07/2028 00:00:00,129.191934,25838.386804,0.00,1,False
405,07/19/2026 00:00:00,,03018,60,001,10/07/2028 00:00:00,86.797500,5207.850000,0.00,1,False
406,07/06/2026 00:00:00,,03001,2500,0001,10/09/2028 00:00:00,17.404000,43510.000000,0.00,1,False
407,07/07/2026 00:00:00,,03108,50,0001,10/09/2028 00:00:00,123.626875,6181.343737,0.00,1,False
408,07/07/2026 00:00:00,,03011,100,0001,10/09/2028 00:00:00,82.068750,8206.875000,0.00,1,False
409,07/13/2026 00:00:00,,03163,5500,0001,10/09/2028 00:00:00,17.000000,93500.000000,0.00,1,False
410,07/14/2026 00:00:00,,03163,750,0001,10/09/2028 00:00:00,17.000000,12750.000000,0.00,1,False
411,07/15/2026 00:00:00,,03163,2500,0001,10/11/2028 00:00:00,17.000000,42500.000000,0.00,1,False
412,07/15/2026 00:00:00,,03281,60,0001,10/11/2028 00:00:00,10.200000,612.000000,0.00,1,False
413,07/17/2026 00:00:00,,03282,500,0001,10/11/2028 00:00:00,68.200108,34100.053830,0.00,1,False
414,07/17/2026 00:00:00,,03046,750,0001,10/12/2028 00:00:00,15.676667,11757.500000,0.00,1,False
415,07/17/2026 00:00:00,,03018,40,0001,10/12/2028 00:00:00,87.357500,3494.300000,0.00,1,False
416,07/17/2026 00:00:00,,03002,250,0001,10/12/2028 00:00:00,11.500000,2875.000000,0.00,1,False
417,07/17/2026 00:00:00,,03163,2500,0001,10/12/2028 00:00:00,3.400000,8500.000000,0.00,1,False
418,07/17/2026 00:00:00,,03001,500,0001,10/12/2028 00:00:00,17.304000,8652.000000,0.00,1,False
419,07/17/2026 00:00:00,,03011,60,0001,10/12/2028 00:00:00,82.068750,4924.125000,0.00,1,False
420,07/17/2026 00:00:00,,03120,40,0001,10/12/2028 00:00:00,55.429604,2217.184172,0.00,1,False
421,07/19/2026 00:00:00,,03001,500,0001,10/12/2028 00:00:00,17.419509,8709.754400,0.00,1,False
422,07/19/2026 00:00:00,,03003,34,0001,10/12/2028 00:00:00,34.485509,1172.507308,0.00,1,False
423,07/19/2026 00:00:00,,03011,300,0001,10/12/2028 00:00:00,74.818750,22445.625000,0.00,1,False
424,07/19/2026 00:00:00,,03279,100,0001,10/12/2028 00:00:00,273.639916,27363.991640,0.00,1,False
425,07/19/2026 00:00:00,,03280,200,0001,10/12/2028 00:00:00,76.797704,15359.540860,0.00,1,False
426,07/19/2026 00:00:00,,03277,60,0001,10/12/2028 00:00:00,252.790000,15167.400000,0.00,1,False
427,07/19/2026 00:00:00,,03278,60,0001,10/12/2028 00:00:00,246.990000,14819.400000,0.00,1,False
428,07/19/2026 00:00:00,,03276,60,0001,10/12/2028 00:00:00,81.949214,4916.952848,0.00,1,False
429,07/20/2026 00:00:00,,03020,500,0001,10/12/2028 00:00:00,54.344594,27172.297244,0.00,1,False
430,07/20/2026 00:00:00,,03106,100,0001,10/12/2028 00:00:00,148.863960,14886.396046,0.00,1,False
431,07/20/2026 00:00:00,,03097,500,0001,10/12/2028 00:00:00,116.820907,58410.453700,0.00,1,False
432,07/20/2026 00:00:00,,03054,120,0001,10/12/2028 00:00:00,46.029757,5523.570840,0.00,1,False
433,07/20/2026 00:00:00,,03261,250,0001,10/12/2028 00:00:00,56.111272,14027.818055,0.00,1,False
434,07/20/2026 00:00:00,,03260,60,0001,10/12/2028 00:00:00,51.597932,3095.875946,0.00,1,False
435,07/20/2026 00:00:00,,03256,60,0001,10/12/2028 00:00:00,62.984789,3779.087341,0.00,1,False
436,07/20/2026 00:00:00,,03269,60,0001,10/12/2028 00:00:00,140.335393,8420.123580,0.00,1,False
437,07/21/2026 00:00:00,,03104,625,0001,10/12/2028 00:00:00,14.310000,8943.750000,0.00,1,False
438,07/21/2026 00:00:00,,03002,1000,0001,10/12/2028 00:00:00,11.500000,11500.000000,0.00,1,False
439,07/21/2026 00:00:00,,03136,500,0001,10/12/2028 00:00:00,33.834328,16917.164000,0.00,1,False
440,07/21/2026 00:00:00,,03244,1250,0001,10/12/2028 00:00:00,15.120000,18900.000000,0.00,1,False
441,07/22/2026 00:00:00,,03087,2950,0001,10/12/2028 00:00:00,21.063863,62138.395691,0.00,1,False
442,07/22/2026 00:00:00,,03182,500,001,10/12/2028 00:00:00,19.613863,9806.931473,0.00,1,False
443,07/22/2026 00:00:00,,03014,1625,0001,10/12/2028 00:00:00,13.091799,21274.173425,0.00,1,False
444,07/22/2026 00:00:00,,03046,1750,0001,10/12/2028 00:00:00,10.131002,17729.252625,0.00,1,False
445,07/22/2026 00:00:00,,03264,57,0001,10/12/2028 00:00:00,420.000000,23940.000000,0.00,1,False
446,07/22/2026 00:00:00,,03002,1000,0001,10/12/2028 00:00:00,11.500000,11500.000000,0.00,1,False
447,07/22/2026 00:00:00,,03163,200,0001,10/12/2028 00:00:00,10.000000,2000.000000,0.00,1,False
448,07/23/2026 00:00:00,,03014,750,0001,10/12/2028 00:00:00,13.100150,9825.112500,0.00,1,False
449,07/23/2026 00:00:00,,03003,120,0001,10/12/2028 00:00:00,27.235509,3268.261087,0.00,1,False
450,07/23/2026 00:00:00,,03163,400,0001,10/12/2028 00:00:00,10.000000,4000.000000,0.00,1,False
451,07/23/2026 00:00:00,,03118,90,0001,10/12/2028 00:00:00,112.796691,10151.702197,0.00,1,False
452,07/23/2026 00:00:00,,03019,325,0001,10/12/2028 00:00:00,40.529179,13171.983175,0.00,1,False
453,07/23/2026 00:00:00,,03092,48,0001,10/13/2028 00:00:00,159.938527,7677.049294,0.00,1,False
454,07/23/2026 00:00:00,,03183,40,0001,10/13/2028 00:00:00,65.961939,2638.477577,0.00,1,False
455,07/23/2026 00:00:00,,03281,200,0001,10/13/2028 00:00:00,1.600000,320.000000,0.00,1,False
456,07/23/2026 00:00:00,,03002,625,0001,10/13/2028 00:00:00,1.840000,1150.000000,0.00,1,False
457,07/23/2026 00:00:00,,03283,100,0001,10/13/2028 00:00:00,164.054357,16405.435670,0.00,1,False
458,07/25/2026 00:00:00,,03097,1000,0001,10/13/2028 00:00:00,21.361272,21361.272220,0.00,1,False
459,07/25/2026 00:00:00,,03253,250,0001,10/13/2028 00:00:00,8.250075,2062.518750,0.00,1,False
460,07/25/2026 00:00:00,,03284,400,0001,10/13/2028 00:00:00,3.500000,1400.000000,0.00,1,False
461,07/26/2026 00:00:00,,03046,2500,0001,10/13/2028 00:00:00,16.531002,41327.503750,0.00,1,False
462,07/26/2026 00:00:00,,03019,750,0001,10/13/2028 00:00:00,5.000000,3750.000000,0.00,1,False
463,07/27/2026 00:00:00,,03003,170,0001,10/14/2028 00:00:00,34.236268,5820.165494,0.00,1,False
464,07/27/2026 00:00:00,,03107,100,0001,10/14/2028 00:00:00,137.840635,13784.063550,0.00,1,False
465,07/28/2026 00:00:00,,03286,24,0001,10/16/2028 00:00:00,255.415298,6129.967148,0.00,1,False
466,07/28/2026 00:00:00,,03287,24,0001,10/16/2028 00:00:00,29.277948,702.670752,0.00,1,False
467,07/28/2026 00:00:00,,03288,24,0001,10/16/2028 00:00:00,128.942693,3094.624622,0.00,1,False
468,07/28/2026 00:00:00,,03289,24,0001,10/06/2028 00:00:00,45.895281,1101.486735,0.00,1,False
469,07/28/2026 00:00:00,,03290,24,0001,10/16/2028 00:00:00,66.560799,1597.459178,0.00,1,False
470,07/28/2026 00:00:00,,03291,24,0001,10/16/2028 00:00:00,46.807125,1123.370999,0.00,1,False
471,07/28/2026 00:00:00,,03253,100,0001,10/16/2028 00:00:00,17.101235,1710.123500,0.00,1,False
472,07/28/2026 00:00:00,,03271,300,0001,10/16/2028 00:00:00,44.148437,13244.530962,0.00,1,False
473,07/28/2026 00:00:00,,03046,425,0001,10/16/2028 00:00:00,16.538025,7028.660498,0.00,1,False
474,07/28/2026 00:00:00,,03014,175,0001,10/16/2028 00:00:00,14.196826,2484.444600,0.00,1,False
475,07/28/2026 00:00:00,,03151,50,0001,10/16/2028 00:00:00,62.572552,3128.627581,0.00,1,False
476,07/28/2026 00:00:00,,03163,50,0001,10/16/2028 00:00:00,17.000000,850.000000,0.00,1,False
477,07/29/2026 00:00:00,,03011,100,0001,10/16/2028 00:00:00,81.818240,8181.823955,0.00,1,False
478,07/29/2026 00:00:00,,03129,50,0001,10/16/2028 00:00:00,317.822736,15891.136800,0.00,1,False
479,07/29/2026 00:00:00,,03182,550,001,10/16/2028 00:00:00,21.265857,11696.221540,0.00,1,False
480,07/29/2026 00:00:00,,03002,1250,0001,10/16/2028 00:00:00,17.000000,21250.000000,0.00,1,False
481,07/29/2026 00:00:00,,03046,250,0001,10/16/2028 00:00:00,16.538025,4134.506175,0.00,1,False
482,07/29/2026 00:00:00,,03182,750,0001,10/19/2028 00:00:00,21.265857,15949.393010,0.00,1,False
483,07/29/2026 00:00:00,,03144,1250,0001,10/19/2028 00:00:00,11.901235,14876.543750,0.00,1,False
484,07/29/2026 00:00:00,,03003,340,0001,10/19/2028 00:00:00,34.236268,11640.330987,0.00,1,False
485,07/30/2026 00:00:00,,03046,125,0001,10/19/2028 00:00:00,16.530323,2066.290388,0.00,1,False
486,08/01/2026 00:00:00,,03010,40,0001,10/19/2028 00:00:00,92.460643,3698.425714,0.00,1,False
487,08/01/2026 00:00:00,,03179,40,0001,10/19/2028 00:00:00,46.415754,1856.630178,0.00,1,False
488,08/01/2026 00:00:00,,03003,80,0001,10/19/2028 00:00:00,34.189625,2735.169987,0.00,1,False
489,08/01/2026 00:00:00,,03012,80,0001,10/19/2028 00:00:00,99.460867,7956.869324,0.00,1,False
490,08/01/2026 00:00:00,,03165,80,0001,10/19/2028 00:00:00,23.826833,1906.146679,0.00,1,False
491,08/01/2026 00:00:00,,03018,80,0001,10/19/2028 00:00:00,86.951280,6956.102364,0.00,1,False
492,08/01/2026 00:00:00,,03151,200,0001,10/19/2028 00:00:00,55.319398,11063.879680,0.00,1,False
493,08/01/2026 00:00:00,,03182,620,0001,10/19/2028 00:00:00,21.264856,13184.210486,0.00,1,False
494,08/01/2026 00:00:00,,03163,500,0001,10/19/2028 00:00:00,17.000000,8500.000000,0.00,1,False
495,08/01/2026 00:00:00,,03253,100,0001,10/19/2028 00:00:00,16.716155,1671.615500,0.00,1,False
496,08/01/2026 00:00:00,,03014,50,0001,10/19/2028 00:00:00,13.032310,651.615500,0.00,1,False
497,08/01/2026 00:00:00,,03151,50,0001,10/19/2028 00:00:00,55.319398,2765.969920,0.00,1,False
498,08/02/2026 00:00:00,,03182,500,0001,10/27/2028 00:00:00,21.264856,10632.427811,0.00,1,False
499,08/02/2026 00:00:00,,03202,1200,0001,10/27/2028 00:00:00,89.561198,107473.437354,0.00,1,False
500,08/03/2026 00:00:00,,03294,100,0001,10/27/2028 00:00:00,29.277948,2927.794800,0.00,1,False
501,08/03/2026 00:00:00,,03144,50,0001,10/27/2028 00:00:00,40.495259,2024.762950,0.00,1,False
502,08/03/2026 00:00:00,,03271,200,0001,10/27/2028 00:00:00,80.847937,16169.587308,0.00,1,False
503,08/03/2026 00:00:00,,03280,300,0001,10/27/2028 00:00:00,11.960636,3588.190692,0.00,1,False
504,08/03/2026 00:00:00,,03281,300,0001,10/27/2028 00:00:00,10.000643,3000.192852,0.00,1,False
505,08/03/2026 00:00:00,,03276,120,0001,10/27/2028 00:00:00,134.205311,16104.637361,0.00,1,False
506,08/03/2026 00:00:00,,03292,120,0001,10/27/2028 00:00:00,43.430281,5211.633677,0.00,1,False
507,08/03/2026 00:00:00,,03293,120,0001,10/27/2028 00:00:00,152.383634,18286.036061,0.00,1,False
508,08/03/2026 00:00:00,,03296,250,0001,10/27/2028 00:00:00,21.929079,5482.269750,0.00,1,False
509,08/03/2026 00:00:00,,03295,250,0001,10/27/2028 00:00:00,20.840000,5210.000000,0.00,1,False
510,08/03/2026 00:00:00,,03176,260,0001,10/27/2028 00:00:00,131.182721,34107.507556,0.00,1,False
511,08/04/2026 00:00:00,,03120,220,0001,10/27/2028 00:00:00,50.980083,11215.618176,0.00,1,False
512,08/04/2026 00:00:00,,03003,120,0001,10/27/2028 00:00:00,34.086009,4090.321081,0.00,1,False
513,08/04/2026 00:00:00,,03182,2825,0001,10/27/2028 00:00:00,19.188082,54206.332952,0.00,1,False
514,08/04/2026 00:00:00,,03018,95,0001,10/27/2028 00:00:00,85.914706,8161.897113,0.00,1,False
515,08/04/2026 00:00:00,,03003,520,0001,10/27/2028 00:00:00,23.935509,12446.464711,0.00,1,False
516,08/04/2026 00:00:00,,03163,2925,0001,10/27/2028 00:00:00,17.000000,49725.000000,0.00,1,False
517,08/04/2026 00:00:00,,03012,32,0001,10/27/2028 00:00:00,99.210867,3174.747730,0.00,1,False
518,08/05/2026 00:00:00,,03270,250,0001,10/27/2028 00:00:00,71.635887,17908.971750,0.00,1,False
519,08/05/2026 00:00:00,,03046,625,0001,10/27/2028 00:00:00,6.530323,4081.451938,0.00,1,False
520,08/05/2026 00:00:00,,03119,80,0001,10/27/2028 00:00:00,168.777221,13502.177664,0.00,1,False
521,08/05/2026 00:00:00,,03086,60,0001,10/27/2028 00:00:00,30.000000,1800.000000,0.00,1,False
523,08/05/2026 00:00:00,,03144,300,0001,10/27/2028 00:00:00,40.495259,12148.577700,0.00,1,False
524,08/05/2026 00:00:00,,03054,180,0001,10/27/2028 00:00:00,55.830552,10049.499279,0.00,1,False
525,08/05/2026 00:00:00,,03070,180,0001,10/27/2028 00:00:00,21.594215,3886.958641,0.00,1,False
526,08/05/2026 00:00:00,,03199,180,0001,10/27/2028 00:00:00,25.248699,4544.765899,0.00,1,False
527,08/05/2026 00:00:00,,03011,220,0001,10/27/2028 00:00:00,71.518697,15734.113340,0.00,1,False
528,08/05/2026 00:00:00,,03122,100,0001,10/27/2028 00:00:00,70.752070,7075.206980,0.00,1,False
529,08/05/2026 00:00:00,,03014,50,0001,10/27/2028 00:00:00,13.032310,651.615500,0.00,1,False
530,08/06/2026 00:00:00,,03088,500,0001,10/10/2034 00:00:00,37.469595,18734.797520,0.00,1,False
531,08/05/2026 00:00:00,,03014,650,0001,10/27/2028 00:00:00,13.032310,8471.001500,0.00,1,False
532,08/06/2026 00:00:00,,03163,500,0001,09/27/2028 00:00:00,17.000000,8500.000000,0.00,1,False
533,08/05/2026 00:00:00,,03046,50,0001,10/27/2028 00:00:00,6.530323,326.516155,0.00,1,False
534,08/05/2026 00:00:00,,03003,10,0001,09/27/2028 00:00:00,34.086009,340.860090,0.00,1,False
535,08/06/2026 00:00:00,,03018,20,0001,10/27/2028 00:00:00,85.913310,1718.266209,0.00,1,False
536,08/06/2026 00:00:00,,03012,10,0001,10/27/2028 00:00:00,111.809471,1118.094706,0.00,1,False
537,08/06/2026 00:00:00,,03182,15,0001,10/27/2028 00:00:00,13.248104,198.721555,0.00,1,False
538,08/08/2026 00:00:00,,03163,2525,080826,10/28/2034 00:00:00,17.000000,42925.000000,0.00,1,False
539,08/08/2026 00:00:00,,03046,1250,0001,10/28/2028 00:00:00,6.530323,8162.903875,0.00,1,False
540,08/08/2026 00:00:00,,03014,1275,0001,10/28/2028 00:00:00,13.032310,16616.195250,0.00,1,False
541,08/08/2026 00:00:00,,03020,500,0001,10/28/2028 00:00:00,204.619333,102309.666500,0.00,1,False
542,08/08/2026 00:00:00,,03106,100,0001,10/28/2028 00:00:00,25.313960,2531.396046,0.00,1,False
543,08/08/2026 00:00:00,,03110,500,0001,10/28/2028 00:00:00,17.361453,8680.726648,0.00,1,False
544,08/08/2026 00:00:00,,03141,500,0001,10/28/2028 00:00:00,11.516155,5758.077500,0.00,1,False
545,08/08/2026 00:00:00,,03134,125,0001,10/28/2028 00:00:00,10.800000,1350.000000,0.00,1,False
546,08/08/2026 00:00:00,,03151,75,0001,10/28/2028 00:00:00,54.130072,4059.755394,0.00,1,False
547,08/08/2026 00:00:00,,03022,250,0001,10/28/2028 00:00:00,44.415400,11103.850000,0.00,1,False
548,08/09/2026 00:00:00,,03194,200,0001,10/29/2028 00:00:00,106.011462,21202.292322,0.00,1,False
549,08/09/2026 00:00:00,,03192,200,0001,10/29/2028 00:00:00,26.774107,5354.821465,0.00,1,False
550,08/09/2026 00:00:00,,03198,200,0001,10/29/2028 00:00:00,16.129107,3225.821384,0.00,1,False
551,08/09/2026 00:00:00,,03191,160,0001,10/29/2028 00:00:00,91.620496,14659.279361,0.00,1,False
552,08/09/2026 00:00:00,,03193,220,0001,10/29/2028 00:00:00,248.054931,54572.084763,0.00,1,False
553,08/09/2026 00:00:00,,03265,100,0001,10/29/2028 00:00:00,266.640763,26664.076322,0.00,1,False
554,08/09/2026 00:00:00,,03190,500,0001,10/29/2028 00:00:00,316.891801,158445.900650,0.00,1,False
555,08/09/2026 00:00:00,,03189,500,0001,10/29/2028 00:00:00,23.142571,11571.285600,0.00,1,False
556,08/06/2026 00:00:00,,03088,500,0001,10/29/2028 00:00:00,45.268005,22634.002275,0.00,1,False
557,08/10/2026 00:00:00,,03297,40,0001,10/30/2028 00:00:00,129.112494,5164.499779,0.00,1,False
558,08/10/2026 00:00:00,,03298,40,0001,10/30/2028 00:00:00,68.006899,2720.275973,0.00,1,False
559,08/10/2026 00:00:00,,03299,40,0001,10/30/2028 00:00:00,90.592378,3623.695125,0.00,1,False
560,08/10/2026 00:00:00,,03300,40,0001,10/30/2028 00:00:00,205.813272,8232.530869,0.00,1,False
561,08/10/2026 00:00:00,,03213,125,0001,10/30/2028 00:00:00,15.607764,1950.970463,0.00,1,False
562,08/10/2026 00:00:00,,03144,25,0001,10/30/2028 00:00:00,40.495259,1012.381475,0.00,1,False
563,08/10/2026 00:00:00,,03014,75,0001,10/30/2028 00:00:00,13.032310,977.423250,0.00,1,False
564,08/10/2026 00:00:00,,03163,150,0001,10/30/2034 00:00:00,17.000000,2550.000000,0.00,1,False
565,08/10/2026 00:00:00,,03244,125,0001,10/30/2028 00:00:00,21.076237,2634.529594,0.00,1,False
566,08/11/2026 00:00:00,,03021,4100,0001,10/30/2028 00:00:00,52.696229,216054.538689,0.00,1,False
567,08/12/2026 00:00:00,,03163,1250,0001,10/30/2028 00:00:00,17.000000,21250.000000,0.00,1,False
568,08/12/2026 00:00:00,,03144,500,0001,10/30/2028 00:00:00,11.516155,5758.077500,0.00,1,False
569,08/12/2026 00:00:00,,03100,1000,0001,10/30/2028 00:00:00,21.136829,21136.828504,0.00,1,False
570,08/13/2026 00:00:00,,03162,700,0001,11/01/2028 00:00:00,36.832449,25782.714118,0.00,1,False
571,08/13/2026 00:00:00,,03260,60,0001,11/01/2028 00:00:00,117.679119,7060.747130,0.00,1,False
572,08/13/2026 00:00:00,,03028,60,0001,11/01/2028 00:00:00,327.240823,19634.449387,0.00,1,False
573,08/13/2026 00:00:00,,03248,220,0001,11/01/2028 00:00:00,104.928178,23084.199147,0.00,1,False
574,08/13/2026 00:00:00,,03291,124,0001,11/01/2028 00:00:00,45.734235,5671.045170,0.00,1,False
575,08/13/2026 00:00:00,,03019,1250,0001,11/01/2028 00:00:00,13.834483,17293.104150,0.00,1,False
576,08/13/2026 00:00:00,,03289,24,0001,11/01/2028 00:00:00,57.191952,1372.606855,0.00,1,False
577,08/13/2026 00:00:00,,03287,24,0001,11/01/2028 00:00:00,29.277393,702.657429,0.00,1,False
578,08/13/2026 00:00:00,,03286,24,0001,11/01/2028 00:00:00,216.174434,5188.186407,0.00,1,False
579,08/13/2026 00:00:00,,03290,24,0001,11/01/2028 00:00:00,23.406946,561.766702,0.00,1,False
580,08/13/2026 00:00:00,,03288,24,0001,11/01/2028 00:00:00,129.112494,3098.699867,0.00,1,False
581,08/15/2026 00:00:00,,03034,12,0001,11/02/2028 00:00:00,43.986272,527.835260,0.00,1,False
582,08/15/2026 00:00:00,,03027,12,0001,11/02/2028 00:00:00,207.963295,2495.559540,0.00,1,False
583,08/15/2026 00:00:00,,03022,125,0001,11/02/2028 00:00:00,30.090206,3761.275716,0.00,1,False
584,08/16/2026 00:00:00,,03131,320,0001,11/03/2028 00:00:00,68.027380,21768.761458,0.00,1,False
585,08/16/2026 00:00:00,,03183,200,0001,11/03/2028 00:00:00,65.670119,13134.023800,0.00,1,False
586,08/16/2026 00:00:00,,03089,220,0001,11/03/2028 00:00:00,111.949607,24628.913483,0.00,1,False
587,08/16/2026 00:00:00,,03101,220,0001,11/03/2028 00:00:00,73.015687,16063.451234,0.00,1,False
588,08/16/2026 00:00:00,,03104,700,0001,11/03/2028 00:00:00,30.832449,21582.714118,0.00,1,False
