PurchaseId,LastUpdateDate,EntryDate,BillNo,BillDate,OrderID,PreviousCredit,Expenses,PaidAmount,VendorId,TimeKey,IsPosted,IsLocal,UserNo,Remarks
1,05/06/2026 03:07:00,05/02/2026 00:00:00,,05/02/2026 00:00:00,,0.00,0.00,0.00,610005,0 0 0 0 0 0 94 39,False,False,1,
2,05/13/2026 00:38:00,05/02/2026 00:00:00,,05/02/2026 00:00:00,,0.00,0.00,0.00,610004,0 0 0 0 0 0 125 139,False,False,1,
3,05/06/2026 06:00:00,05/03/2026 00:00:00,,05/03/2026 00:00:00,,0.00,0.00,0.00,610004,0 0 0 0 0 0 94 60,False,False,1,
4,05/06/2026 06:00:00,05/03/2026 00:00:00,,05/03/2026 00:00:00,,0.00,0.00,0.00,610019,0 0 0 0 0 0 94 62,False,False,1,Ayyoub
5,05/06/2026 06:02:00,05/03/2026 00:00:00,,05/03/2026 00:00:00,,0.00,0.00,0.00,610022,0 0 0 0 0 0 94 64,False,False,1,Khalid
6,05/06/2026 06:04:00,05/03/2026 00:00:00,,05/03/2026 00:00:00,,0.00,0.00,0.00,610018,0 0 0 0 0 0 94 66,False,False,1,
7,05/07/2026 02:55:00,05/04/2026 00:00:00,,05/04/2026 00:00:00,,0.00,0.00,0.00,610018,0 0 0 0 0 0 109 241,False,False,1,
8,05/06/2026 06:49:00,05/04/2026 00:00:00,,05/04/2026 00:00:00,,0.00,0.00,0.00,610022,0 0 0 0 0 0 94 70,False,False,1,Khalid
9,05/06/2026 07:00:00,05/05/2026 00:00:00,,05/05/2026 00:00:00,,0.00,0.00,0.00,610014,0 0 0 0 0 0 94 74,False,False,1,
10,05/06/2026 07:01:00,05/05/2026 00:00:00,,05/05/2026 00:00:00,,0.00,0.00,0.00,610018,0 0 0 0 0 0 94 76,False,False,1,
11,05/06/2026 07:49:00,05/05/2026 00:00:00,,05/05/2026 00:00:00,,0.00,0.00,0.00,610004,0 0 0 0 0 0 94 83,False,False,1,
12,05/07/2026 00:16:00,05/06/2026 00:00:00,,05/06/2026 00:00:00,,0.00,0.00,0.00,610004,0 0 0 0 0 0 109 199,False,False,1,
13,06/02/2026 06:16:00,05/06/2026 00:00:00,,05/06/2026 00:00:00,,0.00,0.00,0.00,610014,0 0 0 0 0 0 187 230,False,False,1,
14,05/07/2026 00:20:00,05/07/2026 00:00:00,,05/06/2026 00:00:00,,0.00,0.00,0.00,610010,0 0 0 0 0 0 109 203,False,False,1,
15,05/12/2026 22:33:00,05/07/2026 00:00:00,,05/07/2026 00:00:00,,0.00,0.00,0.00,610014,0 0 0 0 0 0 125 104,False,False,1,
16,05/12/2026 22:34:00,05/07/2026 00:00:00,,05/07/2026 00:00:00,,0.00,0.00,0.00,610012,0 0 0 0 0 0 125 106,False,False,1,
17,05/12/2026 22:54:00,05/07/2026 00:00:00,,05/07/2026 00:00:00,,0.00,0.00,0.00,610004,0 0 0 0 0 0 125 110,False,False,1,
18,05/12/2026 22:58:00,05/07/2026 00:00:00,,05/07/2026 00:00:00,,0.00,0.00,0.00,610018,0 0 0 0 0 0 125 114,False,False,1,
19,05/12/2026 23:17:00,05/09/2026 00:00:00,,05/09/2026 00:00:00,,0.00,0.00,0.00,610004,0 0 0 0 0 0 125 118,False,False,1,
20,05/12/2026 23:20:00,05/09/2026 00:00:00,,05/09/2026 00:00:00,,0.00,0.00,0.00,610014,0 0 0 0 0 0 125 120,False,False,1,
21,05/12/2026 23:38:00,05/10/2026 00:00:00,,05/10/2026 00:00:00,,0.00,0.00,0.00,610004,0 0 0 0 0 0 125 122,False,False,1,
22,05/12/2026 23:41:00,05/10/2026 00:00:00,,05/10/2026 00:00:00,,0.00,0.00,0.00,610014,0 0 0 0 0 0 125 124,False,False,1,
23,05/12/2026 23:57:00,05/11/2026 00:00:00,,05/11/2026 00:00:00,,0.00,0.00,0.00,610019,0 0 0 0 0 0 125 126,False,False,1,
24,05/16/2026 06:53:00,05/12/2026 00:00:00,,05/12/2026 00:00:00,,0.00,0.00,0.00,610022,0 0 0 0 0 0 141 6,False,False,1,Hasnaat
25,05/16/2026 06:53:00,05/12/2026 00:00:00,,05/12/2026 00:00:00,,0.00,0.00,0.00,610022,0 0 0 0 0 0 141 8,False,False,1,Khalid
26,05/16/2026 06:54:00,05/12/2026 00:00:00,,05/12/2026 00:00:00,,0.00,0.00,0.00,610018,0 0 0 0 0 0 141 10,False,False,1,
27,05/16/2026 07:03:00,05/12/2026 00:00:00,,05/12/2026 00:00:00,,0.00,0.00,0.00,610004,0 0 0 0 0 0 141 12,False,False,1,
28,05/16/2026 07:04:00,05/12/2026 00:00:00,,05/12/2026 00:00:00,,0.00,0.00,0.00,610005,0 0 0 0 0 0 141 14,False,False,1,
29,05/16/2026 07:05:00,05/12/2026 00:00:00,,05/12/2026 00:00:00,,0.00,0.00,0.00,610018,0 0 0 0 0 0 141 16,False,False,1,
30,05/16/2026 07:15:00,05/13/2026 00:00:00,,05/13/2026 00:00:00,,0.00,0.00,0.00,610014,0 0 0 0 0 0 141 18,False,False,1,
31,05/16/2026 07:16:00,05/13/2026 00:00:00,,05/13/2026 00:00:00,,0.00,0.00,0.00,610005,0 0 0 0 0 0 141 20,False,False,1,Merlin
32,05/16/2026 07:17:00,05/13/2026 00:00:00,,05/13/2026 00:00:00,,0.00,0.00,0.00,610019,0 0 0 0 0 0 141 22,False,False,1,Ayyoub
33,05/16/2026 07:18:00,05/13/2026 00:00:00,,05/13/2026 00:00:00,,0.00,0.00,0.00,610018,0 0 0 0 0 0 141 24,False,False,1,
34,05/17/2026 22:55:00,05/14/2026 00:00:00,,05/14/2026 00:00:00,,0.00,0.00,0.00,610004,0 0 0 0 0 0 141 26,False,False,1,
35,05/17/2026 22:58:00,05/14/2026 00:00:00,,05/14/2026 00:00:00,,0.00,0.00,0.00,610018,0 0 0 0 0 0 141 28,False,False,1,
36,05/17/2026 22:59:00,05/14/2026 00:00:00,,05/14/2026 00:00:00,,0.00,0.00,0.00,610014,0 0 0 0 0 0 141 30,False,False,1,
37,05/17/2026 23:00:00,05/14/2026 00:00:00,,05/14/2026 00:00:00,,0.00,0.00,0.00,610012,0 0 0 0 0 0 141 32,False,False,1,
38,05/17/2026 23:21:00,05/16/2026 00:00:00,,05/16/2026 00:00:00,,0.00,0.00,0.00,610019,0 0 0 0 0 0 141 34,False,False,1,
39,05/17/2026 23:25:00,05/16/2026 00:00:00,,05/16/2026 00:00:00,,0.00,0.00,0.00,610004,0 0 0 0 0 0 141 38,False,False,1,
40,05/17/2026 23:26:00,05/16/2026 00:00:00,,05/16/2026 00:00:00,,0.00,0.00,0.00,610018,0 0 0 0 0 0 141 40,False,False,1,
41,05/18/2026 22:44:00,05/18/2026 00:00:00,,05/18/2026 00:00:00,,0.00,0.00,0.00,610005,0 0 0 0 0 0 141 42,False,False,1,
42,05/18/2026 22:45:00,05/18/2026 00:00:00,,05/18/2026 00:00:00,,0.00,0.00,0.00,610012,0 0 0 0 0 0 141 44,False,False,1,
43,05/20/2026 04:55:00,05/19/2026 00:00:00,,05/19/2026 00:00:00,,0.00,0.00,0.00,610004,0 0 0 0 0 0 156 168,False,False,1,
44,05/20/2026 04:56:00,05/19/2026 00:00:00,,05/19/2026 00:00:00,,0.00,0.00,0.00,610004,0 0 0 0 0 0 156 170,False,False,1,
45,05/20/2026 04:57:00,05/19/2026 00:00:00,,05/19/2026 00:00:00,,0.00,0.00,0.00,610012,0 0 0 0 0 0 156 172,False,False,1,
46,05/20/2026 05:01:00,05/19/2026 00:00:00,,05/19/2026 00:00:00,,0.00,0.00,0.00,610019,0 0 0 0 0 0 156 178,False,False,1,Ayyoub
47,05/20/2026 05:04:00,05/19/2026 00:00:00,,05/19/2026 00:00:00,,0.00,0.00,0.00,610018,0 0 0 0 0 0 156 182,False,False,1,
48,05/20/2026 05:44:00,05/19/2026 00:00:00,,05/19/2026 00:00:00,,0.00,0.00,0.00,610014,0 0 0 0 0 0 156 184,False,False,1,
49,05/26/2026 02:37:00,05/19/2026 00:00:00,,05/19/2026 00:00:00,,0.00,0.00,0.00,610005,0 0 0 0 0 0 172 70,False,False,1,
50,05/26/2026 02:39:00,05/20/2026 00:00:00,,05/20/2026 00:00:00,,0.00,0.00,0.00,610018,0 0 0 0 0 0 172 72,False,False,1,
51,06/01/2026 00:03:00,05/20/2026 00:00:00,,05/20/2026 00:00:00,,0.00,0.00,0.00,610014,0 0 0 0 0 0 172 169,False,False,1,
52,05/26/2026 02:45:00,05/20/2026 00:00:00,,05/20/2026 00:00:00,,0.00,0.00,0.00,610004,0 0 0 0 0 0 172 76,False,False,1,
53,05/26/2026 03:10:00,05/21/2026 00:00:00,,05/21/2026 00:00:00,,0.00,0.00,0.00,610004,0 0 0 0 0 0 172 78,False,False,1,
54,05/26/2026 03:11:00,05/21/2026 00:00:00,,05/21/2026 00:00:00,,0.00,0.00,0.00,610018,0 0 0 0 0 0 172 80,False,False,1,From Shokat UAF
55,05/26/2026 03:12:00,05/21/2026 00:00:00,,05/21/2026 00:00:00,,0.00,0.00,0.00,610005,0 0 0 0 0 0 172 82,False,False,1,
56,05/26/2026 03:12:00,05/21/2026 00:00:00,,05/21/2026 00:00:00,,0.00,0.00,0.00,610005,0 0 0 0 0 0 172 84,False,False,1,Plane
57,05/26/2026 03:13:00,05/21/2026 00:00:00,,05/21/2026 00:00:00,,0.00,0.00,0.00,610012,0 0 0 0 0 0 172 86,False,False,1,
58,05/26/2026 03:13:00,05/21/2026 00:00:00,,05/21/2026 00:00:00,,0.00,0.00,0.00,610014,0 0 0 0 0 0 172 88,False,False,1,
59,05/26/2026 03:37:00,05/23/2026 00:00:00,,05/23/2026 00:00:00,,0.00,0.00,0.00,610012,0 0 0 0 0 0 172 90,False,False,1,
60,05/26/2026 03:38:00,05/23/2026 00:00:00,,05/23/2026 00:00:00,,0.00,0.00,0.00,610022,0 0 0 0 0 0 172 92,False,False,1,CA/Khalid
61,05/26/2026 03:40:00,05/23/2026 00:00:00,,05/23/2026 00:00:00,,0.00,0.00,0.00,610021,0 0 0 0 0 0 172 94,False,False,1,
62,05/26/2026 03:41:00,05/23/2026 00:00:00,,05/23/2026 00:00:00,,0.00,0.00,0.00,610004,0 0 0 0 0 0 172 96,False,False,1,
63,05/26/2026 03:51:00,05/24/2026 00:00:00,,05/24/2026 00:00:00,,0.00,0.00,0.00,610021,0 0 0 0 0 0 172 98,False,False,1,
64,05/26/2026 03:53:00,05/24/2026 00:00:00,,05/24/2026 00:00:00,,0.00,0.00,0.00,610004,0 0 0 0 0 0 172 100,False,False,1,
65,05/26/2026 03:54:00,05/24/2026 00:00:00,,05/24/2026 00:00:00,,0.00,0.00,0.00,610012,0 0 0 0 0 0 172 102,False,False,1,
66,05/26/2026 04:08:00,05/25/2026 00:00:00,,05/25/2026 00:00:00,,0.00,0.00,0.00,610018,0 0 0 0 0 0 172 104,False,False,1,
67,06/06/2026 03:07:00,06/02/2026 00:00:00,,06/02/2026 00:00:00,,0.00,0.00,0.00,610022,0 0 0 0 0 0 187 232,False,False,1,Hasnaat
68,06/06/2026 03:10:00,06/02/2026 00:00:00,,06/02/2026 00:00:00,,0.00,0.00,0.00,610018,0 0 0 0 0 0 187 234,False,False,1,
69,06/06/2026 03:25:00,06/03/2026 00:00:00,,06/03/2026 00:00:00,,0.00,0.00,0.00,610022,0 0 0 0 0 0 187 236,False,False,1,
70,06/06/2026 03:26:00,06/03/2026 00:00:00,,06/03/2026 00:00:00,,0.00,0.00,0.00,610022,0 0 0 0 0 0 187 238,False,False,1,Khalid
71,06/06/2026 03:27:00,06/03/2026 00:00:00,,06/03/2026 00:00:00,,0.00,0.00,0.00,610018,0 0 0 0 0 0 187 240,False,False,1,
72,06/06/2026 03:42:00,06/04/2026 00:00:00,,06/04/2026 00:00:00,,0.00,0.00,0.00,610004,0 0 0 0 0 0 187 242,False,False,1,
73,06/06/2026 03:44:00,06/04/2026 00:00:00,,06/04/2026 00:00:00,,0.00,0.00,0.00,610012,0 0 0 0 0 0 187 244,False,False,1,
74,06/06/2026 04:05:00,06/05/2026 00:00:00,,06/05/2026 00:00:00,,0.00,0.00,0.00,610004,0 0 0 0 0 0 187 246,False,False,1,
75,06/06/2026 04:05:00,06/05/2026 00:00:00,,06/05/2026 00:00:00,,0.00,0.00,0.00,610022,0 0 0 0 0 0 187 248,False,False,1,Khalid
76,06/07/2026 03:02:00,06/06/2026 00:00:00,,06/06/2026 00:00:00,,0.00,0.00,0.00,610018,0 0 0 0 0 0 187 250,False,False,1,
77,06/07/2026 03:18:00,06/06/2026 00:00:00,,06/06/2026 00:00:00,,0.00,0.00,0.00,610004,0 0 0 0 0 0 187 252,False,False,1,
78,06/07/2026 04:18:00,06/04/2026 00:00:00,,06/04/2026 00:00:00,,0.00,0.00,0.00,610014,0 0 0 0 0 0 188 9,False,False,1,total 4 items
79,06/18/2026 02:58:00,06/06/2026 00:00:00,,06/06/2026 00:00:00,,0.00,0.00,0.00,610004,0 0 0 0 0 0 203 134,False,False,1,
80,06/18/2026 02:59:00,06/07/2026 00:00:00,,06/07/2026 00:00:00,,0.00,0.00,0.00,610005,0 0 0 0 0 0 203 136,False,False,1,Merlin
81,06/18/2026 02:59:00,06/07/2026 00:00:00,,06/07/2026 00:00:00,,0.00,0.00,0.00,610005,0 0 0 0 0 0 203 138,False,False,1,
82,06/18/2026 03:01:00,06/07/2026 00:00:00,,06/07/2026 00:00:00,,0.00,0.00,0.00,610018,0 0 0 0 0 0 203 140,False,False,1,
83,06/18/2026 03:01:00,06/07/2026 00:00:00,,06/07/2026 00:00:00,,0.00,0.00,0.00,610019,0 0 0 0 0 0 203 142,False,False,1,
84,06/18/2026 03:05:00,06/07/2026 00:00:00,,06/07/2026 00:00:00,,0.00,0.00,0.00,610014,0 0 0 0 0 0 203 144,False,False,1,
85,06/18/2026 03:07:00,06/07/2026 00:00:00,,06/07/2026 00:00:00,,0.00,0.00,0.00,610018,0 0 0 0 0 0 203 146,False,False,1,
86,06/20/2026 02:05:00,06/08/2026 00:00:00,,06/08/2026 00:00:00,,0.00,0.00,0.00,610004,0 0 0 0 0 0 203 148,False,False,1,
87,06/20/2026 02:06:00,06/08/2026 00:00:00,,06/08/2026 00:00:00,,0.00,0.00,0.00,610012,0 0 0 0 0 0 203 150,False,False,1,
88,06/20/2026 02:39:00,06/09/2026 00:00:00,,06/09/2026 00:00:00,,0.00,0.00,0.00,610014,0 0 0 0 0 0 203 152,False,False,1,
89,06/20/2026 02:40:00,06/09/2026 00:00:00,,06/09/2026 00:00:00,,0.00,0.00,0.00,610018,0 0 0 0 0 0 203 154,False,False,1,
90,06/20/2026 02:43:00,06/09/2026 00:00:00,,06/09/2026 00:00:00,,0.00,0.00,0.00,610004,0 0 0 0 0 0 203 156,False,False,1,
91,06/20/2026 02:43:00,06/09/2026 00:00:00,,06/09/2026 00:00:00,,0.00,0.00,0.00,610012,0 0 0 0 0 0 203 158,False,False,1,
92,06/20/2026 03:00:00,06/10/2026 00:00:00,,06/10/2026 00:00:00,,0.00,0.00,0.00,610018,0 0 0 0 0 0 203 160,False,False,1,
93,06/20/2026 03:00:00,06/10/2026 00:00:00,,06/10/2026 00:00:00,,0.00,0.00,0.00,610014,0 0 0 0 0 0 203 162,False,False,1,
94,06/20/2026 03:01:00,06/10/2026 00:00:00,,06/10/2026 00:00:00,,0.00,0.00,0.00,610019,0 0 0 0 0 0 203 164,False,False,1,
95,06/20/2026 03:02:00,06/10/2026 00:00:00,,06/10/2026 00:00:00,,0.00,0.00,0.00,610005,0 0 0 0 0 0 203 166,False,False,1,
96,06/20/2026 03:04:00,06/10/2026 00:00:00,,06/10/2026 00:00:00,,0.00,0.00,0.00,610004,0 0 0 0 0 0 203 168,False,False,1,
97,06/20/2026 03:51:00,06/11/2026 00:00:00,,06/11/2026 00:00:00,,0.00,0.00,0.00,610018,0 0 0 0 0 0 203 172,False,False,1,
98,06/20/2026 03:52:00,06/11/2026 00:00:00,,06/11/2026 00:00:00,,0.00,0.00,0.00,610018,0 0 0 0 0 0 203 174,False,False,1,
99,06/20/2026 03:53:00,06/11/2026 00:00:00,,06/11/2026 00:00:00,,0.00,0.00,0.00,610019,0 0 0 0 0 0 203 176,False,False,1,
100,06/20/2026 03:56:00,06/11/2026 00:00:00,,06/11/2026 00:00:00,,0.00,0.00,0.00,610014,0 0 0 0 0 0 203 178,False,False,1,
101,06/20/2026 04:00:00,06/11/2026 00:00:00,,06/11/2026 00:00:00,,0.00,0.00,0.00,610005,0 0 0 0 0 0 203 180,False,False,1,
102,06/20/2026 04:02:00,06/11/2026 00:00:00,,06/11/2026 00:00:00,,0.00,0.00,0.00,610021,0 0 0 0 0 0 203 182,False,False,1,
103,06/20/2026 04:06:00,06/11/2026 00:00:00,,06/11/2026 00:00:00,,0.00,0.00,0.00,610004,0 0 0 0 0 0 203 184,False,False,1,
104,06/21/2026 00:38:00,06/13/2026 00:00:00,,06/13/2026 00:00:00,,0.00,0.00,0.00,610010,0 0 0 0 0 0 203 192,False,False,1,
105,06/21/2026 00:55:00,06/13/2026 00:00:00,,06/13/2026 00:00:00,,0.00,0.00,0.00,610004,0 0 0 0 0 0 203 194,False,False,1,
106,06/21/2026 00:56:00,06/13/2026 00:00:00,,06/13/2026 00:00:00,,0.00,0.00,0.00,610018,0 0 0 0 0 0 203 196,False,False,1,
107,06/21/2026 00:58:00,06/13/2026 00:00:00,,06/13/2026 00:00:00,,0.00,0.00,0.00,610014,0 0 0 0 0 0 203 198,False,False,1,
108,06/23/2026 00:02:00,06/14/2026 00:00:00,,06/14/2026 00:00:00,,0.00,0.00,0.00,610004,0 0 0 0 0 0 203 200,False,False,1,
109,06/23/2026 00:06:00,06/14/2026 00:00:00,,06/14/2026 00:00:00,,0.00,0.00,0.00,610018,0 0 0 0 0 0 203 202,False,False,1,
110,06/23/2026 00:07:00,06/14/2026 00:00:00,,06/14/2026 00:00:00,,0.00,0.00,0.00,610014,0 0 0 0 0 0 203 204,False,False,1,
111,06/23/2026 00:08:00,06/14/2026 00:00:00,,06/14/2026 00:00:00,,0.00,0.00,0.00,610019,0 0 0 0 0 0 203 206,False,False,1,
112,06/23/2026 00:09:00,06/14/2026 00:00:00,,06/14/2026 00:00:00,,0.00,0.00,0.00,610012,0 0 0 0 0 0 203 208,False,False,1,
113,06/23/2026 01:17:00,06/16/2026 00:00:00,,06/16/2026 00:00:00,,0.00,0.00,0.00,610004,0 0 0 0 0 0 203 212,False,False,1,
114,06/23/2026 05:12:00,06/17/2026 00:00:00,,06/17/2026 00:00:00,,0.00,0.00,0.00,610014,0 0 0 0 0 0 203 216,False,False,1,
115,06/23/2026 05:15:00,06/17/2026 00:00:00,,06/17/2026 00:00:00,,17580.00,0.00,0.00,610018,0 0 0 0 0 0 203 220,False,False,1,
116,06/23/2026 05:24:00,06/17/2026 00:00:00,,06/17/2026 00:00:00,,0.00,0.00,0.00,610004,0 0 0 0 0 0 203 224,False,False,1,
117,06/23/2026 05:25:00,06/17/2026 00:00:00,,06/17/2026 00:00:00,,0.00,0.00,0.00,610012,0 0 0 0 0 0 203 226,False,False,1,
118,06/23/2026 06:30:00,06/18/2026 00:00:00,,06/18/2026 00:00:00,,0.00,0.00,0.00,610014,0 0 0 0 0 0 219 38,False,False,1,
119,06/23/2026 06:36:00,06/20/2026 00:00:00,,06/20/2026 00:00:00,,0.00,0.00,0.00,610014,0 0 0 0 0 0 219 40,False,False,1,
120,06/24/2026 00:20:00,06/21/2026 00:00:00,,06/21/2026 00:00:00,,0.00,0.00,0.00,610004,0 0 0 0 0 0 219 46,False,False,1,
121,06/24/2026 00:13:00,06/21/2026 00:00:00,,06/21/2026 00:00:00,,0.00,0.00,0.00,610018,0 0 0 0 0 0 219 44,False,False,1,
122,06/24/2026 00:21:00,06/21/2026 00:00:00,,06/21/2026 00:00:00,,0.00,0.00,0.00,610014,0 0 0 0 0 0 219 48,False,False,1,
123,06/24/2026 00:24:00,06/21/2026 00:00:00,,06/21/2026 00:00:00,,0.00,0.00,0.00,610019,0 0 0 0 0 0 219 50,False,False,1,
124,06/24/2026 01:15:00,06/22/2026 00:00:00,,06/22/2026 00:00:00,,0.00,0.00,0.00,610014,0 0 0 0 0 0 219 61,False,False,1,
125,06/24/2026 01:18:00,06/22/2026 00:00:00,,06/22/2026 00:00:00,,0.00,0.00,0.00,610018,0 0 0 0 0 0 219 63,False,False,1,
126,06/24/2026 01:28:00,06/22/2026 00:00:00,,06/22/2026 00:00:00,,0.00,0.00,0.00,610004,0 0 0 0 0 0 219 65,False,False,1,
127,06/24/2026 01:30:00,06/22/2026 00:00:00,,06/22/2026 00:00:00,,0.00,0.00,0.00,610005,0 0 0 0 0 0 219 67,False,False,1,
128,06/24/2026 01:30:00,06/22/2026 00:00:00,,06/22/2026 00:00:00,,0.00,0.00,0.00,610005,0 0 0 0 0 0 219 69,False,False,1,
129,06/24/2026 01:31:00,06/22/2026 00:00:00,,06/22/2026 00:00:00,,-1134.00,0.00,0.00,610022,0 0 0 0 0 0 219 71,False,False,1,
130,06/24/2026 01:32:00,06/22/2026 00:00:00,,06/22/2026 00:00:00,,0.00,0.00,0.00,610012,0 0 0 0 0 0 219 73,False,False,1,
131,06/24/2026 01:40:00,06/23/2026 00:00:00,,06/23/2026 00:00:00,,0.00,0.00,0.00,610018,0 0 0 0 0 0 219 75,False,False,1,
132,06/24/2026 01:41:00,06/23/2026 00:00:00,,06/23/2026 00:00:00,,0.00,0.00,0.00,610014,0 0 0 0 0 0 219 77,False,False,1,
133,06/24/2026 01:43:00,06/23/2026 00:00:00,,06/23/2026 00:00:00,,0.00,0.00,0.00,610004,0 0 0 0 0 0 219 79,False,False,1,
134,06/24/2026 01:43:00,06/23/2026 00:00:00,,06/23/2026 00:00:00,,0.00,0.00,0.00,610005,0 0 0 0 0 0 219 81,False,False,1,
135,06/30/2026 04:55:00,06/24/2026 00:00:00,,06/24/2026 00:00:00,,0.00,0.00,0.00,610004,0 0 0 0 0 0 219 94,False,False,1,
136,06/30/2026 05:47:00,06/27/2026 00:00:00,,06/27/2026 00:00:00,,0.00,0.00,0.00,610022,0 0 0 0 0 0 219 104,False,False,1,Hasnaat
137,06/30/2026 05:09:00,06/27/2026 00:00:00,,06/27/2026 00:00:00,,0.00,0.00,0.00,610014,0 0 0 0 0 0 219 98,False,False,1,
138,06/30/2026 05:09:00,06/27/2026 00:00:00,,06/27/2026 00:00:00,,0.00,0.00,0.00,610019,0 0 0 0 0 0 219 100,False,False,1,
139,06/30/2026 05:45:00,06/28/2026 00:00:00,,06/28/2026 00:00:00,,0.00,0.00,0.00,610022,0 0 0 0 0 0 219 102,False,False,1,Khalid
140,06/30/2026 06:03:00,06/28/2026 00:00:00,,06/28/2026 00:00:00,,0.00,0.00,0.00,610004,0 0 0 0 0 0 219 106,False,False,1,
141,06/30/2026 06:04:00,06/28/2026 00:00:00,,06/28/2026 00:00:00,,0.00,0.00,0.00,610019,0 0 0 0 0 0 219 108,False,False,1,
142,06/30/2026 06:07:00,06/28/2026 00:00:00,,06/28/2026 00:00:00,,14283516.00,0.00,0.00,610014,0 0 0 0 0 0 219 110,False,False,1,Peppet+Petri Dish
143,06/30/2026 06:08:00,06/27/2026 00:00:00,,06/27/2026 00:00:00,,0.00,0.00,0.00,610010,0 0 0 0 0 0 219 112,False,False,1,
144,07/04/2026 00:04:00,06/29/2026 00:00:00,,06/29/2026 00:00:00,,0.00,0.00,0.00,610004,0 0 0 0 0 0 234 200,False,False,1,
145,07/04/2026 00:08:00,06/29/2026 00:00:00,,06/29/2026 00:00:00,,0.00,0.00,0.00,610018,0 0 0 0 0 0 234 202,False,False,1,
146,07/04/2026 00:10:00,06/29/2026 00:00:00,,06/29/2026 00:00:00,,0.00,0.00,0.00,610014,0 0 0 0 0 0 234 204,False,False,1,
147,07/04/2026 00:10:00,06/29/2026 00:00:00,,06/29/2026 00:00:00,,0.00,0.00,0.00,610019,0 0 0 0 0 0 234 206,False,False,1,
148,07/04/2026 00:12:00,06/29/2026 00:00:00,,06/29/2026 00:00:00,,0.00,0.00,0.00,610005,0 0 0 0 0 0 234 208,False,False,1,
149,07/04/2026 01:53:00,06/30/2026 00:00:00,,06/30/2026 00:00:00,,0.00,0.00,0.00,610010,0 0 0 0 0 0 234 210,False,False,1,
150,07/04/2026 01:58:00,06/30/2026 00:00:00,,06/30/2026 00:00:00,,0.00,0.00,0.00,610014,0 0 0 0 0 0 234 212,False,False,1,
151,07/04/2026 02:16:00,06/30/2026 00:00:00,,06/30/2026 00:00:00,,0.00,0.00,0.00,610004,0 0 0 0 0 0 234 218,False,False,1,
152,07/04/2026 02:09:00,06/30/2026 00:00:00,,06/30/2026 00:00:00,,0.00,0.00,0.00,610005,0 0 0 0 0 0 234 216,False,False,1,
153,07/15/2026 00:17:00,07/01/2026 00:00:00,,07/01/2026 00:00:00,,0.00,0.00,0.00,610004,0 0 0 0 0 1 10 8,False,False,1,
154,07/15/2026 00:19:00,07/04/2026 00:00:00,,07/04/2026 00:00:00,,0.00,0.00,0.00,610012,0 0 0 0 0 1 10 10,False,False,1,
155,07/15/2026 00:20:00,07/04/2026 00:00:00,,07/04/2026 00:00:00,,0.00,0.00,0.00,610019,0 0 0 0 0 1 10 12,False,False,1,
156,07/15/2026 00:21:00,07/04/2026 00:00:00,,07/04/2026 00:00:00,,0.00,0.00,0.00,610018,0 0 0 0 0 1 10 14,False,False,1,
157,07/15/2026 01:16:00,07/05/2026 00:00:00,,07/05/2026 00:00:00,,0.00,0.00,0.00,610012,0 0 0 0 0 1 10 16,False,False,1,
158,07/15/2026 01:17:00,07/05/2026 00:00:00,,07/05/2026 00:00:00,,0.00,0.00,0.00,610019,0 0 0 0 0 1 10 18,False,False,1,
159,07/15/2026 01:18:00,07/05/2026 00:00:00,,07/05/2026 00:00:00,,0.00,0.00,0.00,610014,0 0 0 0 0 1 10 20,False,False,1,
160,07/15/2026 01:19:00,07/05/2026 00:00:00,,07/05/2026 00:00:00,,0.00,0.00,0.00,610014,0 0 0 0 0 1 10 22,False,False,1,
161,07/15/2026 01:26:00,07/05/2026 00:00:00,,07/05/2026 00:00:00,,0.00,0.00,0.00,610004,0 0 0 0 0 1 10 24,False,False,1,
162,07/15/2026 01:43:00,07/06/2026 00:00:00,,07/06/2026 00:00:00,,0.00,0.00,0.00,610014,0 0 0 0 0 1 10 26,False,False,1,
163,07/15/2026 01:49:00,07/06/2026 00:00:00,,07/06/2026 00:00:00,,0.00,0.00,0.00,610018,0 0 0 0 0 1 10 28,False,False,1,
164,07/15/2026 01:51:00,07/06/2026 00:00:00,,07/06/2026 00:00:00,,0.00,0.00,0.00,610014,0 0 0 0 0 1 10 30,False,False,1,
165,07/15/2026 23:21:00,07/07/2026 00:00:00,,07/07/2026 00:00:00,,0.00,0.00,0.00,610018,0 0 0 0 0 1 25 166,False,False,1,
166,07/15/2026 23:30:00,07/07/2026 00:00:00,,07/07/2026 00:00:00,,0.00,0.00,0.00,610004,0 0 0 0 0 1 25 168,False,False,1,
167,07/15/2026 23:49:00,07/08/2026 00:00:00,,07/08/2026 00:00:00,,0.00,0.00,0.00,610012,0 0 0 0 0 1 25 170,False,False,1,
168,07/16/2026 01:03:00,07/08/2026 00:00:00,,07/08/2026 00:00:00,,0.00,0.00,0.00,610005,0 0 0 0 0 1 25 172,False,False,1,
169,07/16/2026 01:09:00,07/08/2026 00:00:00,,07/08/2026 00:00:00,,0.00,0.00,0.00,610018,0 0 0 0 0 1 25 174,False,False,1,
170,07/16/2026 01:14:00,07/08/2026 00:00:00,,07/08/2026 00:00:00,,0.00,0.00,0.00,610018,0 0 0 0 0 1 25 176,False,False,1,
171,07/16/2026 01:18:00,07/08/2026 00:00:00,,07/08/2026 00:00:00,,0.00,0.00,0.00,610014,0 0 0 0 0 1 25 178,False,False,1,
172,07/16/2026 01:19:00,07/08/2026 00:00:00,,07/08/2026 00:00:00,,0.00,0.00,0.00,610019,0 0 0 0 0 1 25 180,False,False,1,
173,07/16/2026 01:23:00,07/08/2026 00:00:00,,07/08/2026 00:00:00,,0.00,0.00,0.00,610014,0 0 0 0 0 1 25 182,False,False,1,
174,07/16/2026 01:26:00,07/09/2026 00:00:00,,07/09/2026 00:00:00,,0.00,0.00,0.00,610018,0 0 0 0 0 1 25 184,False,False,1,
175,07/16/2026 01:35:00,07/09/2026 00:00:00,,07/09/2026 00:00:00,,0.00,0.00,0.00,610016,0 0 0 0 0 1 25 186,False,False,1,
176,07/23/2026 02:53:00,07/09/2026 00:00:00,,07/09/2026 00:00:00,,0.00,0.00,0.00,610004,0 0 0 0 0 1 56 230,False,False,1,
177,07/16/2026 01:54:00,07/11/2026 00:00:00,,07/11/2026 00:00:00,,0.00,0.00,0.00,610018,0 0 0 0 0 1 25 190,False,False,1,
178,07/23/2026 03:20:00,07/11/2026 00:00:00,,07/11/2026 00:00:00,,0.00,0.00,0.00,610004,0 0 0 0 0 1 56 232,False,False,1,
180,07/16/2026 02:20:00,07/12/2026 00:00:00,,07/12/2026 00:00:00,,0.00,0.00,0.00,610004,0 0 0 0 0 1 25 196,False,False,1,
181,07/16/2026 02:22:00,07/12/2026 00:00:00,,07/12/2026 00:00:00,,0.00,0.00,0.00,610014,0 0 0 0 0 1 25 198,False,False,1,
182,07/16/2026 02:24:00,07/12/2026 00:00:00,,07/12/2026 00:00:00,,-918400.00,0.00,0.00,610019,0 0 0 0 0 1 25 200,False,False,1,
183,07/19/2026 22:58:00,07/13/2026 00:00:00,,07/13/2026 00:00:00,,0.00,0.00,0.00,610012,0 0 0 0 0 1 41 70,False,False,1,
184,07/19/2026 23:03:00,07/13/2026 00:00:00,,07/13/2026 00:00:00,,0.00,0.00,0.00,610014,0 0 0 0 0 1 41 72,False,False,1,
185,07/19/2026 23:05:00,07/13/2026 00:00:00,,07/13/2026 00:00:00,,0.00,0.00,0.00,610018,0 0 0 0 0 1 41 74,False,False,1,
186,07/25/2026 04:47:00,07/13/2026 00:00:00,,07/13/2026 00:00:00,,0.00,0.00,0.00,610004,0 0 0 0 0 1 72 134,False,False,1,
187,07/25/2026 04:48:00,07/13/2026 00:00:00,,07/13/2026 00:00:00,,0.00,0.00,0.00,610004,0 0 0 0 0 1 72 138,False,False,1,
188,07/19/2026 23:24:00,07/13/2026 00:00:00,,07/13/2026 00:00:00,,0.00,0.00,0.00,610010,0 0 0 0 0 1 41 80,False,False,1,
189,07/19/2026 23:31:00,07/14/2026 00:00:00,,07/14/2026 00:00:00,,0.00,0.00,0.00,610018,0 0 0 0 0 1 41 82,False,False,1,
190,07/19/2026 23:32:00,07/14/2026 00:00:00,,07/14/2026 00:00:00,,0.00,0.00,0.00,610012,0 0 0 0 0 1 41 84,False,False,1,
191,07/25/2026 05:29:00,07/14/2026 00:00:00,,07/14/2026 00:00:00,,0.00,0.00,0.00,610004,0 0 0 0 0 1 72 140,False,False,1,
192,07/19/2026 23:54:00,07/15/2026 00:00:00,,07/15/2026 00:00:00,,0.00,0.00,0.00,610019,0 0 0 0 0 1 41 88,False,False,1,
193,07/19/2026 23:55:00,07/15/2026 00:00:00,,07/15/2026 00:00:00,,0.00,0.00,0.00,610012,0 0 0 0 0 1 41 90,False,False,1,
194,07/19/2026 23:56:00,07/15/2026 00:00:00,,07/15/2026 00:00:00,,0.00,0.00,0.00,610005,0 0 0 0 0 1 41 92,False,False,1,
195,07/20/2026 00:14:00,07/12/2026 00:00:00,,07/12/2026 00:00:00,,0.00,0.00,0.00,610022,0 0 0 0 0 1 41 94,False,False,1,From Khalid
196,07/20/2026 00:45:00,07/16/2026 00:00:00,,07/16/2026 00:00:00,,0.00,0.00,0.00,610012,0 0 0 0 0 1 41 96,False,False,1,
197,07/20/2026 01:08:00,07/16/2026 00:00:00,,07/16/2026 00:00:00,,0.00,0.00,0.00,610022,0 0 0 0 0 1 41 98,False,False,1,FROM KHALID
198,07/25/2026 06:38:00,07/16/2026 00:00:00,,07/16/2026 00:00:00,,0.00,0.00,0.00,610004,0 0 0 0 0 1 72 148,False,False,1,
199,07/20/2026 01:23:00,07/16/2026 00:00:00,,07/16/2026 00:00:00,,0.00,0.00,0.00,610005,0 0 0 0 0 1 41 102,False,False,1,
200,07/20/2026 02:01:00,07/17/2026 00:00:00,,07/17/2026 00:00:00,,0.00,0.00,0.00,610022,0 0 0 0 0 1 41 104,False,False,1,
201,07/20/2026 02:02:00,07/17/2026 00:00:00,,07/17/2026 00:00:00,,0.00,0.00,0.00,610018,0 0 0 0 0 1 41 106,False,False,1,
202,07/20/2026 23:45:00,07/19/2026 00:00:00,,07/19/2026 00:00:00,,0.00,0.00,0.00,610022,0 0 0 0 0 1 41 108,False,False,1,from khalid
203,07/20/2026 23:48:00,07/19/2026 00:00:00,,07/19/2026 00:00:00,,0.00,0.00,0.00,610012,0 0 0 0 0 1 41 110,False,False,1,
204,07/20/2026 23:49:00,07/19/2026 00:00:00,,07/19/2026 00:00:00,,0.00,0.00,0.00,610012,0 0 0 0 0 1 41 112,False,False,1,
205,07/20/2026 23:50:00,07/19/2026 00:00:00,,07/19/2026 00:00:00,,0.00,0.00,0.00,610019,0 0 0 0 0 1 41 114,False,False,1,
206,07/20/2026 23:53:00,07/19/2026 00:00:00,,07/19/2026 00:00:00,,0.00,0.00,0.00,610004,0 0 0 0 0 1 41 116,False,False,1,
207,07/20/2026 23:54:00,07/19/2026 00:00:00,,07/19/2026 00:00:00,,0.00,0.00,0.00,610004,0 0 0 0 0 1 41 118,False,False,1,
208,07/20/2026 23:55:00,07/19/2026 00:00:00,,07/19/2026 00:00:00,,0.00,0.00,0.00,610004,0 0 0 0 0 1 41 120,False,False,1,
209,07/20/2026 23:57:00,07/19/2026 00:00:00,,07/19/2026 00:00:00,,0.00,0.00,0.00,610004,0 0 0 0 0 1 41 122,False,False,1,
210,07/20/2026 23:58:00,07/19/2026 00:00:00,,07/19/2026 00:00:00,,0.00,0.00,0.00,610004,0 0 0 0 0 1 41 124,False,False,1,
211,07/20/2026 23:59:00,07/19/2026 00:00:00,,07/19/2026 00:00:00,,0.00,0.00,0.00,610004,0 0 0 0 0 1 41 126,False,False,1,
212,07/21/2026 00:15:00,07/20/2026 00:00:00,,07/20/2026 00:00:00,,0.00,0.00,0.00,610014,0 0 0 0 0 1 41 128,False,False,1,
213,07/21/2026 00:35:00,07/19/2026 00:00:00,,07/19/2026 00:00:00,,0.00,0.00,0.00,610018,0 0 0 0 0 1 41 130,False,False,1,
214,07/21/2026 00:36:00,07/19/2026 00:00:00,,07/19/2026 00:00:00,,0.00,0.00,0.00,610014,0 0 0 0 0 1 41 132,False,False,1,
215,07/21/2026 00:36:00,07/19/2026 00:00:00,,07/19/2026 00:00:00,,0.00,0.00,0.00,610014,0 0 0 0 0 1 41 134,False,False,1,
216,07/21/2026 00:38:00,07/19/2026 00:00:00,,07/19/2026 00:00:00,,0.00,0.00,0.00,610018,0 0 0 0 0 1 41 136,False,False,1,
217,07/26/2026 03:57:00,07/19/2026 00:00:00,,07/19/2026 00:00:00,,0.00,0.00,0.00,610004,0 0 0 0 0 1 72 150,False,False,1,
218,07/21/2026 01:24:00,07/19/2026 00:00:00,,07/19/2026 00:00:00,,0.00,0.00,0.00,610004,0 0 0 0 0 1 41 142,False,False,1,
219,07/21/2026 01:24:00,07/19/2026 00:00:00,,07/19/2026 00:00:00,,0.00,0.00,0.00,610004,0 0 0 0 0 1 41 144,False,False,1,
220,07/21/2026 01:25:00,07/19/2026 00:00:00,,07/19/2026 00:00:00,,0.00,0.00,0.00,610004,0 0 0 0 0 1 41 146,False,False,1,
221,07/21/2026 01:27:00,07/19/2026 00:00:00,,07/19/2026 00:00:00,,0.00,0.00,0.00,610004,0 0 0 0 0 1 41 148,False,False,1,
222,07/23/2026 05:18:00,07/14/2026 00:00:00,,07/14/2026 00:00:00,,0.00,0.00,0.00,610014,0 0 0 0 0 1 56 236,False,False,1,
223,07/25/2026 05:57:00,07/16/2026 00:00:00,,07/16/2026 00:00:00,,0.00,0.00,0.00,610014,0 0 0 0 0 1 72 142,False,False,1,
224,07/26/2026 04:11:00,07/20/2026 00:00:00,,07/20/2026 00:00:00,,0.00,0.00,0.00,610012,0 0 0 0 0 1 72 152,False,False,1,
225,07/26/2026 04:12:00,07/20/2026 00:00:00,,07/20/2026 00:00:00,,0.00,0.00,0.00,610005,0 0 0 0 0 1 72 154,False,False,1,
226,07/26/2026 22:48:00,07/22/2026 00:00:00,,07/22/2026 00:00:00,,0.00,0.00,0.00,610018,0 0 0 0 0 1 72 156,False,False,1,
227,07/26/2026 22:50:00,07/22/2026 00:00:00,,07/22/2026 00:00:00,,0.00,0.00,0.00,610019,0 0 0 0 0 1 72 158,False,False,1,
228,07/26/2026 22:52:00,07/22/2026 00:00:00,,07/22/2026 00:00:00,,0.00,0.00,0.00,610004,0 0 0 0 0 1 72 160,False,False,1,
229,07/26/2026 23:29:00,07/23/2026 00:00:00,,07/23/2026 00:00:00,,0.00,0.00,0.00,610018,0 0 0 0 0 1 72 162,False,False,1,
230,07/27/2026 00:44:00,07/23/2026 00:00:00,,07/23/2026 00:00:00,,0.00,0.00,0.00,610004,0 0 0 0 0 1 72 168,False,False,1,
231,07/27/2026 00:10:00,07/25/2026 00:00:00,,07/25/2026 00:00:00,,0.00,0.00,0.00,610018,0 0 0 0 0 1 72 166,False,False,1,
232,07/27/2026 00:45:00,07/23/2026 00:00:00,,07/23/2026 00:00:00,,0.00,0.00,0.00,610012,0 0 0 0 0 1 72 170,False,False,1,
233,07/27/2026 01:11:00,07/25/2026 00:00:00,,07/25/2026 00:00:00,,0.00,0.00,0.00,610004,0 0 0 0 0 1 72 178,False,False,1,
234,07/27/2026 00:55:00,07/25/2026 00:00:00,,07/25/2026 00:00:00,,0.00,0.00,0.00,610012,0 0 0 0 0 1 72 174,False,False,1,
235,07/27/2026 00:56:00,07/25/2026 00:00:00,,07/25/2026 00:00:00,,0.00,0.00,0.00,610021,0 0 0 0 0 1 72 176,False,False,1,
236,07/27/2026 23:15:00,07/26/2026 00:00:00,,07/26/2026 00:00:00,,0.00,0.00,0.00,610018,0 0 0 0 0 1 72 194,False,False,1,
237,07/27/2026 23:59:00,07/27/2026 00:00:00,,07/27/2026 00:00:00,,0.00,0.00,0.00,610021,0 0 0 0 0 1 72 196,False,False,1,
238,07/28/2026 00:01:00,07/27/2026 00:00:00,,07/27/2026 00:00:00,,0.00,0.00,0.00,610016,0 0 0 0 0 1 72 198,False,False,1,from khalid
239,07/28/2026 00:03:00,07/27/2026 00:00:00,,07/27/2026 00:00:00,,0.00,0.00,0.00,610005,0 0 0 0 0 1 72 200,False,False,1,
240,07/28/2026 00:10:00,07/27/2026 00:00:00,,07/27/2026 00:00:00,,0.00,0.00,0.00,610014,0 0 0 0 0 1 72 204,False,False,1,
241,07/28/2026 00:18:00,07/28/2026 00:00:00,,07/28/2026 00:00:00,,0.00,0.00,0.00,610005,0 0 0 0 0 1 72 206,False,False,1,
242,07/28/2026 00:23:00,07/27/2026 00:00:00,,07/27/2026 00:00:00,,0.00,0.00,0.00,610012,0 0 0 0 0 1 72 208,False,False,1,
243,07/28/2026 00:26:00,07/27/2026 00:00:00,,07/27/2026 00:00:00,,0.00,0.00,0.00,610004,0 0 0 0 0 1 72 210,False,False,1,
244,07/29/2026 23:54:00,07/28/2026 00:00:00,,07/28/2026 00:00:00,,0.00,0.00,0.00,610022,0 0 0 0 0 1 88 81,False,False,1,FROM KHALID
245,07/29/2026 23:56:00,07/28/2026 00:00:00,,07/28/2026 00:00:00,,0.00,0.00,0.00,610018,0 0 0 0 0 1 88 83,False,False,1,
246,07/29/2026 23:57:00,07/28/2026 00:00:00,,07/28/2026 00:00:00,,0.00,0.00,0.00,610019,0 0 0 0 0 1 88 85,False,False,1,
247,07/30/2026 00:03:00,07/28/2026 00:00:00,,07/28/2026 00:00:00,,0.00,0.00,0.00,610014,0 0 0 0 0 1 88 87,False,False,1,
248,07/30/2026 01:03:00,07/28/2026 00:00:00,,07/28/2026 00:00:00,,0.00,0.00,0.00,610005,0 0 0 0 0 1 88 91,False,False,1,
249,07/30/2026 01:08:00,07/28/2026 00:00:00,,07/28/2026 00:00:00,,0.00,0.00,0.00,610004,0 0 0 0 0 1 88 93,False,False,1,
250,07/30/2026 01:45:00,07/29/2026 00:00:00,,07/29/2026 00:00:00,,0.00,0.00,0.00,610018,0 0 0 0 0 1 88 95,False,False,1,
251,07/30/2026 01:46:00,07/29/2026 00:00:00,,07/29/2026 00:00:00,,0.00,0.00,0.00,610014,0 0 0 0 0 1 88 97,False,False,1,
252,07/30/2026 01:48:00,07/29/2026 00:00:00,,07/29/2026 00:00:00,,0.00,0.00,0.00,610004,0 0 0 0 0 1 88 99,False,False,1,
253,07/30/2026 01:49:00,07/29/2026 00:00:00,,07/29/2026 00:00:00,,0.00,0.00,0.00,610019,0 0 0 0 0 1 88 101,False,False,1,
254,07/30/2026 01:52:00,07/29/2026 00:00:00,,07/29/2026 00:00:00,,0.00,0.00,0.00,610012,0 0 0 0 0 1 88 103,False,False,1,
255,08/02/2026 01:14:00,07/30/2026 00:00:00,,07/30/2026 00:00:00,,0.00,0.00,0.00,610022,0 0 0 0 0 1 103 198,False,False,1,from hasnaat
256,08/02/2026 01:16:00,07/30/2026 00:00:00,,07/30/2026 00:00:00,,0.00,0.00,0.00,610012,0 0 0 0 0 1 103 200,False,False,1,
257,08/02/2026 01:17:00,07/30/2026 00:00:00,,07/30/2026 00:00:00,,0.00,0.00,0.00,610018,0 0 0 0 0 1 103 202,False,False,1,
258,08/02/2026 01:21:00,08/01/2026 00:00:00,,08/01/2026 00:00:00,,0.00,0.00,0.00,610014,0 0 0 0 0 1 103 204,False,False,1,
259,08/03/2026 00:20:00,08/02/2026 00:00:00,,08/02/2026 00:00:00,,0.00,0.00,0.00,610018,0 0 0 0 0 1 103 217,False,False,1,
260,08/03/2026 00:21:00,08/02/2026 00:00:00,,08/02/2026 00:00:00,,0.00,0.00,0.00,610012,0 0 0 0 0 1 103 219,False,False,1,
261,08/03/2026 00:35:00,08/02/2026 00:00:00,,08/02/2026 00:00:00,,0.00,0.00,0.00,610004,0 0 0 0 0 1 103 221,False,False,1,
262,08/03/2026 00:36:00,08/02/2026 00:00:00,,08/02/2026 00:00:00,,0.00,0.00,0.00,610005,0 0 0 0 0 1 103 223,False,False,1,
263,08/10/2026 00:53:00,08/03/2026 00:00:00,,08/03/2026 00:00:00,,0.00,0.00,0.00,610012,0 0 0 0 0 1 119 102,False,False,1,
264,08/10/2026 00:54:00,08/03/2026 00:00:00,,08/03/2026 00:00:00,,0.00,0.00,0.00,610014,0 0 0 0 0 1 119 104,False,False,1,
265,08/10/2026 00:55:00,08/03/2026 00:00:00,,08/03/2026 00:00:00,,0.00,0.00,0.00,610018,0 0 0 0 0 1 119 106,False,False,1,
266,08/10/2026 22:53:00,08/03/2026 00:00:00,,08/03/2026 00:00:00,,883394.00,0.00,0.00,610004,0 0 0 0 0 1 119 116,False,False,1,
267,08/10/2026 22:56:00,08/03/2026 00:00:00,,08/03/2026 00:00:00,,915694.00,0.00,0.00,610004,0 0 0 0 0 1 119 118,False,False,1,
268,08/10/2026 02:44:00,08/04/2026 00:00:00,,08/04/2026 00:00:00,,0.00,0.00,0.00,610018,0 0 0 0 0 1 119 112,False,False,1,
269,08/10/2026 22:47:00,08/05/2026 00:00:00,,08/05/2026 00:00:00,,0.00,0.00,0.00,610014,0 0 0 0 0 1 119 114,False,False,1,
270,08/10/2026 23:00:00,08/05/2026 00:00:00,,08/05/2026 00:00:00,,931054.00,0.00,0.00,610004,0 0 0 0 0 1 119 120,False,False,1,
271,08/10/2026 23:02:00,08/05/2026 00:00:00,,08/05/2026 00:00:00,,0.00,0.00,0.00,610018,0 0 0 0 0 1 119 122,False,False,1,
272,08/10/2026 23:03:00,08/05/2026 00:00:00,,08/05/2026 00:00:00,,0.00,0.00,0.00,610019,0 0 0 0 0 1 119 124,False,False,1,
273,08/10/2026 23:31:00,08/06/2026 00:00:00,,08/06/2026 00:00:00,,0.00,0.00,0.00,610004,0 0 0 0 0 1 119 126,False,False,1,
274,08/10/2026 23:46:00,08/08/2026 00:00:00,,08/08/2026 00:00:00,,0.00,0.00,0.00,610018,0 0 0 0 0 1 119 128,False,False,1,
275,08/10/2026 23:47:00,08/08/2026 00:00:00,,08/08/2026 00:00:00,,0.00,0.00,0.00,610012,0 0 0 0 0 1 119 130,False,False,1,
276,08/10/2026 23:48:00,08/08/2026 00:00:00,,08/08/2026 00:00:00,,0.00,0.00,0.00,610005,0 0 0 0 0 1 119 132,False,False,1,
277,08/11/2026 00:09:00,08/08/2026 00:00:00,,08/08/2026 00:00:00,,0.00,0.00,0.00,610004,0 0 0 0 0 1 119 138,False,False,1,
278,08/11/2026 00:04:00,08/08/2026 00:00:00,,08/08/2026 00:00:00,,0.00,0.00,0.00,610014,0 0 0 0 0 1 119 136,False,False,1,
279,08/11/2026 00:37:00,08/04/2026 00:00:00,,08/04/2026 00:00:00,,0.00,0.00,0.00,610022,0 0 0 0 0 1 119 140,False,False,1,
280,08/11/2026 00:53:00,08/09/2026 00:00:00,,08/09/2026 00:00:00,,0.00,0.00,0.00,610012,0 0 0 0 0 1 119 142,False,False,1,
281,08/11/2026 00:54:00,08/09/2026 00:00:00,,08/09/2026 00:00:00,,0.00,0.00,0.00,610005,0 0 0 0 0 1 119 144,False,False,1,
282,08/11/2026 00:56:00,08/09/2026 00:00:00,,08/09/2026 00:00:00,,0.00,0.00,0.00,610018,0 0 0 0 0 1 119 146,False,False,1,
283,08/11/2026 00:57:00,08/09/2026 00:00:00,,08/09/2026 00:00:00,,0.00,0.00,0.00,610019,0 0 0 0 0 1 119 148,False,False,1,
284,08/12/2026 01:44:00,08/09/2026 00:00:00,,08/09/2026 00:00:00,,0.00,0.00,0.00,610014,0 0 0 0 0 1 135 19,False,False,1,
285,08/12/2026 02:00:00,08/10/2026 00:00:00,,08/10/2026 00:00:00,,0.00,0.00,0.00,610005,0 0 0 0 0 1 135 21,False,False,1,
286,08/12/2026 02:01:00,08/10/2026 00:00:00,,08/10/2026 00:00:00,,0.00,0.00,0.00,610012,0 0 0 0 0 1 135 23,False,False,1,
287,08/12/2026 22:26:00,08/10/2026 00:00:00,,08/10/2026 00:00:00,,0.00,0.00,0.00,610018,0 0 0 0 0 1 135 25,False,False,1,
288,08/12/2026 22:33:00,08/10/2026 00:00:00,,08/10/2026 00:00:00,,0.00,0.00,0.00,610004,0 0 0 0 0 1 135 27,False,False,1,
289,08/13/2026 00:55:00,08/10/2026 00:00:00,,08/10/2026 00:00:00,,0.00,0.00,0.00,610004,0 0 0 0 0 1 135 39,False,False,1,
290,08/13/2026 01:11:00,08/12/2026 00:00:00,,08/12/2026 00:00:00,,0.00,0.00,0.00,610004,0 0 0 0 0 1 135 41,False,False,1,
291,08/13/2026 01:12:00,08/12/2026 00:00:00,,08/12/2026 00:00:00,,0.00,0.00,0.00,610022,0 0 0 0 0 1 135 43,False,False,1,FROM KHALID
292,08/13/2026 01:13:00,08/12/2026 00:00:00,,08/12/2026 00:00:00,,0.00,0.00,0.00,610018,0 0 0 0 0 1 135 45,False,False,1,
293,08/15/2026 21:29:00,08/13/2026 00:00:00,,08/13/2026 00:00:00,,0.00,0.00,0.00,610018,0 0 0 0 0 1 150 166,False,False,1,
294,08/15/2026 21:34:00,08/13/2026 00:00:00,,08/13/2026 00:00:00,,0.00,0.00,0.00,610012,0 0 0 0 0 1 150 168,False,False,1,
295,08/15/2026 21:35:00,08/13/2026 00:00:00,,08/13/2026 00:00:00,,0.00,0.00,0.00,610005,0 0 0 0 0 1 150 170,False,False,1,
296,08/15/2026 23:47:00,08/13/2026 00:00:00,,08/13/2026 00:00:00,,1581664.00,0.00,0.00,610004,0 0 0 0 0 1 150 178,False,False,1,
297,08/16/2026 00:01:00,08/15/2026 00:00:00,,08/15/2026 00:00:00,,0.00,0.00,0.00,610018,0 0 0 0 0 1 150 180,False,False,1,
298,08/16/2026 00:02:00,08/15/2026 00:00:00,,08/15/2026 00:00:00,,0.00,0.00,0.00,610012,0 0 0 0 0 1 150 182,False,False,1,
299,08/16/2026 00:02:00,08/15/2026 00:00:00,,08/15/2026 00:00:00,,0.00,0.00,0.00,610005,0 0 0 0 0 1 150 184,False,False,1,
300,08/16/2026 00:04:00,08/15/2026 00:00:00,,08/15/2026 00:00:00,,0.00,0.00,0.00,610022,0 0 0 0 0 1 150 186,False,False,1,FROM KHALID
301,08/16/2026 00:14:00,08/15/2026 00:00:00,,08/15/2026 00:00:00,,0.00,0.00,0.00,610004,0 0 0 0 0 1 150 189,False,False,1,
302,08/17/2026 00:26:00,08/16/2026 00:00:00,,08/16/2026 00:00:00,,0.00,0.00,0.00,610012,0 0 0 0 0 1 181 230,False,False,1,
303,08/17/2026 00:27:00,08/16/2026 00:00:00,,08/16/2026 00:00:00,,0.00,0.00,0.00,610005,0 0 0 0 0 1 181 232,False,False,1,
304,08/17/2026 00:29:00,08/16/2026 00:00:00,,08/16/2026 00:00:00,,0.00,0.00,0.00,610014,0 0 0 0 0 1 181 234,False,False,1,
305,08/17/2026 23:09:00,08/17/2026 00:00:00,,08/17/2026 00:00:00,,-937700.00,0.00,0.00,610019,0 0 0 0 0 1 197 137,False,False,1,
306,08/17/2026 23:13:00,08/17/2026 00:00:00,,08/17/2026 00:00:00,,0.00,0.00,0.00,610005,0 0 0 0 0 1 197 139,False,False,1,
307,08/17/2026 23:33:00,08/17/2026 00:00:00,,08/17/2026 00:00:00,,0.00,0.00,0.00,610014,0 0 0 0 0 1 197 143,False,False,1,
308,08/17/2026 23:34:00,08/17/2026 00:00:00,,08/17/2026 00:00:00,,0.00,0.00,0.00,610004,0 0 0 0 0 1 197 145,False,False,1,
