SerialNo,PurchaseId,ProductId,Quantity,Bonus,Price,DiscRatio1,DiscRatio2,STValue,STRatio,TTLValue,TTLSalestax,IsDeleted
1,1,02006,37.000,0.000,196.0000,0.00,0.00,0.00,0.00,7252.00,0.00,False
64,2,02211,64.000,0.000,40.0000,0.00,0.00,0.00,0.00,2560.00,0.00,False
2,2,02334,60.000,0.000,80.0000,0.00,0.00,0.00,0.00,4800.00,0.00,False
5,2,02421,20.000,0.000,40.0000,0.00,0.00,0.00,0.00,800.00,0.00,False
6,2,02423,20.000,0.000,40.0000,0.00,0.00,0.00,0.00,800.00,0.00,False
4,2,02425,24.000,0.000,40.0000,0.00,0.00,0.00,0.00,960.00,0.00,False
3,2,02427,36.000,0.000,40.0000,0.00,0.00,0.00,0.00,1440.00,0.00,False
7,2,02428,10.000,0.000,90.0000,0.00,0.00,0.00,0.00,900.00,0.00,False
8,2,02429,10.000,0.000,120.0000,0.00,0.00,0.00,0.00,1200.00,0.00,False
9,2,02430,36.000,0.000,40.0000,0.00,0.00,0.00,0.00,1440.00,0.00,False
10,3,02265,15.000,0.000,40.0000,0.00,0.00,0.00,0.00,600.00,0.00,False
11,4,02097,12.000,0.000,155.0000,0.00,0.00,0.00,0.00,1860.00,0.00,False
12,5,01003,500.000,0.000,15.0000,0.00,0.00,0.00,0.00,7500.00,0.00,False
13,6,01044,25.000,0.000,132.0000,0.00,0.00,0.00,0.00,3300.00,0.00,False
15,7,01019,3.000,0.000,5000.0000,0.00,0.00,0.00,0.00,15000.00,0.00,False
16,7,01065,600.000,0.000,265.0000,0.00,0.00,0.00,0.00,159000.00,0.00,False
14,7,01075,2.000,0.000,5500.0000,0.00,0.00,0.00,0.00,11000.00,0.00,False
17,8,01003,6250.000,0.000,17.4000,0.00,0.00,0.00,0.00,108750.00,0.00,False
18,9,01022,1.000,0.000,4000.0000,0.00,0.00,0.00,0.00,4000.00,0.00,False
20,10,01019,1.000,0.000,5000.0000,0.00,0.00,0.00,0.00,5000.00,0.00,False
19,10,01075,1.500,0.000,6000.0000,0.00,0.00,0.00,0.00,9000.00,0.00,False
22,11,02025,12.000,0.000,40.0000,0.00,0.00,0.00,0.00,480.00,0.00,False
30,11,02047,15.000,0.000,40.0000,0.00,0.00,0.00,0.00,600.00,0.00,False
28,11,02048,15.000,0.000,40.0000,0.00,0.00,0.00,0.00,600.00,0.00,False
21,11,02124,12.000,0.000,40.0000,0.00,0.00,0.00,0.00,480.00,0.00,False
25,11,02146,26.000,0.000,90.0000,0.00,0.00,0.00,0.00,2340.00,0.00,False
27,11,02300,15.000,0.000,40.0000,0.00,0.00,0.00,0.00,600.00,0.00,False
24,11,02323,12.000,0.000,40.0000,0.00,0.00,0.00,0.00,480.00,0.00,False
23,11,02330,80.000,0.000,80.0000,0.00,0.00,0.00,0.00,6400.00,0.00,False
29,11,02431,15.000,0.000,40.0000,0.00,0.00,0.00,0.00,600.00,0.00,False
31,12,02268,32.000,0.000,90.0000,0.00,0.00,0.00,0.00,2880.00,0.00,False
32,13,01027,25.000,0.000,400.0000,0.00,0.00,0.00,0.00,10000.00,0.00,False
186,13,01189,30.000,0.000,586.6666,0.00,0.00,0.00,0.00,17600.00,0.00,False
33,14,01043,2000.000,0.000,13.7500,0.00,0.00,0.00,0.00,27500.00,0.00,False
34,15,01004,25.000,0.000,400.0000,0.00,0.00,0.00,0.00,10000.00,0.00,False
36,15,01021,30.000,0.000,400.0000,0.00,0.00,0.00,0.00,12000.00,0.00,False
35,15,01028,25.000,0.000,1650.0000,0.00,0.00,0.00,0.00,41250.00,0.00,False
37,16,02014,544.000,0.000,390.0000,0.00,0.00,0.00,0.00,212160.00,0.00,False
40,17,02144,475.000,0.000,20.0000,0.00,0.00,0.00,0.00,9500.00,0.00,False
39,17,02364,64.000,0.000,40.0000,0.00,0.00,0.00,0.00,2560.00,0.00,False
38,17,02365,64.000,0.000,40.0000,0.00,0.00,0.00,0.00,2560.00,0.00,False
41,17,02432,950.000,0.000,20.0000,0.00,0.00,0.00,0.00,19000.00,0.00,False
43,18,01019,2.000,0.000,5000.0000,0.00,0.00,0.00,0.00,10000.00,0.00,False
42,18,01042,50.000,0.000,167.0000,0.00,0.00,0.00,0.00,8350.00,0.00,False
46,18,01070,2.000,0.000,4500.0000,0.00,0.00,0.00,0.00,9000.00,0.00,False
44,18,01075,2.000,0.000,6000.0000,0.00,0.00,0.00,0.00,12000.00,0.00,False
45,18,01193,2.000,0.000,700.0000,0.00,0.00,0.00,0.00,1400.00,0.00,False
48,19,02147,150.000,0.000,40.0000,0.00,0.00,0.00,0.00,6000.00,0.00,False
47,19,02427,50.000,0.000,40.0000,0.00,0.00,0.00,0.00,2000.00,0.00,False
52,20,01010,25.000,0.000,2800.0000,0.00,0.00,0.00,0.00,70000.00,0.00,False
51,20,01045,550.000,0.000,380.0000,0.00,0.00,0.00,0.00,209000.00,0.00,False
49,20,01073,25.000,0.000,520.0000,0.00,0.00,0.00,0.00,13000.00,0.00,False
50,20,01189,250.000,0.000,820.0000,0.00,0.00,0.00,0.00,205000.00,0.00,False
53,20,01201,30.000,0.000,750.0000,0.00,0.00,0.00,0.00,22500.00,0.00,False
59,21,02029,475.000,0.000,20.0000,0.00,0.00,0.00,0.00,9500.00,0.00,False
58,21,02106,475.000,0.000,20.0000,0.00,0.00,0.00,0.00,9500.00,0.00,False
56,21,02131,475.000,0.000,20.0000,0.00,0.00,0.00,0.00,9500.00,0.00,False
54,21,02133,475.000,0.000,20.0000,0.00,0.00,0.00,0.00,9500.00,0.00,False
55,21,02212,475.000,0.000,20.0000,0.00,0.00,0.00,0.00,9500.00,0.00,False
57,21,02397,475.000,0.000,20.0000,0.00,0.00,0.00,0.00,9500.00,0.00,False
60,21,02403,475.000,0.000,20.0000,0.00,0.00,0.00,0.00,9500.00,0.00,False
61,22,01206,7.000,0.000,5342.8570,0.00,0.00,0.00,0.00,37400.00,0.00,False
63,23,02010,10000.000,0.000,9.0000,0.00,0.00,0.00,0.00,90000.00,0.00,False
62,23,02314,5000.000,0.000,12.5000,0.00,0.00,0.00,0.00,62500.00,0.00,False
65,24,01003,10000.000,0.000,13.0000,0.00,0.00,0.00,0.00,130000.00,0.00,False
66,25,01015,5000.000,0.000,17.0000,0.00,0.00,0.00,0.00,85000.00,0.00,False
68,26,01007,1500.000,0.000,35.0000,0.00,0.00,0.00,0.00,52500.00,0.00,False
67,26,01033,1500.000,0.000,50.0000,0.00,0.00,0.00,0.00,75000.00,0.00,False
69,27,02216,72.000,0.000,40.0000,0.00,0.00,0.00,0.00,2880.00,0.00,False
74,27,02330,140.000,0.000,80.0000,0.00,0.00,0.00,0.00,11200.00,0.00,False
70,27,02332,60.000,0.000,80.0000,0.00,0.00,0.00,0.00,4800.00,0.00,False
71,27,02334,30.000,0.000,80.0000,0.00,0.00,0.00,0.00,2400.00,0.00,False
73,27,02336,50.000,0.000,80.0000,0.00,0.00,0.00,0.00,4000.00,0.00,False
72,27,02337,50.000,0.000,80.0000,0.00,0.00,0.00,0.00,4000.00,0.00,False
75,28,02006,50.000,0.000,203.0000,0.00,0.00,0.00,0.00,10150.00,0.00,False
77,29,01044,50.000,0.000,132.0000,0.00,0.00,0.00,0.00,6600.00,0.00,False
76,29,01047,100.000,0.000,80.0000,0.00,0.00,0.00,0.00,8000.00,0.00,False
81,30,01017,10.000,0.000,3400.0000,0.00,0.00,0.00,0.00,34000.00,0.00,False
83,30,01021,30.000,0.000,400.0000,0.00,0.00,0.00,0.00,12000.00,0.00,False
84,30,01038,35.000,0.000,650.0000,0.00,0.00,0.00,0.00,22750.00,0.00,False
79,30,01050,25.000,0.000,3100.0000,0.00,0.00,0.00,0.00,77500.00,0.00,False
82,30,01054,1.000,0.000,17500.0000,0.00,0.00,0.00,0.00,17500.00,0.00,False
78,30,01055,25.000,0.000,1550.0000,0.00,0.00,0.00,0.00,38750.00,0.00,False
85,30,01058,25.000,0.000,1450.0000,0.00,0.00,0.00,0.00,36250.00,0.00,False
80,30,01201,30.000,0.000,750.0000,0.00,0.00,0.00,0.00,22500.00,0.00,False
86,31,02004,118.000,0.000,235.0000,0.00,0.00,0.00,0.00,27730.00,0.00,False
87,32,02097,240.000,0.000,185.0000,0.00,0.00,0.00,0.00,44400.00,0.00,False
88,33,01019,5.000,0.000,5000.0000,0.00,0.00,0.00,0.00,25000.00,0.00,False
89,33,01075,5.000,0.000,6200.0000,0.00,0.00,0.00,0.00,31000.00,0.00,False
90,34,02031,40.000,0.000,40.0000,0.00,0.00,0.00,0.00,1600.00,0.00,False
91,34,02293,40.000,0.000,40.0000,0.00,0.00,0.00,0.00,1600.00,0.00,False
92,34,02384,64.000,0.000,40.0000,0.00,0.00,0.00,0.00,2560.00,0.00,False
93,35,01044,25.000,0.000,128.0000,0.00,0.00,0.00,0.00,3200.00,0.00,False
95,35,01070,1.000,0.000,2270.0000,0.00,0.00,0.00,0.00,2270.00,0.00,False
94,35,01184,90.000,0.000,366.6666,0.00,0.00,0.00,0.00,32999.99,0.00,False
97,36,01011,1.000,0.000,4850.0000,0.00,0.00,0.00,0.00,4850.00,0.00,False
96,36,01028,30.000,0.000,1650.0000,0.00,0.00,0.00,0.00,49500.00,0.00,False
98,36,01055,25.000,0.000,1550.0000,0.00,0.00,0.00,0.00,38750.00,0.00,False
99,37,02014,731.000,0.000,390.0000,0.00,0.00,0.00,0.00,285090.00,0.00,False
100,38,02015,250.000,0.000,350.0000,0.00,0.00,0.00,0.00,87500.00,0.00,False
102,39,02265,32.000,0.000,40.0000,0.00,0.00,0.00,0.00,1280.00,0.00,False
101,39,02346,112.000,0.000,40.0000,0.00,0.00,0.00,0.00,4480.00,0.00,False
103,39,02434,135.000,0.000,40.0000,0.00,0.00,0.00,0.00,5400.00,0.00,False
104,40,01042,50.000,0.000,167.0000,0.00,0.00,0.00,0.00,8350.00,0.00,False
105,41,02004,313.000,0.000,235.0000,0.00,0.00,0.00,0.00,73555.00,0.00,False
106,42,02014,170.000,0.000,390.0000,0.00,0.00,0.00,0.00,66300.00,0.00,False
121,43,00374,20.000,0.000,70.0000,0.00,0.00,0.00,0.00,1400.00,0.00,False
112,43,02132,400.000,0.000,20.0000,0.00,0.00,0.00,0.00,8000.00,0.00,False
114,43,02141,400.000,0.000,20.0000,0.00,0.00,0.00,0.00,8000.00,0.00,False
109,43,02142,110.000,0.000,40.0000,0.00,0.00,0.00,0.00,4400.00,0.00,False
108,43,02145,64.000,0.000,40.0000,0.00,0.00,0.00,0.00,2560.00,0.00,False
119,43,02147,110.000,0.000,40.0000,0.00,0.00,0.00,0.00,4400.00,0.00,False
115,43,02211,80.000,0.000,40.0000,0.00,0.00,0.00,0.00,3200.00,0.00,False
110,43,02293,110.000,0.000,40.0000,0.00,0.00,0.00,0.00,4400.00,0.00,False
122,43,02329,25.000,0.000,120.0000,0.00,0.00,0.00,0.00,3000.00,0.00,False
113,43,02363,400.000,0.000,20.0000,0.00,0.00,0.00,0.00,8000.00,0.00,False
111,43,02365,110.000,0.000,40.0000,0.00,0.00,0.00,0.00,4400.00,0.00,False
123,43,02372,200.000,0.000,40.0000,0.00,0.00,0.00,0.00,8000.00,0.00,False
107,43,02404,110.000,0.000,40.0000,0.00,0.00,0.00,0.00,4400.00,0.00,False
120,43,02420,10.000,0.000,140.0000,0.00,0.00,0.00,0.00,1400.00,0.00,False
117,43,02435,52.000,0.000,40.0000,0.00,0.00,0.00,0.00,2080.00,0.00,False
118,43,02436,52.000,0.000,40.0000,0.00,0.00,0.00,0.00,2080.00,0.00,False
116,43,02437,6.000,0.000,90.0000,0.00,0.00,0.00,0.00,540.00,0.00,False
124,43,02438,10.000,0.000,140.0000,0.00,0.00,0.00,0.00,1400.00,0.00,False
125,44,02145,400.000,0.000,20.0000,0.00,0.00,0.00,0.00,8000.00,0.00,False
126,45,02014,544.000,0.000,390.0000,0.00,0.00,0.00,0.00,212160.00,0.00,False
127,46,02014,60.000,0.000,450.0000,0.00,0.00,0.00,0.00,27000.00,0.00,False
130,46,02054,20.000,0.000,185.0000,0.00,0.00,0.00,0.00,3700.00,0.00,False
131,46,02140,50.000,0.000,1100.0000,0.00,0.00,0.00,0.00,55000.00,0.00,False
129,47,01044,100.000,0.000,128.0000,0.00,0.00,0.00,0.00,12800.00,0.00,False
128,47,01047,500.000,0.000,68.0000,0.00,0.00,0.00,0.00,34000.00,0.00,False
140,47,01059,30.000,0.000,80.0000,0.00,0.00,0.00,0.00,2400.00,0.00,False
141,48,01002,25.000,0.000,280.0000,0.00,0.00,0.00,0.00,7000.00,0.00,False
134,48,01004,25.000,0.000,400.0000,0.00,0.00,0.00,0.00,10000.00,0.00,False
137,48,01009,100.000,0.000,2200.0000,0.00,0.00,0.00,0.00,220000.00,0.00,False
138,48,01021,30.000,0.000,400.0000,0.00,0.00,0.00,0.00,12000.00,0.00,False
136,48,01034,25.000,0.000,560.0000,0.00,0.00,0.00,0.00,14000.00,0.00,False
132,48,01041,25.000,0.000,650.0000,0.00,0.00,0.00,0.00,16250.00,0.00,False
139,48,01055,25.000,0.000,1550.0000,0.00,0.00,0.00,0.00,38750.00,0.00,False
133,48,01058,25.000,0.000,1450.0000,0.00,0.00,0.00,0.00,36250.00,0.00,False
135,48,01105,25.000,0.000,420.0000,0.00,0.00,0.00,0.00,10500.00,0.00,False
142,49,02004,20.000,0.000,210.0000,0.00,0.00,0.00,0.00,4200.00,0.00,False
143,50,01184,120.000,0.000,366.6666,0.00,0.00,0.00,0.00,43999.99,0.00,False
144,50,01186,60.000,0.000,36.6666,0.00,0.00,0.00,0.00,2200.00,0.00,False
185,51,01002,25.000,0.000,280.0000,0.00,0.00,0.00,0.00,7000.00,0.00,False
153,51,01011,25.000,0.000,4850.0000,0.00,0.00,0.00,0.00,121250.00,0.00,False
154,51,01013,25.000,0.000,210.0000,0.00,0.00,0.00,0.00,5250.00,0.00,False
148,51,01017,25.000,0.000,3400.0000,0.00,0.00,0.00,0.00,85000.00,0.00,False
151,51,01023,25.000,0.000,7200.0000,0.00,0.00,0.00,0.00,180000.00,0.00,False
150,51,01025,25.000,0.000,7200.0000,0.00,0.00,0.00,0.00,180000.00,0.00,False
149,51,01028,30.000,0.000,1650.0000,0.00,0.00,0.00,0.00,49500.00,0.00,False
155,51,01038,35.000,0.000,650.0000,0.00,0.00,0.00,0.00,22750.00,0.00,False
152,51,01046,25.000,0.000,10500.0000,0.00,0.00,0.00,0.00,262500.00,0.00,False
145,51,01053,10.000,0.000,17500.0000,0.00,0.00,0.00,0.00,175000.00,0.00,False
146,51,01054,10.000,0.000,17500.0000,0.00,0.00,0.00,0.00,175000.00,0.00,False
147,51,01056,10.000,0.000,19500.0000,0.00,0.00,0.00,0.00,195000.00,0.00,False
158,52,02364,64.000,0.000,40.0000,0.00,0.00,0.00,0.00,2560.00,0.00,False
157,52,02371,64.000,0.000,40.0000,0.00,0.00,0.00,0.00,2560.00,0.00,False
156,52,02410,110.000,0.000,80.0000,0.00,0.00,0.00,0.00,8800.00,0.00,False
163,53,02026,144.000,0.000,60.0000,0.00,0.00,0.00,0.00,8640.00,0.00,False
164,53,02148,12.000,0.000,140.0000,0.00,0.00,0.00,0.00,1680.00,0.00,False
159,53,02267,24.000,0.000,40.0000,0.00,0.00,0.00,0.00,960.00,0.00,False
165,53,02268,26.000,0.000,90.0000,0.00,0.00,0.00,0.00,2340.00,0.00,False
160,53,02271,24.000,0.000,40.0000,0.00,0.00,0.00,0.00,960.00,0.00,False
161,53,02272,64.000,0.000,40.0000,0.00,0.00,0.00,0.00,2560.00,0.00,False
162,53,02350,64.000,0.000,40.0000,0.00,0.00,0.00,0.00,2560.00,0.00,False
166,53,02351,12.000,0.000,140.0000,0.00,0.00,0.00,0.00,1680.00,0.00,False
167,54,01020,700.000,0.000,350.0000,0.00,0.00,0.00,0.00,245000.00,0.00,False
168,55,02004,313.000,0.000,235.0000,0.00,0.00,0.00,0.00,73555.00,0.00,False
169,56,02004,31.000,0.000,227.0000,0.00,0.00,0.00,0.00,7037.00,0.00,False
170,57,02014,255.000,0.000,390.0000,0.00,0.00,0.00,0.00,99450.00,0.00,False
171,58,01072,10.000,0.000,9500.0000,0.00,0.00,0.00,0.00,95000.00,0.00,False
172,59,02014,340.000,0.000,390.0000,0.00,0.00,0.00,0.00,132600.00,0.00,False
174,60,01015,2500.000,0.000,17.0000,0.00,0.00,0.00,0.00,42500.00,0.00,False
173,60,01190,18400.000,0.000,11.5000,0.00,0.00,0.00,0.00,211600.00,0.00,False
175,61,02128,150.000,0.000,1066.0000,0.00,0.00,0.00,0.00,159900.00,0.00,False
176,62,02160,130.000,0.000,90.0000,0.00,0.00,0.00,0.00,11700.00,0.00,False
177,63,02128,224.000,0.000,1066.0000,0.00,0.00,0.00,0.00,238784.00,0.00,False
181,64,00374,20.000,0.000,75.0000,0.00,0.00,0.00,0.00,1500.00,0.00,False
178,64,02332,80.000,0.000,80.0000,0.00,0.00,0.00,0.00,6400.00,0.00,False
180,64,02337,80.000,0.000,80.0000,0.00,0.00,0.00,0.00,6400.00,0.00,False
179,64,02342,80.000,0.000,80.0000,0.00,0.00,0.00,0.00,6400.00,0.00,False
182,65,02097,180.000,0.000,230.0000,0.00,0.00,0.00,0.00,41400.00,0.00,False
184,66,01002,25.000,0.000,200.0000,0.00,0.00,0.00,0.00,5000.00,0.00,False
183,66,01047,150.000,0.000,80.0000,0.00,0.00,0.00,0.00,12000.00,0.00,False
187,67,01003,10000.000,0.000,13.0000,0.00,0.00,0.00,0.00,130000.00,0.00,False
188,68,01033,2096.000,0.000,50.0000,0.00,0.00,0.00,0.00,104800.00,0.00,False
189,68,01059,990.000,0.000,72.3333,0.00,0.00,0.00,0.00,71609.97,0.00,False
190,69,01190,18400.000,0.000,11.5000,0.00,0.00,0.00,0.00,211600.00,0.00,False
191,70,01015,1600.000,0.000,17.0000,0.00,0.00,0.00,0.00,27200.00,0.00,False
193,71,01007,1500.000,0.000,35.0000,0.00,0.00,0.00,0.00,52500.00,0.00,False
192,71,01059,990.000,0.000,72.3333,0.00,0.00,0.00,0.00,71609.97,0.00,False
201,72,02031,64.000,0.000,40.0000,0.00,0.00,0.00,0.00,2560.00,0.00,False
198,72,02220,40.000,0.000,40.0000,0.00,0.00,0.00,0.00,1600.00,0.00,False
203,72,02237,64.000,0.000,40.0000,0.00,0.00,0.00,0.00,2560.00,0.00,False
196,72,02268,22.000,0.000,90.0000,0.00,0.00,0.00,0.00,1980.00,0.00,False
202,72,02271,32.000,0.000,40.0000,0.00,0.00,0.00,0.00,1280.00,0.00,False
197,72,02348,40.000,0.000,40.0000,0.00,0.00,0.00,0.00,1600.00,0.00,False
194,72,02351,30.000,0.000,140.0000,0.00,0.00,0.00,0.00,4200.00,0.00,False
199,72,02394,80.000,0.000,40.0000,0.00,0.00,0.00,0.00,3200.00,0.00,False
200,72,02395,80.000,0.000,40.0000,0.00,0.00,0.00,0.00,3200.00,0.00,False
195,72,02439,32.000,0.000,40.0000,0.00,0.00,0.00,0.00,1280.00,0.00,False
204,73,02014,340.000,0.000,440.0000,0.00,0.00,0.00,0.00,149600.00,0.00,False
205,73,02097,600.000,0.000,230.0000,0.00,0.00,0.00,0.00,138000.00,0.00,False
206,74,02174,508.000,0.000,100.0000,0.00,0.00,0.00,0.00,50800.00,0.00,False
207,75,01015,10000.000,0.000,17.0000,0.00,0.00,0.00,0.00,170000.00,0.00,False
208,76,01043,1600.000,0.000,13.7500,0.00,0.00,0.00,0.00,22000.00,0.00,False
209,76,01044,200.000,0.000,128.0000,0.00,0.00,0.00,0.00,25600.00,0.00,False
210,77,02258,300.000,0.000,40.0000,0.00,0.00,0.00,0.00,12000.00,0.00,False
211,78,01207,1.000,0.000,9500.0000,0.00,0.00,0.00,0.00,9500.00,0.00,False
221,79,00374,15.000,0.000,75.0000,0.00,0.00,0.00,0.00,1125.00,0.00,False
222,79,02026,160.000,0.000,50.0000,0.00,0.00,0.00,0.00,8000.00,0.00,False
220,79,02271,32.000,0.000,40.0000,0.00,0.00,0.00,0.00,1280.00,0.00,False
212,79,02330,70.000,0.000,80.0000,0.00,0.00,0.00,0.00,5600.00,0.00,False
215,79,02334,30.000,0.000,80.0000,0.00,0.00,0.00,0.00,2400.00,0.00,False
213,79,02336,70.000,0.000,80.0000,0.00,0.00,0.00,0.00,5600.00,0.00,False
214,79,02337,60.000,0.000,80.0000,0.00,0.00,0.00,0.00,4800.00,0.00,False
218,79,02345,12.000,0.000,90.0000,0.00,0.00,0.00,0.00,1080.00,0.00,False
223,79,02420,500.000,0.000,40.0000,0.00,0.00,0.00,0.00,20000.00,0.00,False
216,79,02435,30.000,0.000,80.0000,0.00,0.00,0.00,0.00,2400.00,0.00,False
217,79,02436,32.000,0.000,80.0000,0.00,0.00,0.00,0.00,2560.00,0.00,False
219,79,02437,20.000,0.000,90.0000,0.00,0.00,0.00,0.00,1800.00,0.00,False
224,80,02004,100.000,0.000,235.0000,0.00,0.00,0.00,0.00,23500.00,0.00,False
225,81,02004,34.000,0.000,227.0000,0.00,0.00,0.00,0.00,7718.00,0.00,False
226,82,01185,30.000,0.000,283.3333,0.00,0.00,0.00,0.00,8500.00,0.00,False
227,83,02140,50.000,0.000,1100.0000,0.00,0.00,0.00,0.00,55000.00,0.00,False
236,84,01002,25.000,0.000,280.0000,0.00,0.00,0.00,0.00,7000.00,0.00,False
231,84,01004,25.000,0.000,400.0000,0.00,0.00,0.00,0.00,10000.00,0.00,False
235,84,01009,25.000,0.000,2200.0000,0.00,0.00,0.00,0.00,55000.00,0.00,False
238,84,01010,25.000,0.000,2800.0000,0.00,0.00,0.00,0.00,70000.00,0.00,False
234,84,01011,25.000,0.000,4850.0000,0.00,0.00,0.00,0.00,121250.00,0.00,False
240,84,01028,5.000,0.000,1650.0000,0.00,0.00,0.00,0.00,8250.00,0.00,False
230,84,01034,25.000,0.000,560.0000,0.00,0.00,0.00,0.00,14000.00,0.00,False
228,84,01041,25.000,0.000,650.0000,0.00,0.00,0.00,0.00,16250.00,0.00,False
229,84,01058,25.000,0.000,1450.0000,0.00,0.00,0.00,0.00,36250.00,0.00,False
237,84,01105,25.000,0.000,425.0000,0.00,0.00,0.00,0.00,10625.00,0.00,False
232,84,01176,1.000,0.000,9500.0000,0.00,0.00,0.00,0.00,9500.00,0.00,False
233,84,01187,25.000,0.000,400.0000,0.00,0.00,0.00,0.00,10000.00,0.00,False
239,84,01201,50.000,0.000,750.0000,0.00,0.00,0.00,0.00,37500.00,0.00,False
241,85,01019,3.000,0.000,5000.0000,0.00,0.00,0.00,0.00,15000.00,0.00,False
243,85,01047,200.000,0.000,68.0000,0.00,0.00,0.00,0.00,13600.00,0.00,False
242,85,01075,3.000,0.000,4500.0000,0.00,0.00,0.00,0.00,13500.00,0.00,False
245,86,02027,70.000,0.000,40.0000,0.00,0.00,0.00,0.00,2800.00,0.00,False
244,86,02291,64.000,0.000,40.0000,0.00,0.00,0.00,0.00,2560.00,0.00,False
246,87,02014,425.000,0.000,440.0000,0.00,0.00,0.00,0.00,187000.00,0.00,False
247,88,01035,2.000,0.000,1350.0000,0.00,0.00,0.00,0.00,2700.00,0.00,False
248,88,01055,10.000,0.000,1550.0000,0.00,0.00,0.00,0.00,15500.00,0.00,False
249,89,01184,30.000,0.000,366.6666,0.00,0.00,0.00,0.00,11000.00,0.00,False
250,90,02047,32.000,0.000,40.0000,0.00,0.00,0.00,0.00,1280.00,0.00,False
254,90,02093,24.000,0.000,40.0000,0.00,0.00,0.00,0.00,960.00,0.00,False
253,90,02164,72.000,0.000,40.0000,0.00,0.00,0.00,0.00,2880.00,0.00,False
252,90,02165,72.000,0.000,40.0000,0.00,0.00,0.00,0.00,2880.00,0.00,False
255,90,02209,24.000,0.000,40.0000,0.00,0.00,0.00,0.00,960.00,0.00,False
251,90,02298,64.000,0.000,40.0000,0.00,0.00,0.00,0.00,2560.00,0.00,False
256,91,02014,425.000,0.000,440.0000,0.00,0.00,0.00,0.00,187000.00,0.00,False
260,92,01008,380.000,0.000,22.5000,0.00,0.00,0.00,0.00,8550.00,0.00,False
259,92,01042,200.000,0.000,170.0000,0.00,0.00,0.00,0.00,34000.00,0.00,False
258,92,01047,150.000,0.000,68.0000,0.00,0.00,0.00,0.00,10200.00,0.00,False
257,92,01182,190.000,0.000,466.8422,0.00,0.00,0.00,0.00,88700.02,0.00,False
261,93,01002,25.000,0.000,280.0000,0.00,0.00,0.00,0.00,7000.00,0.00,False
262,94,02076,80.000,0.000,28.7500,0.00,0.00,0.00,0.00,2300.00,0.00,False
263,95,02006,52.000,0.000,217.0000,0.00,0.00,0.00,0.00,11284.00,0.00,False
264,96,02094,100.000,0.000,40.0000,0.00,0.00,0.00,0.00,4000.00,0.00,False
266,97,01019,3.000,0.000,5000.0000,0.00,0.00,0.00,0.00,15000.00,0.00,False
267,97,01042,50.000,0.000,164.0000,0.00,0.00,0.00,0.00,8200.00,0.00,False
265,97,01075,3.000,0.000,4500.0000,0.00,0.00,0.00,0.00,13500.00,0.00,False
268,98,01184,30.000,0.000,366.6666,0.00,0.00,0.00,0.00,11000.00,0.00,False
269,99,02097,720.000,0.000,185.0000,0.00,0.00,0.00,0.00,133200.00,0.00,False
278,100,01013,25.000,0.000,210.0000,0.00,0.00,0.00,0.00,5250.00,0.00,False
273,100,01031,15.000,0.000,6500.0000,0.00,0.00,0.00,0.00,97500.00,0.00,False
270,100,01038,70.000,0.000,650.0000,0.00,0.00,0.00,0.00,45500.00,0.00,False
271,100,01041,25.000,0.000,650.0000,0.00,0.00,0.00,0.00,16250.00,0.00,False
279,100,01050,5.000,0.000,3100.0000,0.00,0.00,0.00,0.00,15500.00,0.00,False
274,100,01055,6.000,0.000,1550.0000,0.00,0.00,0.00,0.00,9300.00,0.00,False
272,100,01058,15.000,0.000,1450.0000,0.00,0.00,0.00,0.00,21750.00,0.00,False
277,100,01080,1.000,0.000,6200.0000,0.00,0.00,0.00,0.00,6200.00,0.00,False
276,100,01082,5.000,0.000,7200.0000,0.00,0.00,0.00,0.00,36000.00,0.00,False
275,100,01201,20.000,0.000,750.0000,0.00,0.00,0.00,0.00,15000.00,0.00,False
280,101,02004,196.000,0.000,235.0000,0.00,0.00,0.00,0.00,46060.00,0.00,False
281,102,02128,126.000,0.000,1065.0000,0.00,0.00,0.00,0.00,134190.00,0.00,False
286,103,02028,12.000,0.000,40.0000,0.00,0.00,0.00,0.00,480.00,0.00,False
282,103,02031,24.000,0.000,40.0000,0.00,0.00,0.00,0.00,960.00,0.00,False
290,103,02060,4.000,0.000,140.0000,0.00,0.00,0.00,0.00,560.00,0.00,False
288,103,02220,144.000,0.000,40.0000,0.00,0.00,0.00,0.00,5760.00,0.00,False
289,103,02234,6.000,0.000,140.0000,0.00,0.00,0.00,0.00,840.00,0.00,False
287,103,02267,24.000,0.000,40.0000,0.00,0.00,0.00,0.00,960.00,0.00,False
284,103,02272,12.000,0.000,40.0000,0.00,0.00,0.00,0.00,480.00,0.00,False
285,103,02289,12.000,0.000,40.0000,0.00,0.00,0.00,0.00,480.00,0.00,False
283,103,02357,12.000,0.000,40.0000,0.00,0.00,0.00,0.00,480.00,0.00,False
291,103,02420,10.000,0.000,140.0000,0.00,0.00,0.00,0.00,1400.00,0.00,False
292,104,01043,800.000,0.000,13.7500,0.00,0.00,0.00,0.00,11000.00,0.00,False
293,105,02027,100.000,0.000,40.0000,0.00,0.00,0.00,0.00,4000.00,0.00,False
294,105,02440,45.000,0.000,140.0000,0.00,0.00,0.00,0.00,6300.00,0.00,False
295,106,01002,25.000,0.000,200.0000,0.00,0.00,0.00,0.00,5000.00,0.00,False
296,106,01073,25.000,0.000,330.0000,0.00,0.00,0.00,0.00,8250.00,0.00,False
299,107,01018,25.000,0.000,560.0000,0.00,0.00,0.00,0.00,14000.00,0.00,False
298,107,01022,1.000,0.000,4000.0000,0.00,0.00,0.00,0.00,4000.00,0.00,False
297,107,01034,75.000,0.000,560.0000,0.00,0.00,0.00,0.00,42000.00,0.00,False
305,108,00374,15.000,0.000,75.0000,0.00,0.00,0.00,0.00,1125.00,0.00,False
301,108,02058,6.000,0.000,140.0000,0.00,0.00,0.00,0.00,840.00,0.00,False
303,108,02291,64.000,0.000,40.0000,0.00,0.00,0.00,0.00,2560.00,0.00,False
302,108,02329,25.000,0.000,240.0000,0.00,0.00,0.00,0.00,6000.00,0.00,False
304,108,02330,80.000,0.000,80.0000,0.00,0.00,0.00,0.00,6400.00,0.00,False
300,108,02420,10.000,0.000,140.0000,0.00,0.00,0.00,0.00,1400.00,0.00,False
306,108,02438,6.000,0.000,140.0000,0.00,0.00,0.00,0.00,840.00,0.00,False
307,109,01019,3.000,0.000,5000.0000,0.00,0.00,0.00,0.00,15000.00,0.00,False
309,109,01047,150.000,0.000,68.0000,0.00,0.00,0.00,0.00,10200.00,0.00,False
308,109,01075,3.000,0.000,4500.0000,0.00,0.00,0.00,0.00,13500.00,0.00,False
310,110,01002,25.000,0.000,280.0000,0.00,0.00,0.00,0.00,7000.00,0.00,False
312,110,01187,25.000,0.000,400.0000,0.00,0.00,0.00,0.00,10000.00,0.00,False
311,110,01201,15.000,0.000,750.0000,0.00,0.00,0.00,0.00,11250.00,0.00,False
313,111,02054,27.000,0.000,200.0000,0.00,0.00,0.00,0.00,5400.00,0.00,False
314,112,02014,510.000,0.000,440.0000,0.00,0.00,0.00,0.00,224400.00,0.00,False
317,113,02160,386.000,0.000,40.0000,0.00,0.00,0.00,0.00,15440.00,0.00,False
316,113,02245,365.000,0.000,40.0000,0.00,0.00,0.00,0.00,14600.00,0.00,False
315,113,02258,20.000,0.000,140.0000,0.00,0.00,0.00,0.00,2800.00,0.00,False
318,114,01019,1.000,0.000,5500.0000,0.00,0.00,0.00,0.00,5500.00,0.00,False
321,114,01028,60.000,0.000,1650.0000,0.00,0.00,0.00,0.00,99000.00,0.00,False
322,114,01050,25.000,0.000,3100.0000,0.00,0.00,0.00,0.00,77500.00,0.00,False
320,114,01070,1.000,0.000,5000.0000,0.00,0.00,0.00,0.00,5000.00,0.00,False
319,114,01075,1.000,0.000,5500.0000,0.00,0.00,0.00,0.00,5500.00,0.00,False
323,115,01020,595.000,0.000,350.0000,0.00,0.00,0.00,0.00,208250.00,0.00,False
324,115,01184,90.000,0.000,366.6666,0.00,0.00,0.00,0.00,32999.99,0.00,False
334,116,02027,400.000,0.000,20.0000,0.00,0.00,0.00,0.00,8000.00,0.00,False
326,116,02031,60.000,0.000,40.0000,0.00,0.00,0.00,0.00,2400.00,0.00,False
329,116,02220,140.000,0.000,40.0000,0.00,0.00,0.00,0.00,5600.00,0.00,False
332,116,02258,300.000,0.000,40.0000,0.00,0.00,0.00,0.00,12000.00,0.00,False
328,116,02265,140.000,0.000,40.0000,0.00,0.00,0.00,0.00,5600.00,0.00,False
327,116,02346,280.000,0.000,40.0000,0.00,0.00,0.00,0.00,11200.00,0.00,False
325,116,02366,30.000,0.000,40.0000,0.00,0.00,0.00,0.00,1200.00,0.00,False
333,116,02385,400.000,0.000,20.0000,0.00,0.00,0.00,0.00,8000.00,0.00,False
335,116,02405,60.000,0.000,75.0000,0.00,0.00,0.00,0.00,4500.00,0.00,False
330,116,02441,70.000,0.000,40.0000,0.00,0.00,0.00,0.00,2800.00,0.00,False
331,116,02442,140.000,0.000,40.0000,0.00,0.00,0.00,0.00,5600.00,0.00,False
336,117,02014,391.000,0.000,440.0000,0.00,0.00,0.00,0.00,172040.00,0.00,False
337,117,02097,660.000,0.000,230.0000,0.00,0.00,0.00,0.00,151800.00,0.00,False
339,118,01038,105.000,0.000,650.0000,0.00,0.00,0.00,0.00,68250.00,0.00,False
338,118,01060,25.000,0.000,950.0000,0.00,0.00,0.00,0.00,23750.00,0.00,False
340,119,01027,25.000,0.000,400.0000,0.00,0.00,0.00,0.00,10000.00,0.00,False
342,120,02146,22.000,0.000,90.0000,0.00,0.00,0.00,0.00,1980.00,0.00,False
343,120,02266,20.000,0.000,75.0000,0.00,0.00,0.00,0.00,1500.00,0.00,False
341,120,02322,200.000,0.000,40.0000,0.00,0.00,0.00,0.00,8000.00,0.00,False
345,120,02443,90.000,0.000,40.0000,0.00,0.00,0.00,0.00,3600.00,0.00,False
344,121,01047,150.000,0.000,68.0000,0.00,0.00,0.00,0.00,10200.00,0.00,False
346,122,01055,5.000,0.000,1550.0000,0.00,0.00,0.00,0.00,7750.00,0.00,False
347,123,02015,1700.000,0.000,350.0000,0.00,0.00,0.00,0.00,595000.00,0.00,False
348,124,01055,50.000,0.000,1550.0000,0.00,0.00,0.00,0.00,77500.00,0.00,False
352,125,01024,2.000,0.000,5000.0000,0.00,0.00,0.00,0.00,10000.00,0.00,False
351,125,01026,2.000,0.000,5500.0000,0.00,0.00,0.00,0.00,11000.00,0.00,False
350,125,01047,250.000,0.000,74.0000,0.00,0.00,0.00,0.00,18500.00,0.00,False
349,125,01184,120.000,0.000,366.6666,0.00,0.00,0.00,0.00,43999.99,0.00,False
353,126,02026,400.000,0.000,18.0000,0.00,0.00,0.00,0.00,7200.00,0.00,False
354,126,02272,60.000,0.000,40.0000,0.00,0.00,0.00,0.00,2400.00,0.00,False
355,127,02004,71.000,0.000,235.0000,0.00,0.00,0.00,0.00,16685.00,0.00,False
356,128,02004,60.000,0.000,227.0000,0.00,0.00,0.00,0.00,13620.00,0.00,False
357,129,01016,22000.000,0.000,10.0000,0.00,0.00,0.00,0.00,220000.00,0.00,False
358,130,02014,374.000,0.000,440.0000,0.00,0.00,0.00,0.00,164560.00,0.00,False
359,131,01031,6.000,0.000,5500.0000,0.00,0.00,0.00,0.00,33000.00,0.00,False
360,132,01010,25.000,0.000,2800.0000,0.00,0.00,0.00,0.00,70000.00,0.00,False
361,132,01048,25.000,0.000,1400.0000,0.00,0.00,0.00,0.00,35000.00,0.00,False
362,133,02114,1400.000,0.000,25.0000,0.00,0.00,0.00,0.00,35000.00,0.00,False
363,133,02271,65.000,0.000,40.0000,0.00,0.00,0.00,0.00,2600.00,0.00,False
364,133,02429,17.000,0.000,140.0000,0.00,0.00,0.00,0.00,2380.00,0.00,False
365,134,02002,108.000,0.000,198.0000,0.00,0.00,0.00,0.00,21384.00,0.00,False
366,135,02025,80.000,0.000,40.0000,0.00,0.00,0.00,0.00,3200.00,0.00,False
367,136,01003,10000.000,0.000,13.0000,0.00,0.00,0.00,0.00,130000.00,0.00,False
368,137,01035,3.000,0.000,1250.0000,0.00,0.00,0.00,0.00,3750.00,0.00,False
369,138,02314,1500.000,0.000,13.0000,0.00,0.00,0.00,0.00,19500.00,0.00,False
370,139,01015,1000.000,0.000,17.0000,0.00,0.00,0.00,0.00,17000.00,0.00,False
372,140,02412,10.000,0.000,75.0000,0.00,0.00,0.00,0.00,750.00,0.00,False
373,140,02444,80.000,0.000,40.0000,0.00,0.00,0.00,0.00,3200.00,0.00,False
371,140,02445,140.000,0.000,40.0000,0.00,0.00,0.00,0.00,5600.00,0.00,False
374,141,02010,500.000,0.000,8.0000,0.00,0.00,0.00,0.00,4000.00,0.00,False
376,142,01196,20.000,0.000,1250.0000,0.00,0.00,0.00,0.00,25000.00,0.00,False
375,142,01197,1.000,0.000,4500.0000,0.00,0.00,0.00,0.00,4500.00,0.00,False
377,142,01207,1.000,0.000,15500.0000,0.00,0.00,0.00,0.00,15500.00,0.00,False
378,143,01043,600.000,0.000,13.7500,0.00,0.00,0.00,0.00,8250.00,0.00,False
379,144,02041,12.000,0.000,140.0000,0.00,0.00,0.00,0.00,1680.00,0.00,False
380,144,02446,135.000,0.000,40.0000,0.00,0.00,0.00,0.00,5400.00,0.00,False
381,144,02447,135.000,0.000,40.0000,0.00,0.00,0.00,0.00,5400.00,0.00,False
382,145,01047,250.000,0.000,74.0000,0.00,0.00,0.00,0.00,18500.00,0.00,False
383,146,01002,25.000,0.000,280.0000,0.00,0.00,0.00,0.00,7000.00,0.00,False
384,146,01055,25.000,0.000,1550.0000,0.00,0.00,0.00,0.00,38750.00,0.00,False
385,146,01195,50.000,0.000,850.0000,0.00,0.00,0.00,0.00,42500.00,0.00,False
386,147,02043,240.000,0.000,160.0000,0.00,0.00,0.00,0.00,38400.00,0.00,False
387,148,02118,25.000,0.000,251.0000,0.00,0.00,0.00,0.00,6275.00,0.00,False
388,149,01043,1250.000,0.000,13.7500,0.00,0.00,0.00,0.00,17187.50,0.00,False
389,150,01009,25.000,0.000,2200.0000,0.00,0.00,0.00,0.00,55000.00,0.00,False
390,150,01013,25.000,0.000,210.0000,0.00,0.00,0.00,0.00,5250.00,0.00,False
395,151,02421,35.000,0.000,40.0000,0.00,0.00,0.00,0.00,1400.00,0.00,False
391,151,02425,35.000,0.000,40.0000,0.00,0.00,0.00,0.00,1400.00,0.00,False
394,152,02004,85.000,0.000,235.0000,0.00,0.00,0.00,0.00,19975.00,0.00,False
393,152,02006,50.000,0.000,213.0000,0.00,0.00,0.00,0.00,10650.00,0.00,False
397,153,02448,30.000,0.000,100.0000,0.00,0.00,0.00,0.00,3000.00,0.00,False
398,154,02097,60.000,0.000,230.0000,0.00,0.00,0.00,0.00,13800.00,0.00,False
399,155,02010,600.000,0.000,8.0000,0.00,0.00,0.00,0.00,4800.00,0.00,False
400,156,01044,25.000,0.000,128.0000,0.00,0.00,0.00,0.00,3200.00,0.00,False
401,157,02097,540.000,0.000,230.0000,0.00,0.00,0.00,0.00,124200.00,0.00,False
402,158,02010,500.000,0.000,8.0000,0.00,0.00,0.00,0.00,4000.00,0.00,False
403,159,01038,25.000,0.000,650.0000,0.00,0.00,0.00,0.00,16250.00,0.00,False
404,160,01073,25.000,0.000,400.0000,0.00,0.00,0.00,0.00,10000.00,0.00,False
408,161,02092,15.000,0.000,40.0000,0.00,0.00,0.00,0.00,600.00,0.00,False
407,161,02141,32.000,0.000,40.0000,0.00,0.00,0.00,0.00,1280.00,0.00,False
405,161,02166,64.000,0.000,40.0000,0.00,0.00,0.00,0.00,2560.00,0.00,False
409,161,02272,20.000,0.000,40.0000,0.00,0.00,0.00,0.00,800.00,0.00,False
406,161,02305,56.000,0.000,40.0000,0.00,0.00,0.00,0.00,2240.00,0.00,False
411,162,01041,25.000,0.000,560.0000,0.00,0.00,0.00,0.00,14000.00,0.00,False
410,162,01058,20.000,0.000,1450.0000,0.00,0.00,0.00,0.00,29000.00,0.00,False
412,163,01047,50.000,0.000,68.0000,0.00,0.00,0.00,0.00,3400.00,0.00,False
413,164,01050,25.000,0.000,3100.0000,0.00,0.00,0.00,0.00,77500.00,0.00,False
414,165,01047,50.000,0.000,70.0000,0.00,0.00,0.00,0.00,3500.00,0.00,False
415,166,02329,25.000,0.000,120.0000,0.00,0.00,0.00,0.00,3000.00,0.00,False
420,166,02330,160.000,0.000,40.0000,0.00,0.00,0.00,0.00,6400.00,0.00,False
417,166,02334,60.000,0.000,40.0000,0.00,0.00,0.00,0.00,2400.00,0.00,False
419,166,02337,40.000,0.000,40.0000,0.00,0.00,0.00,0.00,1600.00,0.00,False
421,166,02341,1035.000,0.000,33.0000,0.00,0.00,0.00,0.00,34155.00,0.00,False
418,166,02342,60.000,0.000,40.0000,0.00,0.00,0.00,0.00,2400.00,0.00,False
416,166,02345,24.000,0.000,90.0000,0.00,0.00,0.00,0.00,2160.00,0.00,False
422,167,02014,116.000,0.000,440.0000,0.00,0.00,0.00,0.00,51040.00,0.00,False
423,168,02004,300.000,0.000,235.0000,0.00,0.00,0.00,0.00,70500.00,0.00,False
424,169,01047,600.000,0.000,72.0000,0.00,0.00,0.00,0.00,43200.00,0.00,False
425,170,01019,6.000,0.000,5000.0000,0.00,0.00,0.00,0.00,30000.00,0.00,False
426,170,01075,5.000,0.000,5000.0000,0.00,0.00,0.00,0.00,25000.00,0.00,False
427,170,02448,20.000,0.000,190.0000,0.00,0.00,0.00,0.00,3800.00,0.00,False
428,171,01031,25.000,0.000,6500.0000,0.00,0.00,0.00,0.00,162500.00,0.00,False
430,171,01045,275.000,0.000,350.0000,0.00,0.00,0.00,0.00,96250.00,0.00,False
431,171,01055,15.000,0.000,1550.0000,0.00,0.00,0.00,0.00,23250.00,0.00,False
429,171,01189,50.000,0.000,650.0000,0.00,0.00,0.00,0.00,32500.00,0.00,False
432,172,02140,50.000,0.000,1100.0000,0.00,0.00,0.00,0.00,55000.00,0.00,False
433,173,01201,60.000,0.000,750.0000,0.00,0.00,0.00,0.00,45000.00,0.00,False
434,174,01044,25.000,0.000,128.0000,0.00,0.00,0.00,0.00,3200.00,0.00,False
435,174,01184,30.000,0.000,367.0000,0.00,0.00,0.00,0.00,11010.00,0.00,False
436,175,01114,2000.000,0.000,17.0000,0.00,0.00,0.00,0.00,34000.00,0.00,False
530,176,02210,50.000,0.000,40.0000,0.00,0.00,0.00,0.00,2000.00,0.00,False
440,176,02216,50.000,0.000,40.0000,0.00,0.00,0.00,0.00,2000.00,0.00,False
441,176,02268,20.000,0.000,90.0000,0.00,0.00,0.00,0.00,1800.00,0.00,False
438,176,02348,50.000,0.000,40.0000,0.00,0.00,0.00,0.00,2000.00,0.00,False
437,176,02350,60.000,0.000,40.0000,0.00,0.00,0.00,0.00,2400.00,0.00,False
442,176,02351,20.000,0.000,140.0000,0.00,0.00,0.00,0.00,2800.00,0.00,False
444,177,01044,50.000,0.000,128.0000,0.00,0.00,0.00,0.00,6400.00,0.00,False
443,177,01047,350.000,0.000,72.0000,0.00,0.00,0.00,0.00,25200.00,0.00,False
450,178,02129,6.000,0.000,75.0000,0.00,0.00,0.00,0.00,450.00,0.00,False
448,178,02200,120.000,0.000,40.0000,0.00,0.00,0.00,0.00,4800.00,0.00,False
446,178,02220,135.000,0.000,40.0000,0.00,0.00,0.00,0.00,5400.00,0.00,False
531,178,02234,20.000,0.000,140.0000,0.00,0.00,0.00,0.00,2800.00,0.00,False
452,178,02274,508.000,0.000,100.0000,0.00,0.00,0.00,0.00,50800.00,0.00,False
447,178,02349,55.000,0.000,40.0000,0.00,0.00,0.00,0.00,2200.00,0.00,False
451,178,02351,25.000,0.000,140.0000,0.00,0.00,0.00,0.00,3500.00,0.00,False
449,178,02374,320.000,0.000,40.0000,0.00,0.00,0.00,0.00,12800.00,0.00,False
445,178,02395,55.000,0.000,40.0000,0.00,0.00,0.00,0.00,2200.00,0.00,False
455,180,02351,25.000,0.000,140.0000,0.00,0.00,0.00,0.00,3500.00,0.00,False
456,180,02385,1240.000,0.000,18.0000,0.00,0.00,0.00,0.00,22320.00,0.00,False
457,181,01038,70.000,0.000,650.0000,0.00,0.00,0.00,0.00,45500.00,0.00,False
458,182,02140,20.000,0.000,1100.0000,0.00,0.00,0.00,0.00,22000.00,0.00,False
459,183,02014,170.000,0.000,440.0000,0.00,0.00,0.00,0.00,74800.00,0.00,False
460,184,01009,50.000,0.000,2200.0000,0.00,0.00,0.00,0.00,110000.00,0.00,False
463,184,01013,25.000,0.000,220.0000,0.00,0.00,0.00,0.00,5500.00,0.00,False
461,184,01021,30.000,0.000,340.0000,0.00,0.00,0.00,0.00,10200.00,0.00,False
464,184,01060,25.000,0.000,950.0000,0.00,0.00,0.00,0.00,23750.00,0.00,False
462,184,01115,25.000,0.000,650.0000,0.00,0.00,0.00,0.00,16250.00,0.00,False
466,185,01020,70.000,0.000,312.0000,0.00,0.00,0.00,0.00,21840.00,0.00,False
465,185,01042,50.000,0.000,167.0000,0.00,0.00,0.00,0.00,8350.00,0.00,False
467,186,02443,80.000,0.000,80.0000,0.00,0.00,0.00,0.00,6400.00,0.00,False
469,187,02449,22.000,0.000,180.0000,0.00,0.00,0.00,0.00,3960.00,0.00,False
534,187,02457,20.000,0.000,80.0000,0.00,0.00,0.00,0.00,1600.00,0.00,False
470,188,01043,1600.000,0.000,13.7500,0.00,0.00,0.00,0.00,22000.00,0.00,False
472,189,01003,10000.000,0.000,13.0000,0.00,0.00,0.00,0.00,130000.00,0.00,False
471,189,01186,30.000,0.000,70.0000,0.00,0.00,0.00,0.00,2100.00,0.00,False
473,190,02097,240.000,0.000,230.0000,0.00,0.00,0.00,0.00,55200.00,0.00,False
475,191,02031,15.000,0.000,40.0000,0.00,0.00,0.00,0.00,600.00,0.00,False
474,191,02034,506.000,0.000,100.0000,0.00,0.00,0.00,0.00,50600.00,0.00,False
535,191,02148,12.000,0.000,140.0000,0.00,0.00,0.00,0.00,1680.00,0.00,False
482,191,02201,15.000,0.000,40.0000,0.00,0.00,0.00,0.00,600.00,0.00,False
485,191,02234,6.000,0.000,140.0000,0.00,0.00,0.00,0.00,840.00,0.00,False
477,191,02237,15.000,0.000,40.0000,0.00,0.00,0.00,0.00,600.00,0.00,False
476,191,02271,15.000,0.000,40.0000,0.00,0.00,0.00,0.00,600.00,0.00,False
480,191,02272,30.000,0.000,40.0000,0.00,0.00,0.00,0.00,1200.00,0.00,False
484,191,02288,30.000,0.000,140.0000,0.00,0.00,0.00,0.00,4200.00,0.00,False
479,191,02291,15.000,0.000,40.0000,0.00,0.00,0.00,0.00,600.00,0.00,False
478,191,02297,15.000,0.000,40.0000,0.00,0.00,0.00,0.00,600.00,0.00,False
483,191,02357,15.000,0.000,40.0000,0.00,0.00,0.00,0.00,600.00,0.00,False
481,191,02395,15.000,0.000,40.0000,0.00,0.00,0.00,0.00,600.00,0.00,False
489,192,01047,50.000,0.000,72.0000,0.00,0.00,0.00,0.00,3600.00,0.00,False
487,192,02010,2000.000,0.000,8.0000,0.00,0.00,0.00,0.00,16000.00,0.00,False
488,192,02314,2000.000,0.000,13.0000,0.00,0.00,0.00,0.00,26000.00,0.00,False
491,193,02009,600.000,0.000,20.0000,0.00,0.00,0.00,0.00,12000.00,0.00,False
490,193,02014,340.000,0.000,440.0000,0.00,0.00,0.00,0.00,149600.00,0.00,False
492,194,02004,156.000,0.000,235.0000,0.00,0.00,0.00,0.00,36660.00,0.00,False
493,195,01015,10000.000,0.000,17.0000,0.00,0.00,0.00,0.00,170000.00,0.00,False
494,196,02014,204.000,0.000,440.0000,0.00,0.00,0.00,0.00,89760.00,0.00,False
495,196,02097,300.000,0.000,230.0000,0.00,0.00,0.00,0.00,69000.00,0.00,False
496,197,01015,2500.000,0.000,17.0000,0.00,0.00,0.00,0.00,42500.00,0.00,False
498,198,02067,16.000,0.000,40.0000,0.00,0.00,0.00,0.00,640.00,0.00,False
497,198,02265,32.000,0.000,40.0000,0.00,0.00,0.00,0.00,1280.00,0.00,False
502,198,02346,60.000,0.000,40.0000,0.00,0.00,0.00,0.00,2400.00,0.00,False
505,198,02423,20.000,0.000,40.0000,0.00,0.00,0.00,0.00,800.00,0.00,False
504,198,02427,20.000,0.000,40.0000,0.00,0.00,0.00,0.00,800.00,0.00,False
503,198,02428,10.000,0.000,40.0000,0.00,0.00,0.00,0.00,400.00,0.00,False
499,198,02431,32.000,0.000,40.0000,0.00,0.00,0.00,0.00,1280.00,0.00,False
506,198,02439,20.000,0.000,40.0000,0.00,0.00,0.00,0.00,800.00,0.00,False
500,198,02440,20.000,0.000,140.0000,0.00,0.00,0.00,0.00,2800.00,0.00,False
539,198,02458,20.000,0.000,140.0000,0.00,0.00,0.00,0.00,2800.00,0.00,False
507,199,02006,48.000,0.000,213.0000,0.00,0.00,0.00,0.00,10224.00,0.00,False
508,200,01114,2500.000,0.000,17.0000,0.00,0.00,0.00,0.00,42500.00,0.00,False
509,201,01193,2.000,0.000,1150.0000,0.00,0.00,0.00,0.00,2300.00,0.00,False
510,202,01114,2500.000,0.000,17.0000,0.00,0.00,0.00,0.00,42500.00,0.00,False
511,203,02014,170.000,0.000,440.0000,0.00,0.00,0.00,0.00,74800.00,0.00,False
512,204,02097,120.000,0.000,230.0000,0.00,0.00,0.00,0.00,27600.00,0.00,False
513,205,02010,1000.000,0.000,8.0000,0.00,0.00,0.00,0.00,8000.00,0.00,False
514,206,02163,30.000,0.000,40.0000,0.00,0.00,0.00,0.00,1200.00,0.00,False
515,207,02237,30.000,0.000,40.0000,0.00,0.00,0.00,0.00,1200.00,0.00,False
516,208,02297,55.000,0.000,40.0000,0.00,0.00,0.00,0.00,2200.00,0.00,False
517,209,02214,20.000,0.000,140.0000,0.00,0.00,0.00,0.00,2800.00,0.00,False
518,210,02146,20.000,0.000,90.0000,0.00,0.00,0.00,0.00,1800.00,0.00,False
519,211,02125,2075.000,0.000,33.0000,0.00,0.00,0.00,0.00,68475.00,0.00,False
520,212,01038,35.000,0.000,650.0000,0.00,0.00,0.00,0.00,22750.00,0.00,False
521,213,01184,60.000,0.000,367.0000,0.00,0.00,0.00,0.00,22020.00,0.00,False
522,214,01027,50.000,0.000,400.0000,0.00,0.00,0.00,0.00,20000.00,0.00,False
523,215,01009,50.000,0.000,2200.0000,0.00,0.00,0.00,0.00,110000.00,0.00,False
524,216,01186,30.000,0.000,70.0000,0.00,0.00,0.00,0.00,2100.00,0.00,False
540,217,02459,70.000,0.000,40.0000,0.00,0.00,0.00,0.00,2800.00,0.00,False
526,218,02452,70.000,0.000,40.0000,0.00,0.00,0.00,0.00,2800.00,0.00,False
527,219,02453,70.000,0.000,40.0000,0.00,0.00,0.00,0.00,2800.00,0.00,False
528,220,02454,50.000,0.000,80.0000,0.00,0.00,0.00,0.00,4000.00,0.00,False
529,221,02455,50.000,0.000,80.0000,0.00,0.00,0.00,0.00,4000.00,0.00,False
532,222,01055,25.000,0.000,1550.0000,0.00,0.00,0.00,0.00,38750.00,0.00,False
533,222,01208,0.100,0.000,55000.0000,0.00,0.00,0.00,0.00,5500.00,0.00,False
536,223,01002,50.000,0.000,280.0000,0.00,0.00,0.00,0.00,14000.00,0.00,False
538,223,01034,50.000,0.000,560.0000,0.00,0.00,0.00,0.00,28000.00,0.00,False
537,223,01073,25.000,0.000,370.0000,0.00,0.00,0.00,0.00,9250.00,0.00,False
541,224,02014,204.000,0.000,440.0000,0.00,0.00,0.00,0.00,89760.00,0.00,False
542,225,02004,39.000,0.000,227.0000,0.00,0.00,0.00,0.00,8853.00,0.00,False
543,226,01044,50.000,0.000,128.0000,0.00,0.00,0.00,0.00,6400.00,0.00,False
544,227,02015,150.000,0.000,350.0000,0.00,0.00,0.00,0.00,52500.00,0.00,False
545,228,02126,40.000,0.000,140.0000,0.00,0.00,0.00,0.00,5600.00,0.00,False
546,229,01044,25.000,0.000,128.0000,0.00,0.00,0.00,0.00,3200.00,0.00,False
549,230,02031,30.000,0.000,40.0000,0.00,0.00,0.00,0.00,1200.00,0.00,False
547,230,02091,64.000,0.000,40.0000,0.00,0.00,0.00,0.00,2560.00,0.00,False
548,230,02293,15.000,0.000,40.0000,0.00,0.00,0.00,0.00,600.00,0.00,False
550,230,02457,55.000,0.000,80.0000,0.00,0.00,0.00,0.00,4400.00,0.00,False
552,230,02460,30.000,0.000,40.0000,0.00,0.00,0.00,0.00,1200.00,0.00,False
551,231,01020,140.000,0.000,312.0000,0.00,0.00,0.00,0.00,43680.00,0.00,False
553,232,02014,255.000,0.000,440.0000,0.00,0.00,0.00,0.00,112200.00,0.00,False
554,233,02146,40.000,0.000,90.0000,0.00,0.00,0.00,0.00,3600.00,0.00,False
555,233,02151,1008.000,0.000,33.0000,0.00,0.00,0.00,0.00,33264.00,0.00,False
558,233,02461,150.000,0.000,40.0000,0.00,0.00,0.00,0.00,6000.00,0.00,False
556,234,02014,300.000,0.000,440.0000,0.00,0.00,0.00,0.00,132000.00,0.00,False
557,235,02128,300.000,0.000,1070.0000,0.00,0.00,0.00,0.00,321000.00,0.00,False
559,236,01044,100.000,0.000,128.0000,0.00,0.00,0.00,0.00,12800.00,0.00,False
560,237,02311,200.000,0.000,2050.0000,0.00,0.00,0.00,0.00,410000.00,0.00,False
561,238,01015,10000.000,0.000,17.0000,0.00,0.00,0.00,0.00,170000.00,0.00,False
562,239,02004,195.000,0.000,235.0000,0.00,0.00,0.00,0.00,45825.00,0.00,False
563,239,02006,104.000,0.000,100.0000,0.00,0.00,0.00,0.00,10400.00,0.00,False
564,240,01041,25.000,0.000,560.0000,0.00,0.00,0.00,0.00,14000.00,0.00,False
565,240,01058,25.000,0.000,1400.0000,0.00,0.00,0.00,0.00,35000.00,0.00,False
566,240,01209,2.000,0.000,3500.0000,0.00,0.00,0.00,0.00,7000.00,0.00,False
567,241,02059,103.000,0.000,176.0000,0.00,0.00,0.00,0.00,18128.00,0.00,False
568,242,02097,360.000,0.000,230.0000,0.00,0.00,0.00,0.00,82800.00,0.00,False
569,243,02323,32.000,0.000,40.0000,0.00,0.00,0.00,0.00,1280.00,0.00,False
570,244,01003,1000.000,0.000,14.0000,0.00,0.00,0.00,0.00,14000.00,0.00,False
571,245,01042,50.000,0.000,165.0000,0.00,0.00,0.00,0.00,8250.00,0.00,False
572,245,01044,25.000,0.000,128.0000,0.00,0.00,0.00,0.00,3200.00,0.00,False
573,246,02010,4700.000,0.000,7.8000,0.00,0.00,0.00,0.00,36660.00,0.00,False
577,247,01004,25.000,0.000,400.0000,0.00,0.00,0.00,0.00,10000.00,0.00,False
581,247,01010,25.000,0.000,2800.0000,0.00,0.00,0.00,0.00,70000.00,0.00,False
575,247,01021,30.000,0.000,340.0000,0.00,0.00,0.00,0.00,10200.00,0.00,False
576,247,01028,30.000,0.000,1650.0000,0.00,0.00,0.00,0.00,49500.00,0.00,False
574,247,01038,35.000,0.000,650.0000,0.00,0.00,0.00,0.00,22750.00,0.00,False
578,247,01055,25.000,0.000,1550.0000,0.00,0.00,0.00,0.00,38750.00,0.00,False
580,247,01057,5.000,0.000,12500.0000,0.00,0.00,0.00,0.00,62500.00,0.00,False
579,247,01072,10.000,0.000,9000.0000,0.00,0.00,0.00,0.00,90000.00,0.00,False
582,247,01074,2.000,0.000,4000.0000,0.00,0.00,0.00,0.00,8000.00,0.00,False
583,248,02002,20.000,0.000,208.0000,0.00,0.00,0.00,0.00,4160.00,0.00,False
590,249,02443,80.000,0.000,80.0000,0.00,0.00,0.00,0.00,6400.00,0.00,False
584,249,02462,30.000,0.000,60.0000,0.00,0.00,0.00,0.00,1800.00,0.00,False
585,249,02463,30.000,0.000,60.0000,0.00,0.00,0.00,0.00,1800.00,0.00,False
586,249,02464,30.000,0.000,60.0000,0.00,0.00,0.00,0.00,1800.00,0.00,False
587,249,02465,30.000,0.000,60.0000,0.00,0.00,0.00,0.00,1800.00,0.00,False
588,249,02466,30.000,0.000,60.0000,0.00,0.00,0.00,0.00,1800.00,0.00,False
589,249,02467,32.000,0.000,40.0000,0.00,0.00,0.00,0.00,1280.00,0.00,False
591,250,01047,50.000,0.000,66.0000,0.00,0.00,0.00,0.00,3300.00,0.00,False
593,250,01184,25.000,0.000,367.0000,0.00,0.00,0.00,0.00,9175.00,0.00,False
592,250,01193,5.000,0.000,710.0000,0.00,0.00,0.00,0.00,3550.00,0.00,False
594,251,01002,25.000,0.000,280.0000,0.00,0.00,0.00,0.00,7000.00,0.00,False
595,251,01027,25.000,0.000,400.0000,0.00,0.00,0.00,0.00,10000.00,0.00,False
597,252,02146,25.000,0.000,75.0000,0.00,0.00,0.00,0.00,1875.00,0.00,False
596,252,02200,64.000,0.000,40.0000,0.00,0.00,0.00,0.00,2560.00,0.00,False
598,253,02010,1300.000,0.000,7.8000,0.00,0.00,0.00,0.00,10140.00,0.00,False
599,254,02009,1200.000,0.000,20.0000,0.00,0.00,0.00,0.00,24000.00,0.00,False
600,255,01003,10000.000,0.000,13.0000,0.00,0.00,0.00,0.00,130000.00,0.00,False
601,256,02097,600.000,0.000,230.0000,0.00,0.00,0.00,0.00,138000.00,0.00,False
602,257,01043,400.000,0.000,13.7500,0.00,0.00,0.00,0.00,5500.00,0.00,False
603,258,01027,25.000,0.000,400.0000,0.00,0.00,0.00,0.00,10000.00,0.00,False
605,259,01043,400.000,0.000,13.7500,0.00,0.00,0.00,0.00,5500.00,0.00,False
604,259,01184,90.000,0.000,367.0000,0.00,0.00,0.00,0.00,33030.00,0.00,False
606,260,02014,340.000,0.000,440.0000,0.00,0.00,0.00,0.00,149600.00,0.00,False
610,261,02258,220.000,0.000,40.0000,0.00,0.00,0.00,0.00,8800.00,0.00,False
612,261,02272,25.000,0.000,40.0000,0.00,0.00,0.00,0.00,1000.00,0.00,False
607,261,02274,515.000,0.000,100.0000,0.00,0.00,0.00,0.00,51500.00,0.00,False
608,261,02346,325.000,0.000,40.0000,0.00,0.00,0.00,0.00,13000.00,0.00,False
609,261,02385,1275.000,0.000,18.0000,0.00,0.00,0.00,0.00,22950.00,0.00,False
611,261,02440,10.000,0.000,190.0000,0.00,0.00,0.00,0.00,1900.00,0.00,False
613,262,02004,200.000,0.000,235.0000,0.00,0.00,0.00,0.00,47000.00,0.00,False
614,263,02014,357.000,0.000,440.0000,0.00,0.00,0.00,0.00,157080.00,0.00,False
615,263,02097,120.000,0.000,230.0000,0.00,0.00,0.00,0.00,27600.00,0.00,False
616,264,01060,25.000,0.000,950.0000,0.00,0.00,0.00,0.00,23750.00,0.00,False
617,265,01193,5.000,0.000,950.0000,0.00,0.00,0.00,0.00,4750.00,0.00,False
618,266,02054,20.000,0.000,190.0000,0.00,0.00,0.00,0.00,3800.00,0.00,False
625,266,02129,12.000,0.000,75.0000,0.00,0.00,0.00,0.00,900.00,0.00,False
624,266,02271,55.000,0.000,40.0000,0.00,0.00,0.00,0.00,2200.00,0.00,False
623,266,02297,70.000,0.000,40.0000,0.00,0.00,0.00,0.00,2800.00,0.00,False
619,266,02443,55.000,0.000,80.0000,0.00,0.00,0.00,0.00,4400.00,0.00,False
620,266,02455,80.000,0.000,80.0000,0.00,0.00,0.00,0.00,6400.00,0.00,False
622,266,02457,80.000,0.000,80.0000,0.00,0.00,0.00,0.00,6400.00,0.00,False
621,266,02459,135.000,0.000,40.0000,0.00,0.00,0.00,0.00,5400.00,0.00,False
626,267,02468,135.000,0.000,40.0000,0.00,0.00,0.00,0.00,5400.00,0.00,False
627,267,02469,135.000,0.000,40.0000,0.00,0.00,0.00,0.00,5400.00,0.00,False
628,267,02470,30.000,0.000,40.0000,0.00,0.00,0.00,0.00,1200.00,0.00,False
629,267,02471,12.000,0.000,140.0000,0.00,0.00,0.00,0.00,1680.00,0.00,False
630,267,02472,12.000,0.000,140.0000,0.00,0.00,0.00,0.00,1680.00,0.00,False
632,268,01044,25.000,0.000,128.0000,0.00,0.00,0.00,0.00,3200.00,0.00,False
631,268,01184,30.000,0.000,367.0000,0.00,0.00,0.00,0.00,11010.00,0.00,False
633,269,01002,25.000,0.000,280.0000,0.00,0.00,0.00,0.00,7000.00,0.00,False
635,270,02147,50.000,0.000,40.0000,0.00,0.00,0.00,0.00,2000.00,0.00,False
636,270,02210,50.000,0.000,40.0000,0.00,0.00,0.00,0.00,2000.00,0.00,False
634,270,02267,50.000,0.000,40.0000,0.00,0.00,0.00,0.00,2000.00,0.00,False
637,270,02343,50.000,0.000,40.0000,0.00,0.00,0.00,0.00,2000.00,0.00,False
638,271,01043,2000.000,0.000,13.7500,0.00,0.00,0.00,0.00,27500.00,0.00,False
639,272,02054,35.000,0.000,190.0000,0.00,0.00,0.00,0.00,6650.00,0.00,False
640,273,02055,26.000,0.000,140.0000,0.00,0.00,0.00,0.00,3640.00,0.00,False
642,274,01044,50.000,0.000,128.0000,0.00,0.00,0.00,0.00,6400.00,0.00,False
641,274,01184,60.000,0.000,367.0000,0.00,0.00,0.00,0.00,22020.00,0.00,False
643,275,02014,340.000,0.000,440.0000,0.00,0.00,0.00,0.00,149600.00,0.00,False
644,276,02004,40.000,0.000,227.0000,0.00,0.00,0.00,0.00,9080.00,0.00,False
645,277,02026,150.000,0.000,30.0000,0.00,0.00,0.00,0.00,4500.00,0.00,False
648,277,02041,12.000,0.000,120.0000,0.00,0.00,0.00,0.00,1440.00,0.00,False
646,277,02163,30.000,0.000,40.0000,0.00,0.00,0.00,0.00,1200.00,0.00,False
647,277,02168,200.000,0.000,40.0000,0.00,0.00,0.00,0.00,8000.00,0.00,False
665,277,02213,1000.000,0.000,168.0000,0.00,0.00,0.00,0.00,168000.00,0.00,False
649,277,02219,20.000,0.000,120.0000,0.00,0.00,0.00,0.00,2400.00,0.00,False
667,277,02277,1030.000,0.000,168.0000,0.00,0.00,0.00,0.00,173040.00,0.00,False
661,277,02291,50.000,0.000,40.0000,0.00,0.00,0.00,0.00,2000.00,0.00,False
666,277,02307,1040.000,0.000,168.0000,0.00,0.00,0.00,0.00,174720.00,0.00,False
650,277,02329,20.000,0.000,240.0000,0.00,0.00,0.00,0.00,4800.00,0.00,False
655,277,02330,160.000,0.000,80.0000,0.00,0.00,0.00,0.00,12800.00,0.00,False
660,277,02331,72.000,0.000,40.0000,0.00,0.00,0.00,0.00,2880.00,0.00,False
652,277,02332,55.000,0.000,80.0000,0.00,0.00,0.00,0.00,4400.00,0.00,False
653,277,02334,55.000,0.000,80.0000,0.00,0.00,0.00,0.00,4400.00,0.00,False
657,277,02336,55.000,0.000,80.0000,0.00,0.00,0.00,0.00,4400.00,0.00,False
654,277,02337,55.000,0.000,80.0000,0.00,0.00,0.00,0.00,4400.00,0.00,False
656,277,02342,55.000,0.000,80.0000,0.00,0.00,0.00,0.00,4400.00,0.00,False
651,277,02345,20.000,0.000,75.0000,0.00,0.00,0.00,0.00,1500.00,0.00,False
658,277,02435,30.000,0.000,80.0000,0.00,0.00,0.00,0.00,2400.00,0.00,False
659,277,02436,30.000,0.000,80.0000,0.00,0.00,0.00,0.00,2400.00,0.00,False
662,278,01046,25.000,0.000,10500.0000,0.00,0.00,0.00,0.00,262500.00,0.00,False
663,278,01053,5.000,0.000,14500.0000,0.00,0.00,0.00,0.00,72500.00,0.00,False
664,278,01054,10.000,0.000,16500.0000,0.00,0.00,0.00,0.00,165000.00,0.00,False
668,279,01016,17180.000,0.000,10.0000,0.00,0.00,0.00,0.00,171800.00,0.00,False
669,280,02014,306.000,0.000,440.0000,0.00,0.00,0.00,0.00,134640.00,0.00,False
670,281,02004,155.000,0.000,235.0000,0.00,0.00,0.00,0.00,36425.00,0.00,False
671,281,02059,10.000,0.000,176.0000,0.00,0.00,0.00,0.00,1760.00,0.00,False
672,282,01019,6.000,0.000,5200.0000,0.00,0.00,0.00,0.00,31200.00,0.00,False
673,282,01075,6.000,0.000,4700.0000,0.00,0.00,0.00,0.00,28200.00,0.00,False
674,283,02173,20.000,0.000,190.0000,0.00,0.00,0.00,0.00,3800.00,0.00,False
678,284,01010,25.000,0.000,2800.0000,0.00,0.00,0.00,0.00,70000.00,0.00,False
679,284,01013,25.000,0.000,260.0000,0.00,0.00,0.00,0.00,6500.00,0.00,False
684,284,01031,25.000,0.000,6500.0000,0.00,0.00,0.00,0.00,162500.00,0.00,False
677,284,01038,35.000,0.000,650.0000,0.00,0.00,0.00,0.00,22750.00,0.00,False
680,284,01041,25.000,0.000,560.0000,0.00,0.00,0.00,0.00,14000.00,0.00,False
676,284,01055,25.000,0.000,1550.0000,0.00,0.00,0.00,0.00,38750.00,0.00,False
686,284,01057,10.000,0.000,12500.0000,0.00,0.00,0.00,0.00,125000.00,0.00,False
681,284,01058,25.000,0.000,1450.0000,0.00,0.00,0.00,0.00,36250.00,0.00,False
685,284,01080,5.000,0.000,5800.0000,0.00,0.00,0.00,0.00,29000.00,0.00,False
675,284,01143,50.000,0.000,3400.0000,0.00,0.00,0.00,0.00,170000.00,0.00,False
683,284,01189,70.000,0.000,700.0000,0.00,0.00,0.00,0.00,49000.00,0.00,False
682,284,01201,90.000,0.000,750.0000,0.00,0.00,0.00,0.00,67500.00,0.00,False
687,285,02004,44.000,0.000,235.0000,0.00,0.00,0.00,0.00,10340.00,0.00,False
688,286,02097,60.000,0.000,230.0000,0.00,0.00,0.00,0.00,13800.00,0.00,False
689,287,01184,60.000,0.000,367.0000,0.00,0.00,0.00,0.00,22020.00,0.00,False
690,288,02358,6.000,0.000,140.0000,0.00,0.00,0.00,0.00,840.00,0.00,False
691,289,02473,15.000,0.000,40.0000,0.00,0.00,0.00,0.00,600.00,0.00,False
692,289,02475,15.000,0.000,40.0000,0.00,0.00,0.00,0.00,600.00,0.00,False
695,289,02476,15.000,0.000,40.0000,0.00,0.00,0.00,0.00,600.00,0.00,False
693,289,02477,15.000,0.000,40.0000,0.00,0.00,0.00,0.00,600.00,0.00,False
694,289,02478,15.000,0.000,40.0000,0.00,0.00,0.00,0.00,600.00,0.00,False
696,290,02316,5300.000,0.000,7.2500,0.00,0.00,0.00,0.00,38425.00,0.00,False
697,291,01015,2750.000,0.000,17.0000,0.00,0.00,0.00,0.00,46750.00,0.00,False
698,292,01042,50.000,0.000,169.0000,0.00,0.00,0.00,0.00,8450.00,0.00,False
702,293,01019,1.000,0.000,5200.0000,0.00,0.00,0.00,0.00,5200.00,0.00,False
701,293,01020,140.000,0.000,312.0000,0.00,0.00,0.00,0.00,43680.00,0.00,False
700,293,01036,215.000,0.000,650.0000,0.00,0.00,0.00,0.00,139750.00,0.00,False
699,293,01045,275.000,0.000,285.0000,0.00,0.00,0.00,0.00,78375.00,0.00,False
704,293,01070,1.000,0.000,5000.0000,0.00,0.00,0.00,0.00,5000.00,0.00,False
703,293,01075,1.000,0.000,4600.0000,0.00,0.00,0.00,0.00,4600.00,0.00,False
705,294,02014,255.000,0.000,440.0000,0.00,0.00,0.00,0.00,112200.00,0.00,False
706,294,02097,360.000,0.000,230.0000,0.00,0.00,0.00,0.00,82800.00,0.00,False
707,295,02004,10.000,0.000,225.0000,0.00,0.00,0.00,0.00,2250.00,0.00,False
720,296,02127,1000.000,0.000,33.0000,0.00,0.00,0.00,0.00,33000.00,0.00,False
714,296,02129,10.000,0.000,75.0000,0.00,0.00,0.00,0.00,750.00,0.00,False
712,296,02163,55.000,0.000,40.0000,0.00,0.00,0.00,0.00,2200.00,0.00,False
711,296,02268,20.000,0.000,75.0000,0.00,0.00,0.00,0.00,1500.00,0.00,False
710,296,02410,55.000,0.000,80.0000,0.00,0.00,0.00,0.00,4400.00,0.00,False
713,296,02427,25.000,0.000,40.0000,0.00,0.00,0.00,0.00,1000.00,0.00,False
717,296,02462,30.000,0.000,40.0000,0.00,0.00,0.00,0.00,1200.00,0.00,False
716,296,02463,30.000,0.000,40.0000,0.00,0.00,0.00,0.00,1200.00,0.00,False
719,296,02464,30.000,0.000,40.0000,0.00,0.00,0.00,0.00,1200.00,0.00,False
715,296,02465,30.000,0.000,40.0000,0.00,0.00,0.00,0.00,1200.00,0.00,False
718,296,02466,30.000,0.000,40.0000,0.00,0.00,0.00,0.00,1200.00,0.00,False
709,296,02467,30.000,0.000,40.0000,0.00,0.00,0.00,0.00,1200.00,0.00,False
721,296,02479,5.000,0.000,75.0000,0.00,0.00,0.00,0.00,375.00,0.00,False
722,297,01043,800.000,0.000,13.7500,0.00,0.00,0.00,0.00,11000.00,0.00,False
723,298,02014,170.000,0.000,440.0000,0.00,0.00,0.00,0.00,74800.00,0.00,False
724,299,02059,92.000,0.000,166.0000,0.00,0.00,0.00,0.00,15272.00,0.00,False
726,300,01003,750.000,0.000,15.0000,0.00,0.00,0.00,0.00,11250.00,0.00,False
725,300,01015,10000.000,0.000,17.0000,0.00,0.00,0.00,0.00,170000.00,0.00,False
727,301,02041,10.000,0.000,140.0000,0.00,0.00,0.00,0.00,1400.00,0.00,False
729,301,02048,16.000,0.000,40.0000,0.00,0.00,0.00,0.00,640.00,0.00,False
736,301,02060,5.000,0.000,140.0000,0.00,0.00,0.00,0.00,700.00,0.00,False
730,301,02096,135.000,0.000,40.0000,0.00,0.00,0.00,0.00,5400.00,0.00,False
731,301,02204,55.000,0.000,40.0000,0.00,0.00,0.00,0.00,2200.00,0.00,False
737,301,02234,10.000,0.000,140.0000,0.00,0.00,0.00,0.00,1400.00,0.00,False
732,301,02293,55.000,0.000,40.0000,0.00,0.00,0.00,0.00,2200.00,0.00,False
728,301,02300,16.000,0.000,40.0000,0.00,0.00,0.00,0.00,640.00,0.00,False
734,301,02384,55.000,0.000,40.0000,0.00,0.00,0.00,0.00,2200.00,0.00,False
733,301,02404,55.000,0.000,40.0000,0.00,0.00,0.00,0.00,2200.00,0.00,False
735,301,02441,140.000,0.000,40.0000,0.00,0.00,0.00,0.00,5600.00,0.00,False
738,302,02009,2400.000,0.000,20.0000,0.00,0.00,0.00,0.00,48000.00,0.00,False
739,303,02004,202.000,0.000,225.0000,0.00,0.00,0.00,0.00,45450.00,0.00,False
741,304,01034,25.000,0.000,480.0000,0.00,0.00,0.00,0.00,12000.00,0.00,False
740,304,01060,25.000,0.000,950.0000,0.00,0.00,0.00,0.00,23750.00,0.00,False
747,305,01038,35.000,0.000,640.0000,0.00,0.00,0.00,0.00,22400.00,0.00,False
744,305,01042,50.000,0.000,169.0000,0.00,0.00,0.00,0.00,8450.00,0.00,False
746,305,01043,1360.000,0.000,13.7500,0.00,0.00,0.00,0.00,18700.00,0.00,False
745,305,01044,100.000,0.000,128.0000,0.00,0.00,0.00,0.00,12800.00,0.00,False
748,305,01193,5.000,0.000,950.0000,0.00,0.00,0.00,0.00,4750.00,0.00,False
742,305,02010,10000.000,0.000,8.5000,0.00,0.00,0.00,0.00,85000.00,0.00,False
743,305,02314,3000.000,0.000,12.0000,0.00,0.00,0.00,0.00,36000.00,0.00,False
749,306,02007,51.000,0.000,260.0000,0.00,0.00,0.00,0.00,13260.00,0.00,False
750,307,01027,25.000,0.000,400.0000,0.00,0.00,0.00,0.00,10000.00,0.00,False
752,308,02146,20.000,0.000,75.0000,0.00,0.00,0.00,0.00,1500.00,0.00,False
751,308,02481,52.000,0.000,120.0000,0.00,0.00,0.00,0.00,6240.00,0.00,False
