SaleId,SaleType,ExternalId,SalesManId,CustomerId,LastUpdateDate,SaleDate,IsCashInvoice,IsWarranted,PreviousDebit,IsAutoBatch,ReceivedAmount,SpecialDiscount,DueDate,IsPrinted,Remarks,TimeKey,IsPosted,SSInvNo,IsInvoiceClaimable,UserNo,PrintingCharges,DefCustomerName,OrderID,OrderDate,IsAvailability,BookingID
1,C,1,,620007,05/07/2026 00:41:00,05/02/2026 00:00:00,False,True,377355.00,True,0.00,0.00,,False,,0 0 0 0 0 0 109 205,False,,False,1,0.00,,,,False,
2,C,2,,620096,05/07/2026 00:41:00,05/02/2026 00:00:00,False,True,1750100.00,True,0.00,0.00,,False,,0 0 0 0 0 0 109 206,False,,False,1,0.00,,,,False,
3,C,3,,620109,05/07/2026 00:45:00,05/03/2026 00:00:00,False,True,-680080.00,True,0.00,0.00,,False,Issue to Muzafergarh,0 0 0 0 0 0 109 207,False,,False,1,0.00,,,,False,
4,C,4,,620083,05/07/2026 00:45:00,05/03/2026 00:00:00,False,True,-12600.00,True,0.00,0.00,,False,,0 0 0 0 0 0 109 208,False,,False,1,0.00,,,,False,
5,C,5,,620008,05/07/2026 00:47:00,05/03/2026 00:00:00,False,True,9879731.00,True,0.00,0.00,,False,,0 0 0 0 0 0 109 210,False,,False,1,0.00,,,,False,
6,C,6,,620031,05/07/2026 00:48:00,05/03/2026 00:00:00,False,True,7000.00,True,0.00,0.00,,False,,0 0 0 0 0 0 109 211,False,,False,1,0.00,,,,False,
7,C,7,,620103,05/07/2026 00:55:00,05/04/2026 00:00:00,False,True,0.00,True,0.00,0.00,,False,,0 0 0 0 0 0 109 219,False,,False,1,0.00,,,,False,
8,C,8,,620049,05/07/2026 00:56:00,05/05/2026 00:00:00,False,True,-160922.00,True,0.00,0.00,,False,,0 0 0 0 0 0 109 220,False,,False,1,0.00,,,,False,
9,C,9,,620096,05/07/2026 00:58:00,05/05/2026 00:00:00,False,True,2150100.00,True,0.00,0.00,,False,,0 0 0 0 0 0 109 221,False,,False,1,0.00,,,,False,
10,C,10,,620027,05/07/2026 00:58:00,05/05/2026 00:00:00,False,True,554142.00,True,0.00,0.00,,False,,0 0 0 0 0 0 109 222,False,,False,1,0.00,,,,False,
11,C,11,,620061,05/07/2026 01:00:00,05/05/2026 00:00:00,False,True,0.00,True,0.00,0.00,,False,Issue to Naeem Peshawer,0 0 0 0 0 0 109 223,False,,False,1,0.00,,,,False,
12,C,12,,620091,05/07/2026 01:07:00,05/05/2026 00:00:00,False,True,4451032.00,True,0.00,0.00,,False,,0 0 0 0 0 0 109 224,False,,False,1,0.00,,,,False,
13,C,13,,620091,05/07/2026 01:12:00,05/06/2026 00:00:00,False,True,4976728.00,True,0.00,0.00,,False,,0 0 0 0 0 0 109 225,False,,False,1,0.00,,,,False,
14,C,14,,620020,05/07/2026 01:12:00,05/06/2026 00:00:00,False,True,-4215800.00,True,0.00,0.00,,False,,0 0 0 0 0 0 109 226,False,,False,1,0.00,,,,False,
15,C,15,,620060,05/13/2026 00:06:00,05/06/2026 00:00:00,False,True,0.00,True,0.00,0.00,,False,,0 0 0 0 0 0 125 127,False,,False,1,0.00,,,,False,
16,C,16,,620060,05/13/2026 00:07:00,05/07/2026 00:00:00,False,True,140800.00,True,0.00,0.00,,False,,0 0 0 0 0 0 125 131,False,,False,1,0.00,,,,False,
17,C,17,,620060,05/13/2026 00:10:00,05/09/2026 00:00:00,False,True,1015872.00,True,0.00,0.00,,False,,0 0 0 0 0 0 125 132,False,,False,1,0.00,,,,False,
18,C,18,,620109,05/13/2026 00:11:00,05/09/2026 00:00:00,False,True,-180880.00,True,0.00,0.00,,False,,0 0 0 0 0 0 125 133,False,,False,1,0.00,,,,False,
19,C,19,,620091,05/13/2026 00:12:00,05/09/2026 00:00:00,False,True,5178328.00,True,0.00,0.00,,False,,0 0 0 0 0 0 125 134,False,,False,1,0.00,,,,False,
20,C,20,,620060,05/13/2026 00:13:00,05/10/2026 00:00:00,False,True,2387712.00,True,0.00,0.00,,False,,0 0 0 0 0 0 125 135,False,,False,1,0.00,,,,False,
21,C,21,,620041,05/13/2026 00:14:00,05/10/2026 00:00:00,False,True,3753114.00,True,0.00,0.00,,False,,0 0 0 0 0 0 125 136,False,,False,1,0.00,,,,False,
22,C,22,,620015,05/13/2026 00:15:00,05/11/2026 00:00:00,False,True,3247965.00,True,0.00,0.00,,False,,0 0 0 0 0 0 125 137,False,,False,1,0.00,,,,False,
23,C,23,,620020,05/26/2026 04:25:00,05/12/2026 00:00:00,False,True,-4519000.00,True,0.00,0.00,,False,,0 0 0 0 0 0 172 105,False,,False,1,0.00,,,,False,
24,C,24,,620096,05/26/2026 04:27:00,05/13/2026 00:00:00,False,True,1110100.00,True,0.00,0.00,,False,,0 0 0 0 0 0 172 106,False,,False,1,0.00,,,,False,
25,C,25,,620007,05/26/2026 04:27:00,05/13/2026 00:00:00,False,True,398855.00,True,0.00,0.00,,False,,0 0 0 0 0 0 172 107,False,,False,1,0.00,,,,False,
26,C,26,,620045,05/26/2026 04:31:00,05/13/2026 00:00:00,False,True,-2317547.00,True,0.00,0.00,,False,,0 0 0 0 0 0 172 108,False,,False,1,0.00,,,,False,
27,C,27,,620042,05/26/2026 04:32:00,05/13/2026 00:00:00,False,False,-568635.00,True,0.00,0.00,,False,Issue to Gumbhatt,0 0 0 0 0 0 172 109,False,,False,1,0.00,,,,False,
28,C,28,,620012,05/26/2026 04:33:00,05/13/2026 00:00:00,False,True,-492106.00,True,0.00,0.00,,False,,0 0 0 0 0 0 172 110,False,,False,1,0.00,,,,False,
29,C,29,,620015,05/26/2026 04:33:00,05/13/2026 00:00:00,False,True,3129965.00,True,0.00,0.00,,False,,0 0 0 0 0 0 172 111,False,,False,1,0.00,,,,False,
30,C,30,,620010,05/26/2026 04:34:00,05/13/2026 00:00:00,False,True,2441716.00,True,0.00,0.00,,False,,0 0 0 0 0 0 172 112,False,,False,1,0.00,,,,False,
31,C,31,,620060,05/26/2026 04:36:00,05/14/2026 00:00:00,False,True,41777297.00,True,0.00,0.00,,False,,0 0 0 0 0 0 172 113,False,,False,1,0.00,,,,False,
32,C,32,,620008,05/26/2026 04:37:00,05/14/2026 00:00:00,False,True,9782275.00,True,0.00,0.00,,False,,0 0 0 0 0 0 172 114,False,,False,1,0.00,,,,False,
33,C,33,,620049,05/26/2026 04:38:00,05/14/2026 00:00:00,False,True,-690422.00,True,0.00,0.00,,False,,0 0 0 0 0 0 172 115,False,,False,1,0.00,,,,False,
34,C,34,,620104,05/26/2026 04:39:00,05/14/2026 00:00:00,False,True,-156000.00,True,0.00,0.00,,False,,0 0 0 0 0 0 172 116,False,,False,1,0.00,,,,False,
35,C,35,,620046,05/26/2026 04:41:00,05/14/2026 00:00:00,False,True,-396509.00,True,0.00,0.00,,False,Peshawer+Surainurang Half Half Stock,0 0 0 0 0 0 172 117,False,,False,1,0.00,,,,False,
36,C,36,,620046,05/26/2026 04:42:00,05/16/2026 00:00:00,False,True,-135309.00,True,0.00,0.00,,False,Half Half Stock Peshawer+Nurang,0 0 0 0 0 0 172 118,False,,False,1,0.00,,,,False,
37,C,37,,620060,05/26/2026 04:43:00,05/17/2026 00:00:00,False,True,42755153.00,True,0.00,0.00,,False,,0 0 0 0 0 0 172 119,False,,False,1,0.00,,,,False,
38,C,38,,620049,05/26/2026 04:43:00,05/17/2026 00:00:00,False,True,-327922.00,True,0.00,0.00,,False,,0 0 0 0 0 0 172 120,False,,False,1,0.00,,,,False,
39,C,39,,620010,05/26/2026 04:47:00,05/17/2026 00:00:00,False,True,2528116.00,True,0.00,0.00,,False,,0 0 0 0 0 0 172 121,False,,False,1,0.00,,,,False,
40,C,40,,620010,05/26/2026 04:47:00,05/17/2026 00:00:00,False,True,2707316.00,True,0.00,0.00,,False,Issue to Chichawatni,0 0 0 0 0 0 172 122,False,,False,1,0.00,,,,False,
41,C,41,,620078,05/26/2026 04:51:00,05/17/2026 00:00:00,False,True,-772473.00,True,0.00,0.00,,False,,0 0 0 0 0 0 172 123,False,,False,1,0.00,,,,False,
42,C,42,,620099,05/26/2026 04:52:00,05/18/2026 00:00:00,False,True,246780.00,True,0.00,0.00,,False,To Nasir Jamal,0 0 0 0 0 0 172 124,False,,False,1,0.00,,,,False,
43,C,43,,620010,05/26/2026 04:53:00,05/18/2026 00:00:00,False,True,2736116.00,True,0.00,0.00,,False,,0 0 0 0 0 0 172 125,False,,False,1,0.00,,,,False,
44,C,44,,620010,05/26/2026 04:53:00,05/19/2026 00:00:00,False,True,2809596.00,True,0.00,0.00,,False,,0 0 0 0 0 0 172 126,False,,False,1,0.00,,,,False,
45,C,45,,620010,05/26/2026 04:54:00,05/19/2026 00:00:00,False,True,2859932.00,True,0.00,0.00,,False,issue to Arifwala,0 0 0 0 0 0 172 127,False,,False,1,0.00,,,,False,
46,C,46,,620020,05/26/2026 04:55:00,05/19/2026 00:00:00,False,True,-4255000.00,True,0.00,0.00,,False,,0 0 0 0 0 0 172 128,False,,False,1,0.00,,,,False,
47,C,47,,620071,05/26/2026 04:55:00,05/19/2026 00:00:00,False,True,3118600.00,True,0.00,0.00,,False,,0 0 0 0 0 0 172 129,False,,False,1,0.00,,,,False,
48,C,48,,620096,05/26/2026 04:56:00,05/19/2026 00:00:00,False,True,2184500.00,True,0.00,0.00,,False,,0 0 0 0 0 0 172 130,False,,False,1,0.00,,,,False,
49,C,49,,620092,05/26/2026 04:57:00,05/19/2026 00:00:00,False,True,259140.00,True,0.00,0.00,,False,,0 0 0 0 0 0 172 131,False,,False,1,0.00,,,,False,
50,C,50,,620060,05/26/2026 04:59:00,05/19/2026 00:00:00,False,True,43265553.00,True,0.00,0.00,,False,,0 0 0 0 0 0 172 132,False,,False,1,0.00,,,,False,
51,C,51,,620060,05/26/2026 05:03:00,05/20/2026 00:00:00,False,True,46616417.00,True,0.00,0.00,,False,,0 0 0 0 0 0 172 133,False,,False,1,0.00,,,,False,
52,C,52,,620110,05/26/2026 05:08:00,05/20/2026 00:00:00,False,True,0.00,True,0.00,0.00,,False,"Issue to Dr,Jan Muhammad",0 0 0 0 0 0 172 134,False,,False,1,0.00,,,,False,
53,C,53,,620041,05/26/2026 05:09:00,05/21/2026 00:00:00,False,True,1473984.00,True,0.00,0.00,,False,Issue to Kazim Karachi,0 0 0 0 0 0 172 135,False,,False,1,0.00,,,,False,
54,C,54,,620020,05/26/2026 05:09:00,05/21/2026 00:00:00,False,True,-3711000.00,True,0.00,0.00,,False,,0 0 0 0 0 0 172 136,False,,False,1,0.00,,,,False,
55,C,55,,620097,05/26/2026 05:11:00,05/21/2026 00:00:00,False,True,-4262400.00,True,0.00,0.00,,False,Issue to Waleed akram,0 0 0 0 0 0 172 137,False,,False,1,0.00,,,,False,
56,C,56,,620041,05/26/2026 05:11:00,05/21/2026 00:00:00,False,True,1552384.00,True,0.00,0.00,,True,,0 0 0 0 0 0 219 91,False,,False,1,0.00,,,,False,
57,C,57,,620027,05/26/2026 05:12:00,05/21/2026 00:00:00,False,True,-300000.00,True,0.00,0.00,,False,,0 0 0 0 0 0 172 139,False,,False,1,0.00,,,,False,
58,C,58,,620031,05/26/2026 05:12:00,05/22/2026 00:00:00,False,True,-120000.00,True,0.00,0.00,,False,Issue to ZAr Dairies Jumrah,0 0 0 0 0 0 172 140,False,,False,1,0.00,,,,False,
59,C,59,,620060,05/26/2026 05:13:00,05/22/2026 00:00:00,False,True,54616673.00,True,0.00,0.00,,False,Issue to M.K Kamaliya ,0 0 0 0 0 0 172 141,False,,False,1,0.00,,,,False,
60,C,60,,620027,05/26/2026 05:14:00,05/23/2026 00:00:00,False,True,100000.00,True,0.00,0.00,,False,,0 0 0 0 0 0 172 142,False,,False,1,0.00,,,,False,
61,C,61,,620041,05/29/2026 08:05:00,05/23/2026 00:00:00,False,True,1641984.00,True,0.00,0.00,,False,Issue to Yousaf Karachi,0 0 0 0 0 0 172 143,False,,False,1,0.00,,,,False,
62,C,62,,620041,05/29/2026 08:07:00,05/23/2026 00:00:00,False,True,1691984.00,True,0.00,0.00,,False,Issue to Tahir Shedadpur,0 0 0 0 0 0 172 144,False,,False,1,0.00,,,,False,
63,C,63,,620012,05/29/2026 08:08:00,05/23/2026 00:00:00,False,True,-434506.00,True,0.00,0.00,,False,,0 0 0 0 0 0 172 145,False,,False,1,0.00,,,,False,
64,C,64,,620097,05/29/2026 08:08:00,05/23/2026 00:00:00,False,True,-4098400.00,True,0.00,0.00,,False,Issue to Waleed Akram,0 0 0 0 0 0 172 162,False,,False,1,0.00,,,,False,
65,C,65,,620060,05/29/2026 08:11:00,05/24/2026 00:00:00,False,True,55232673.00,True,0.00,0.00,,False,,0 0 0 0 0 0 172 163,False,,False,1,0.00,,,,False,
66,C,66,,620099,05/29/2026 08:12:00,05/24/2026 00:00:00,False,True,310780.00,True,0.00,0.00,,False,,0 0 0 0 0 0 172 164,False,,False,1,0.00,,,,False,
67,C,67,,620096,05/29/2026 08:14:00,05/25/2026 00:00:00,False,True,2539500.00,True,0.00,0.00,,False,,0 0 0 0 0 0 172 165,False,,False,1,0.00,,,,False,
68,C,68,,620031,05/31/2026 05:09:00,05/30/2026 00:00:00,False,True,30000.00,True,0.00,0.00,,False,Issue to Obaid Sahiwal,0 0 0 0 0 0 172 166,False,,False,1,0.00,,,,False,
69,C,69,,620096,05/31/2026 05:11:00,05/30/2026 00:00:00,False,True,2120900.00,True,0.00,0.00,,False,,0 0 0 0 0 0 172 167,False,,False,1,0.00,,,,False,
70,C,70,,620024,06/07/2026 03:23:00,06/02/2026 00:00:00,False,True,0.00,True,0.00,0.00,,False,,0 0 0 0 0 0 187 253,False,,False,1,0.00,,,,False,
71,C,71,,620012,06/07/2026 03:25:00,06/02/2026 00:00:00,False,True,-366856.00,True,0.00,0.00,,False,,0 0 0 0 0 0 187 254,False,,False,1,0.00,,,,False,
72,C,72,,620099,06/07/2026 03:27:00,06/03/2026 00:00:00,False,True,345780.00,True,0.00,0.00,,False,,0 0 0 0 0 0 187 255,False,,False,1,0.00,,,,False,
73,C,73,,620109,06/07/2026 03:28:00,06/04/2026 00:00:00,False,True,-337780.00,True,0.00,0.00,,False,,0 0 0 0 0 0 188 1,False,,False,1,0.00,,,,False,
74,C,74,,620071,06/07/2026 03:29:00,06/04/2026 00:00:00,False,True,3493800.00,True,0.00,0.00,,False,,0 0 0 0 0 0 188 2,False,,False,1,0.00,,,,False,
75,C,75,,620020,06/07/2026 03:30:00,06/04/2026 00:00:00,False,True,-4263000.00,True,0.00,0.00,,True,,0 0 0 0 0 0 219 92,False,,False,1,0.00,,,,False,
76,C,76,,620027,06/07/2026 03:30:00,06/05/2026 00:00:00,False,True,0.00,True,0.00,0.00,,False,,0 0 0 0 0 0 188 4,False,,False,1,0.00,,,,False,
77,C,77,,620041,06/07/2026 03:32:00,06/06/2026 00:00:00,False,True,1141471.00,True,0.00,0.00,,False,Issue to Saleem HYD,0 0 0 0 0 0 188 5,False,,False,1,0.00,,,,False,
78,C,78,,620041,06/07/2026 03:35:00,06/06/2026 00:00:00,False,True,1241471.00,True,0.00,0.00,,False,Issue to Saleem Karachi,0 0 0 0 0 0 188 6,False,,False,1,0.00,,,,False,
79,C,79,,620015,06/07/2026 03:36:00,06/06/2026 00:00:00,False,True,3116365.00,True,0.00,0.00,,False,,0 0 0 0 0 0 188 7,False,,False,1,0.00,,,,False,
80,C,80,,620096,07/04/2026 03:14:00,06/07/2026 00:00:00,False,True,2375900.00,True,0.00,0.00,,False,,0 0 0 0 0 0 234 219,False,,False,1,0.00,,,,False,
81,C,81,,620060,07/04/2026 03:15:00,06/07/2026 00:00:00,False,True,59003921.00,True,0.00,0.00,,False,,0 0 0 0 0 0 234 220,False,,False,1,0.00,,,,False,
82,C,82,,620008,07/04/2026 03:17:00,06/07/2026 00:00:00,False,True,9501575.00,True,0.00,0.00,,False,,0 0 0 0 0 0 234 221,False,,False,1,0.00,,,,False,
83,C,83,,620010,07/04/2026 03:18:00,06/08/2026 00:00:00,False,True,2969932.00,True,0.00,0.00,,False,Bin Abdulaziz,0 0 0 0 0 0 234 222,False,,False,1,0.00,,,,False,
84,C,84,,620041,07/04/2026 03:19:00,06/08/2026 00:00:00,False,True,-578529.00,True,0.00,0.00,,False,Issue to Avain Professional HYD,0 0 0 0 0 0 234 223,False,,False,1,0.00,,,,False,
85,C,85,,620041,07/04/2026 03:21:00,06/08/2026 00:00:00,False,True,-446529.00,True,0.00,0.00,,False,Issue to Sarfraz ,0 0 0 0 0 0 234 224,False,,False,1,0.00,,,,False,
86,C,86,,620041,07/04/2026 03:23:00,06/08/2026 00:00:00,False,True,144471.00,True,0.00,0.00,,False,Issue to Awais Meerpur ,0 0 0 0 0 0 234 225,False,,False,1,0.00,,,,False,
87,C,87,,620041,07/04/2026 03:23:00,06/08/2026 00:00:00,False,False,375271.00,True,0.00,0.00,,False,,0 0 0 0 0 0 234 226,False,,False,1,0.00,,,,False,
88,C,88,,620041,07/04/2026 03:24:00,06/08/2026 00:00:00,False,True,573271.00,True,0.00,0.00,,False,Issue to Kazim Karachi,0 0 0 0 0 0 234 227,False,,False,1,0.00,,,,False,
89,C,89,,620027,07/04/2026 03:24:00,06/09/2026 00:00:00,False,True,600000.00,True,0.00,0.00,,False,,0 0 0 0 0 0 234 228,False,,False,1,0.00,,,,False,
90,C,90,,620042,07/04/2026 03:26:00,06/09/2026 00:00:00,False,True,-539835.00,True,0.00,0.00,,False,Issue to Lucky V/S Gumbat,0 0 0 0 0 0 234 229,False,,False,1,0.00,,,,False,
91,C,91,,620078,07/04/2026 03:35:00,06/10/2026 00:00:00,False,True,-389977.00,True,0.00,0.00,,False,,0 0 0 0 0 0 234 230,False,,False,1,0.00,,,,False,
92,C,92,,620111,07/04/2026 03:41:00,06/10/2026 00:00:00,False,True,0.00,True,0.00,0.00,,False,Issue to Vehari,0 0 0 0 0 0 234 231,False,,False,1,0.00,,,,False,
93,C,93,,620071,07/04/2026 03:41:00,06/11/2026 00:00:00,False,True,3570800.00,True,0.00,0.00,,False,,0 0 0 0 0 0 234 232,False,,False,1,0.00,,,,False,
94,C,94,,620041,07/04/2026 03:55:00,06/11/2026 00:00:00,False,True,718471.00,True,0.00,0.00,,False,Issue to Kazim Karachi,0 0 0 0 0 0 234 233,False,,False,1,0.00,,,,False,
95,C,95,,620012,07/04/2026 04:06:00,06/11/2026 00:00:00,False,True,-308336.00,True,0.00,0.00,,False,,0 0 0 0 0 0 234 234,False,,False,1,0.00,,,,False,
96,C,96,,620112,07/04/2026 04:26:00,06/12/2026 00:00:00,False,True,0.00,True,0.00,0.00,,False,By the Refrence Of Dr.Kaleem Ullah,0 0 0 0 0 0 234 235,False,,False,1,0.00,,,,False,
97,C,97,,620104,07/04/2026 04:27:00,06/12/2026 00:00:00,False,True,0.00,True,0.00,0.00,,False,,0 0 0 0 0 0 234 236,False,,False,1,0.00,,,,False,
98,C,98,,620031,07/04/2026 04:28:00,06/14/2026 00:00:00,False,True,30000.00,True,0.00,0.00,,False,Issue to Blue Farm Hafizabad,0 0 0 0 0 0 234 237,False,,False,1,0.00,,,,False,
99,C,99,,620031,07/04/2026 04:30:00,06/14/2026 00:00:00,False,True,202000.00,True,0.00,0.00,,False,Issue to Obaid sahiwal,0 0 0 0 0 0 234 238,False,,False,1,0.00,,,,False,
100,C,100,,620092,07/04/2026 04:31:00,06/14/2026 00:00:00,False,True,292140.00,True,0.00,0.00,,False,,0 0 0 0 0 0 234 239,False,,False,1,0.00,,,,False,
101,C,101,,620113,07/04/2026 04:33:00,06/14/2026 00:00:00,False,True,0.00,True,0.00,0.00,,False,,0 0 0 0 0 0 234 240,False,,False,1,0.00,,,,False,
102,C,102,,620041,07/04/2026 04:36:00,06/14/2026 00:00:00,False,True,801671.00,True,0.00,0.00,,False,Issue to Husnain AhmadpurSherqia,0 0 0 0 0 0 234 241,False,,False,1,0.00,,,,False,
103,C,103,,620096,07/04/2026 04:40:00,06/14/2026 00:00:00,False,True,3553200.00,True,0.00,0.00,,False,,0 0 0 0 0 0 234 242,False,,False,1,0.00,,,,False,
104,C,104,,620031,07/04/2026 04:54:00,06/15/2026 00:00:00,False,True,208000.00,True,0.00,0.00,,False,Issue to Dr.Shezad fsd,0 0 0 0 0 0 234 245,False,,False,1,0.00,,,,False,
105,C,105,,620049,07/04/2026 04:56:00,06/16/2026 00:00:00,False,True,-15922.00,True,0.00,0.00,,False,,0 0 0 0 0 0 234 246,False,,False,1,0.00,,,,False,
106,C,106,,620103,07/04/2026 04:56:00,06/16/2026 00:00:00,False,True,0.00,True,0.00,0.00,,False,,0 0 0 0 0 0 234 247,False,,False,1,0.00,,,,False,
107,C,107,,620010,07/04/2026 04:57:00,06/16/2026 00:00:00,False,True,2989732.00,True,0.00,0.00,,False,Issue to Bin Abdulaziz,0 0 0 0 0 0 234 248,False,,False,1,0.00,,,,False,
108,C,108,,620046,07/05/2026 03:40:00,06/16/2026 00:00:00,False,True,-20109.00,True,0.00,0.00,,False,Issue to Peshawer,0 0 0 0 0 0 234 249,False,,False,1,0.00,,,,False,
109,C,109,,620046,07/05/2026 03:42:00,06/16/2026 00:00:00,False,True,39491.00,True,0.00,0.00,,False,Issue to S.Nurang,0 0 0 0 0 0 234 250,False,,False,1,0.00,,,,False,
110,C,110,,620045,07/05/2026 03:42:00,06/16/2026 00:00:00,False,True,-496743.00,True,0.00,0.00,,False,Issue to Lodhran,0 0 0 0 0 0 234 251,False,,False,1,0.00,,,,False,
111,C,111,,620010,07/05/2026 03:43:00,06/16/2026 00:00:00,False,True,3016132.00,True,0.00,0.00,,False,,0 0 0 0 0 0 234 252,False,,False,1,0.00,,,,False,
112,C,112,,620078,07/05/2026 03:44:00,06/16/2026 00:00:00,False,True,400023.00,True,0.00,0.00,,False,,0 0 0 0 0 0 234 253,False,,False,1,0.00,,,,False,
113,C,113,,620042,07/05/2026 03:44:00,06/16/2026 00:00:00,False,True,-508135.00,True,0.00,0.00,,False,Issue to Lucky V/S Gumbat,0 0 0 0 0 0 234 254,False,,False,1,0.00,,,,False,
114,C,114,,620110,07/05/2026 03:52:00,06/17/2026 00:00:00,False,True,150000.00,True,0.00,0.00,,False,,0 0 0 0 0 0 234 255,False,,False,1,0.00,,,,False,
115,C,115,,620060,07/05/2026 04:10:00,06/17/2026 00:00:00,False,True,60103921.00,True,0.00,0.00,,False,,0 0 0 0 0 0 235 1,False,,False,1,0.00,,,,False,
116,C,116,,620031,07/05/2026 04:16:00,06/17/2026 00:00:00,False,True,319000.00,True,0.00,0.00,,False,Issue to Hafiz Umer Manga Mandi,0 0 0 0 0 0 235 2,False,,False,1,0.00,,,,False,
117,C,117,,620060,07/05/2026 04:17:00,06/18/2026 00:00:00,False,True,62042561.00,True,0.00,0.00,,False,Issue to Friends V/S Gujraat,0 0 0 0 0 0 235 3,False,,False,1,0.00,,,,False,
118,C,118,,620071,07/05/2026 04:20:00,06/18/2026 00:00:00,False,True,3955800.00,True,0.00,0.00,,False,,0 0 0 0 0 0 235 4,False,,False,1,0.00,,,,False,
119,C,119,,620041,07/05/2026 04:22:00,06/18/2026 00:00:00,False,True,951071.00,True,0.00,0.00,,False,,0 0 0 0 0 0 235 5,False,,False,1,0.00,,,,False,
120,C,120,,620012,07/05/2026 04:24:00,06/20/2026 00:00:00,False,True,-251136.00,True,0.00,0.00,,False,,0 0 0 0 0 0 235 6,False,,False,1,0.00,,,,False,
121,C,121,,620010,07/05/2026 04:26:00,06/20/2026 00:00:00,False,True,3160132.00,True,0.00,0.00,,False,Issue to Basit Haselpur,0 0 0 0 0 0 235 7,False,,False,1,0.00,,,,False,
122,C,122,,620041,07/05/2026 04:27:00,06/20/2026 00:00:00,False,True,1277471.00,True,0.00,0.00,,False,,0 0 0 0 0 0 235 8,False,,False,1,0.00,,,,False,
123,C,123,,620008,07/05/2026 04:28:00,06/21/2026 00:00:00,False,True,9989711.00,True,0.00,0.00,,False,,0 0 0 0 0 0 235 9,False,,False,1,0.00,,,,False,
124,C,124,,620010,07/05/2026 04:31:00,06/21/2026 00:00:00,False,True,3189172.00,True,0.00,0.00,,False,,0 0 0 0 0 0 235 13,False,,False,1,0.00,,,,False,
125,C,125,,620010,07/05/2026 04:40:00,06/21/2026 00:00:00,False,True,3514232.00,True,0.00,0.00,,False,Issue to Arifwala,0 0 0 0 0 0 235 14,False,,False,1,0.00,,,,False,
126,C,126,,620045,07/05/2026 04:41:00,06/21/2026 00:00:00,False,True,-64743.00,True,0.00,0.00,,False,Issue to Lodhran,0 0 0 0 0 0 235 15,False,,False,1,0.00,,,,False,
127,C,127,,620060,07/05/2026 04:42:00,06/21/2026 00:00:00,False,True,62207121.00,True,0.00,0.00,,False,Issue to Dr.Shakeel R.Y.K,0 0 0 0 0 0 235 16,False,,False,1,0.00,,,,False,
128,C,128,,620027,07/05/2026 04:43:00,06/22/2026 00:00:00,False,True,1080000.00,True,0.00,0.00,,False,,0 0 0 0 0 0 235 17,False,,False,1,0.00,,,,False,
129,C,129,,620041,07/05/2026 04:44:00,06/22/2026 00:00:00,False,True,1823471.00,True,0.00,0.00,,False,,0 0 0 0 0 0 235 18,False,,False,1,0.00,,,,False,
130,C,130,,620045,07/05/2026 04:47:00,06/22/2026 00:00:00,False,True,31257.00,True,0.00,0.00,,False,Adda Lar Multan Almajid V/S,0 0 0 0 0 0 235 19,False,,False,1,0.00,,,,False,
131,C,131,,620045,07/05/2026 04:49:00,06/22/2026 00:00:00,False,True,111257.00,True,0.00,0.00,,False,Issue to Saeed V/S Duniapur,0 0 0 0 0 0 235 20,False,,False,1,0.00,,,,False,
132,C,132,,620027,07/05/2026 04:52:00,06/24/2026 00:00:00,False,True,2382500.00,True,0.00,0.00,,False,,0 0 0 0 0 0 235 21,False,,False,1,0.00,,,,False,
133,C,133,,620109,07/05/2026 04:53:00,06/24/2026 00:00:00,False,True,-257980.00,True,0.00,0.00,,False,,0 0 0 0 0 0 235 22,False,,False,1,0.00,,,,False,
134,C,134,,620041,07/05/2026 04:54:00,06/24/2026 00:00:00,False,True,1946671.00,True,0.00,0.00,,False,,0 0 0 0 0 0 235 23,False,,False,1,0.00,,,,False,
135,C,135,,620091,07/05/2026 04:55:00,06/24/2026 00:00:00,False,True,5042848.00,True,0.00,0.00,,False,,0 0 0 0 0 0 235 24,False,,False,1,0.00,,,,False,
136,C,136,,620049,07/05/2026 04:58:00,06/24/2026 00:00:00,False,True,616278.00,True,0.00,0.00,,False,,0 0 0 0 0 0 235 25,False,,False,1,0.00,,,,False,
137,C,137,,620091,07/05/2026 05:04:00,06/24/2026 00:00:00,False,True,5092848.00,True,0.00,0.00,,False,,0 0 0 0 0 1 25 201,False,,False,1,0.00,,,,False,
138,C,138,,620010,07/05/2026 05:05:00,06/24/2026 00:00:00,False,True,3610232.00,True,0.00,0.00,,False,Alshifa V/S Kamaliya,0 0 0 0 0 0 235 27,False,,False,1,0.00,,,,False,
139,C,139,,620060,07/05/2026 05:06:00,06/24/2026 00:00:00,False,True,62692881.00,True,0.00,0.00,,False,Issue to Nadir Bhakker,0 0 0 0 0 0 235 28,False,,False,1,0.00,,,,False,
140,C,140,,620031,07/05/2026 05:10:00,06/27/2026 00:00:00,False,True,375000.00,True,0.00,0.00,,False,Issue to Rizvi Dairy Farm Layyah,0 0 0 0 0 0 235 29,False,,False,1,0.00,,,,False,
141,C,141,,620031,07/05/2026 05:11:00,06/27/2026 00:00:00,False,True,975000.00,True,0.00,0.00,,False,Issue to Dr.shezad fsd,0 0 0 0 0 0 235 30,False,,False,1,0.00,,,,False,
142,C,142,,620114,07/08/2026 23:09:00,06/27/2026 00:00:00,False,True,0.00,True,0.00,0.00,,True,,0 0 0 0 0 0 250 102,False,,False,1,0.00,,,,False,
143,C,143,,620115,07/08/2026 23:13:00,06/27/2026 00:00:00,False,True,0.00,True,0.00,0.00,,False,,0 0 0 0 0 0 250 103,False,,False,1,0.00,,,,False,
144,C,144,,620116,07/08/2026 23:16:00,06/28/2026 00:00:00,False,True,0.00,True,0.00,0.00,,False,,0 0 0 0 0 0 250 104,False,,False,1,0.00,,,,False,
145,C,145,,620060,07/08/2026 23:20:00,06/28/2026 00:00:00,False,True,62735121.00,True,0.00,0.00,,False,Issue to Amjad Peshawer,0 0 0 0 0 0 250 105,False,,False,1,0.00,,,,False,
146,C,146,,620060,07/08/2026 23:24:00,06/28/2026 00:00:00,False,True,62828721.00,True,0.00,0.00,,False,,0 0 0 0 0 0 250 106,False,,False,1,0.00,,,,False,
147,C,147,,620008,07/08/2026 23:25:00,06/28/2026 00:00:00,False,True,10133711.00,True,0.00,0.00,,False,,0 0 0 0 0 0 250 107,False,,False,1,0.00,,,,False,
148,C,148,,620010,07/08/2026 23:26:00,06/29/2026 00:00:00,False,True,3649932.00,True,0.00,0.00,,False,,0 0 0 0 0 0 250 108,False,,False,1,0.00,,,,False,
149,C,149,,620060,07/08/2026 23:27:00,06/29/2026 00:00:00,False,True,63726321.00,True,0.00,0.00,,False,Issue to Albarket Traders SGD,0 0 0 0 0 0 250 109,False,,False,1,0.00,,,,False,
150,C,150,,620015,07/08/2026 23:33:00,06/29/2026 00:00:00,False,True,3196365.00,True,0.00,0.00,,False,,0 0 0 0 0 0 250 111,False,,False,1,0.00,,,,False,
151,C,151,,620060,07/08/2026 23:35:00,06/29/2026 00:00:00,False,True,63836145.00,True,0.00,0.00,,False,,0 0 0 0 0 0 250 112,False,,False,1,0.00,,,,False,
152,C,152,,620109,07/08/2026 23:36:00,06/30/2026 00:00:00,False,True,-155380.00,True,0.00,0.00,,False,Issue to MuzaferGarh,0 0 0 0 0 0 250 113,False,,False,1,0.00,,,,False,
153,C,153,,620010,07/08/2026 23:37:00,06/30/2026 00:00:00,False,True,3680732.00,True,0.00,0.00,,False,,0 0 0 0 0 0 250 114,False,,False,1,0.00,,,,False,
154,C,154,,620060,07/08/2026 23:59:00,06/30/2026 00:00:00,False,True,63976945.00,True,0.00,0.00,,False,,0 0 0 0 0 0 250 115,False,,False,1,0.00,,,,False,
155,C,155,,620111,07/09/2026 00:05:00,06/16/2026 00:00:00,False,True,1540000.00,True,0.00,0.00,,False,Issue to Munshi Raees Kabeerwala,0 0 0 0 0 1 150 198,False,,False,1,0.00,,,,False,
156,C,156,,620078,07/09/2026 00:21:00,06/30/2026 00:00:00,False,True,688023.00,True,0.00,0.00,,False,,0 0 0 0 0 0 250 120,False,,False,1,0.00,,,,False,
157,C,157,,620041,07/27/2026 02:24:00,07/01/2026 00:00:00,False,True,2358671.00,True,0.00,0.00,,False,Issue to Kaleem Orangi Town Karachi,0 0 0 0 0 1 72 179,False,,False,1,0.00,,,,False,
158,C,158,,620041,07/27/2026 02:25:00,07/01/2026 00:00:00,False,True,2439671.00,True,0.00,0.00,,False,Issue to Dr.Ashraf Blochistan,0 0 0 0 0 1 72 180,False,,False,1,0.00,,,,False,
159,C,159,,620012,07/27/2026 02:26:00,07/01/2026 00:00:00,False,True,-148536.00,True,0.00,0.00,,False,,0 0 0 0 0 1 72 181,False,,False,1,0.00,,,,False,
160,C,160,,620049,07/27/2026 02:27:00,07/04/2026 00:00:00,False,True,1240278.00,True,0.00,0.00,,False,,0 0 0 0 0 1 72 182,False,,False,1,0.00,,,,False,
161,C,161,,620104,07/27/2026 02:40:00,07/04/2026 00:00:00,False,True,468000.00,True,0.00,0.00,,False,,0 0 0 0 0 1 72 183,False,,False,1,0.00,,,,False,
162,C,162,,620007,07/27/2026 02:41:00,07/04/2026 00:00:00,False,True,418855.00,True,0.00,0.00,,False,,0 0 0 0 0 1 72 184,False,,False,1,0.00,,,,False,
163,C,163,,620042,07/27/2026 02:43:00,07/04/2026 00:00:00,False,True,-479335.00,True,0.00,0.00,,False,Issue to Lucky V/S Gumbhat,0 0 0 0 0 1 72 185,False,,False,1,0.00,,,,False,
164,C,164,,620031,07/27/2026 02:44:00,07/04/2026 00:00:00,False,True,1311000.00,True,0.00,0.00,,False,,0 0 0 0 0 1 72 186,False,,False,1,0.00,,,,False,
165,C,165,,620060,07/27/2026 02:45:00,07/05/2026 00:00:00,False,True,64526945.00,True,0.00,0.00,,False,Issue to Depalpur,0 0 0 0 0 1 72 187,False,,False,1,0.00,,,,False,
166,C,166,,620110,07/27/2026 02:45:00,07/05/2026 00:00:00,False,True,326000.00,True,0.00,0.00,,False,,0 0 0 0 0 1 72 188,False,,False,1,0.00,,,,False,
167,C,167,,620008,07/27/2026 02:46:00,07/06/2026 00:00:00,False,True,10203711.00,True,0.00,0.00,,False,,0 0 0 0 0 1 72 189,False,,False,1,0.00,,,,False,
168,C,168,,620010,07/27/2026 02:46:00,07/06/2026 00:00:00,False,True,3774072.00,True,0.00,0.00,,False,Issue to Basit,0 0 0 0 0 1 72 190,False,,False,1,0.00,,,,False,
169,C,169,,620010,07/27/2026 02:47:00,07/06/2026 00:00:00,False,True,3817632.00,True,0.00,0.00,,False,Issue to Nasir Dairy Layyah,0 0 0 0 0 1 72 191,False,,False,1,0.00,,,,False,
170,C,170,,620010,07/27/2026 02:48:00,07/06/2026 00:00:00,False,True,3832152.00,True,0.00,0.00,,False,,0 0 0 0 0 1 72 192,False,,False,1,0.00,,,,False,
171,C,171,,620078,07/28/2026 01:08:00,07/07/2026 00:00:00,False,True,1040543.00,True,0.00,0.00,,False,To gujjar khan,0 0 0 0 0 1 72 213,False,,False,1,0.00,,,,False,
172,C,172,,620071,07/28/2026 01:10:00,07/08/2026 00:00:00,False,True,4340800.00,True,0.00,0.00,,False,,0 0 0 0 0 1 72 212,False,,False,1,0.00,,,,False,
173,C,173,,620096,07/28/2026 01:17:00,07/08/2026 00:00:00,False,True,4271400.00,True,0.00,0.00,,False,,0 0 0 0 0 1 72 214,False,,False,1,0.00,,,,False,
174,C,174,,620031,07/28/2026 01:20:00,07/09/2026 00:00:00,False,True,1359000.00,True,0.00,0.00,,False,ISSUE TO UBAID SAHIWAL ,0 0 0 0 0 1 72 215,False,,False,1,0.00,,,,False,
175,C,175,,620031,07/28/2026 01:21:00,07/09/2026 00:00:00,False,True,1434000.00,True,0.00,0.00,,False,ISSUE TO RAJPOT WANDA HOUSE DUNIYA PUR,0 0 0 0 0 1 72 216,False,,False,1,0.00,,,,False,
176,C,176,,620020,07/28/2026 01:25:00,07/10/2026 00:00:00,False,True,-3965000.00,True,0.00,0.00,,False,,0 0 0 0 0 1 72 217,False,,False,1,0.00,,,,False,
177,C,177,,620008,07/28/2026 01:28:00,07/10/2026 00:00:00,False,True,10406991.00,True,0.00,0.00,,False,,0 0 0 0 0 1 72 218,False,,False,1,0.00,,,,False,
178,C,178,,620020,07/28/2026 01:29:00,07/11/2026 00:00:00,False,True,-3201000.00,True,0.00,0.00,,False,,0 0 0 0 0 1 72 219,False,,False,1,0.00,,,,False,
179,C,179,,620010,07/28/2026 01:30:00,07/11/2026 00:00:00,False,True,3861192.00,True,0.00,0.00,,False,ISSUE TO BIN ABDUL AZIZ,0 0 0 0 0 1 72 220,False,,False,1,0.00,,,,False,
180,C,180,,620097,07/28/2026 01:34:00,07/12/2026 00:00:00,False,True,-3901600.00,True,0.00,0.00,,False,ISSUE TO WALEED AKRAM,0 0 0 0 0 1 72 221,False,,False,1,0.00,,,,False,
181,C,181,,620020,07/28/2026 01:35:00,07/12/2026 00:00:00,False,True,-3151000.00,True,0.00,0.00,,False,,0 0 0 0 0 1 72 222,False,,False,1,0.00,,,,False,
182,C,182,,620071,07/28/2026 01:36:00,07/12/2026 00:00:00,False,True,4826560.00,True,0.00,0.00,,False,,0 0 0 0 0 1 72 223,False,,False,1,0.00,,,,False,
183,C,183,,620041,07/28/2026 01:38:00,07/12/2026 00:00:00,False,True,2534671.00,True,0.00,0.00,,False,,0 0 0 0 0 1 72 224,False,,False,1,0.00,,,,False,
184,C,184,,620110,07/28/2026 01:43:00,07/12/2026 00:00:00,False,True,386000.00,True,0.00,0.00,,False,,0 0 0 0 0 1 72 225,False,,False,1,0.00,,,,False,
185,C,185,,620031,07/28/2026 01:46:00,07/12/2026 00:00:00,False,True,1509000.00,True,0.00,0.00,,False,ISSUE TO ARIF GATWALA ,0 0 0 0 0 1 72 226,False,,False,1,0.00,,,,False,
186,C,186,,620111,07/28/2026 01:50:00,07/13/2026 00:00:00,False,True,1638200.00,True,0.00,0.00,,False,ISSUE TO SADUZI WANDA VEHARI,0 0 0 0 0 1 72 227,False,,False,1,0.00,,,,False,
187,C,187,,620010,07/28/2026 01:50:00,07/13/2026 00:00:00,False,True,3911792.00,True,0.00,0.00,,False,,0 0 0 0 0 1 72 228,False,,False,1,0.00,,,,False,
188,C,188,,620008,07/28/2026 01:52:00,07/13/2026 00:00:00,False,True,10902861.00,True,0.00,0.00,,False,,0 0 0 0 0 1 72 229,False,,False,1,0.00,,,,False,
189,C,189,,620065,07/28/2026 01:56:00,07/15/2026 00:00:00,False,True,0.00,True,0.00,0.00,,False,CALCIUM,0 0 0 0 0 1 72 230,False,,False,1,0.00,,,,False,
190,C,190,,620065,07/28/2026 01:57:00,07/15/2026 00:00:00,False,True,60000.00,True,0.00,0.00,,False,PHOSPHATE,0 0 0 0 0 1 72 231,False,,False,1,0.00,,,,False,
191,C,191,,620015,07/28/2026 01:59:00,07/15/2026 00:00:00,False,True,4055885.00,True,0.00,0.00,,False,,0 0 0 0 0 1 72 232,False,,False,1,0.00,,,,False,
192,C,192,,620111,07/28/2026 02:01:00,07/15/2026 00:00:00,False,True,3178200.00,True,0.00,0.00,,False,ISSUE TO RAO RAEES KABIR WALA,0 0 0 0 0 1 150 212,False,,False,1,0.00,,,,False,
193,C,193,,620024,07/28/2026 02:02:00,07/16/2026 00:00:00,False,True,200000.00,True,0.00,0.00,,False,,0 0 0 0 0 1 72 234,False,,False,1,0.00,,,,False,
194,C,194,,620061,07/28/2026 02:03:00,07/16/2026 00:00:00,False,True,624.00,True,0.00,0.00,,False,,0 0 0 0 0 1 72 235,False,,False,1,0.00,,,,False,
195,C,195,,620110,07/28/2026 02:06:00,07/17/2026 00:00:00,False,True,482500.00,True,0.00,0.00,,False,REFERENCE DR KHALID,0 0 0 0 0 1 72 236,False,,False,1,0.00,,,,False,
196,C,196,,620022,07/29/2026 05:42:00,07/11/2026 00:00:00,False,True,-11200000.00,True,0.00,0.00,,False,Issue to Boota Milk Shop Surai Alamgeer,0 0 0 0 0 1 88 37,False,,False,1,0.00,,,,False,
197,C,197,,620046,07/29/2026 05:43:00,07/14/2026 00:00:00,False,True,99091.00,True,0.00,0.00,,False,Issue to PSW,0 0 0 0 0 1 88 38,False,,False,1,0.00,,,,False,
198,C,198,,620046,07/29/2026 05:45:00,07/14/2026 00:00:00,False,True,182341.00,True,0.00,0.00,,False,Issue to S.Nurang,0 0 0 0 0 1 88 39,False,,False,1,0.00,,,,False,
199,C,199,,620117,07/29/2026 05:53:00,07/15/2026 00:00:00,False,True,0.00,True,0.00,0.00,,False,Issue to Umer R.Y.K,0 0 0 0 0 1 88 40,False,,False,1,0.00,,,,False,
200,C,200,,620006,07/29/2026 05:54:00,07/15/2026 00:00:00,False,True,0.00,True,0.00,0.00,,False,,0 0 0 0 0 1 88 41,False,,False,1,0.00,,,,False,
201,C,201,,620060,07/29/2026 05:56:00,07/16/2026 00:00:00,False,True,64713945.00,True,0.00,0.00,,False,,0 0 0 0 0 1 88 42,False,,False,1,0.00,,,,False,
202,C,202,,620010,07/29/2026 05:57:00,07/18/2026 00:00:00,False,True,3988792.00,True,0.00,0.00,,False,Issue to Chichawatni,0 0 0 0 0 1 88 43,False,,False,1,0.00,,,,False,
203,C,203,,620046,07/29/2026 06:03:00,07/18/2026 00:00:00,False,True,295991.00,True,0.00,0.00,,False,,0 0 0 0 0 1 88 44,False,,False,1,0.00,,,,False,
204,C,204,,620041,07/29/2026 06:06:00,07/18/2026 00:00:00,False,True,2812871.00,True,0.00,0.00,,False,Issue to Hussnain Ahmad Pur Sharqia,0 0 0 0 0 1 88 45,False,,False,1,0.00,,,,False,
205,C,205,,620012,07/29/2026 06:06:00,07/19/2026 00:00:00,False,True,-71136.00,True,0.00,0.00,,False,,0 0 0 0 0 1 88 46,False,,False,1,0.00,,,,False,
206,C,206,,620116,07/29/2026 06:08:00,07/19/2026 00:00:00,False,True,151220.00,True,0.00,0.00,,False,,0 0 0 0 0 1 88 47,False,,False,1,0.00,,,,False,
207,C,207,,620041,07/29/2026 06:10:00,07/19/2026 00:00:00,False,True,3150271.00,True,0.00,0.00,,False,,0 0 0 0 0 1 88 48,False,,False,1,0.00,,,,False,
208,C,208,,620041,07/29/2026 06:11:00,07/19/2026 00:00:00,False,True,3571771.00,True,0.00,0.00,,False,Issue to Dr.Faiz HYD,0 0 0 0 0 1 88 49,False,,False,1,0.00,,,,False,
209,C,209,,620117,07/29/2026 06:13:00,07/19/2026 00:00:00,False,True,498400.00,True,0.00,0.00,,False,,0 0 0 0 0 1 88 50,False,,False,1,0.00,,,,False,
210,C,210,,620027,07/29/2026 06:15:00,07/20/2026 00:00:00,False,True,3706710.00,True,0.00,0.00,,False,,0 0 0 0 0 1 88 51,False,,False,1,0.00,,,,False,
211,C,211,,620091,07/29/2026 06:16:00,07/20/2026 00:00:00,False,True,6042848.00,True,0.00,0.00,,False,,0 0 0 0 0 1 88 52,False,,False,1,0.00,,,,False,
212,C,212,,620109,07/29/2026 06:19:00,07/20/2026 00:00:00,False,True,31120.00,True,0.00,0.00,,False,,0 0 0 0 0 1 88 53,False,,False,1,0.00,,,,False,
213,C,213,,620060,07/29/2026 06:27:00,07/21/2026 00:00:00,False,True,65197945.00,True,0.00,0.00,,False,,0 0 0 0 0 1 88 54,False,,False,1,0.00,,,,False,
214,C,214,,620008,07/29/2026 06:32:00,07/22/2026 00:00:00,False,True,11212861.00,True,0.00,0.00,,False,,0 0 0 0 0 1 88 55,False,,False,1,0.00,,,,False,
215,C,215,,620010,07/29/2026 06:33:00,07/22/2026 00:00:00,False,False,4209192.00,True,0.00,0.00,,False,,0 0 0 0 0 1 88 56,False,,False,1,0.00,,,,False,
216,C,216,,620012,07/29/2026 06:34:00,07/22/2026 00:00:00,False,True,-13056.00,True,0.00,0.00,,False,,0 0 0 0 0 1 88 57,False,,False,1,0.00,,,,False,
217,C,217,,620010,07/29/2026 06:34:00,07/22/2026 00:00:00,False,True,4585442.00,True,0.00,0.00,,False,Alshifa Kamaliya,0 0 0 0 0 1 88 58,False,,False,1,0.00,,,,False,
218,C,218,,620010,07/29/2026 06:35:00,07/22/2026 00:00:00,False,True,4597762.00,True,0.00,0.00,,False,786 M/S Rajana,0 0 0 0 0 1 88 59,False,,False,1,0.00,,,,False,
219,C,219,,620060,07/29/2026 06:48:00,07/22/2026 00:00:00,False,True,66289145.00,True,0.00,0.00,,False,Issue to Zeryab Manga Mandi,0 0 0 0 0 1 88 62,False,,False,1,0.00,,,,False,
220,C,220,,620060,07/29/2026 06:49:00,07/22/2026 00:00:00,False,True,66333145.00,True,0.00,0.00,,False,Issue to Zain Okara,0 0 0 0 0 1 88 61,False,,False,1,0.00,,,,False,
221,C,221,,620007,07/29/2026 06:53:00,07/22/2026 00:00:00,False,True,467195.00,True,0.00,0.00,,False,,0 0 0 0 0 1 88 104,False,,False,1,0.00,,,,False,
222,C,222,,620046,07/29/2026 06:58:00,07/23/2026 00:00:00,False,True,795947.00,True,0.00,0.00,,False,,0 0 0 0 0 1 88 105,False,,False,1,0.00,,,,False,
223,C,223,,620045,07/29/2026 07:00:00,07/23/2026 00:00:00,False,True,191257.00,True,0.00,0.00,,False,Issue to Hashir SadiqAbad,0 0 0 0 0 1 88 66,False,,False,1,0.00,,,,False,
224,C,224,,620060,07/29/2026 07:07:00,07/23/2026 00:00:00,False,True,66377145.00,True,0.00,0.00,,False,Issue to Zainab Okara,0 0 0 0 0 1 88 67,False,,False,1,0.00,,,,False,
225,C,225,,620119,07/29/2026 07:09:00,07/29/2026 00:00:00,False,True,0.00,True,0.00,0.00,,False,,0 0 0 0 0 1 88 68,False,,False,1,0.00,,,,False,
226,C,226,,620117,07/29/2026 07:10:00,07/23/2026 00:00:00,False,True,1101600.00,True,0.00,0.00,,False,,0 0 0 0 0 1 88 69,False,,False,1,0.00,,,,False,
227,C,227,,620045,07/29/2026 07:11:00,07/23/2026 00:00:00,False,True,230797.00,True,0.00,0.00,,False,Issue to Shahid Kabeer wala,0 0 0 0 0 1 88 70,False,,False,1,0.00,,,,False,
228,C,228,,620041,07/29/2026 07:13:00,07/25/2026 00:00:00,False,True,3600371.00,True,0.00,0.00,,False,,0 0 0 0 0 1 88 71,False,,False,1,0.00,,,,False,
229,C,229,,620031,07/29/2026 07:15:00,07/25/2026 00:00:00,False,True,1659000.00,True,0.00,0.00,,False,Issue to Ibrahim Feed R.Y.K,0 0 0 0 0 1 88 72,False,,False,1,0.00,,,,False,
230,C,230,,620031,07/29/2026 07:16:00,07/25/2026 00:00:00,False,True,1779000.00,True,0.00,0.00,,False,Issue to Boota Milk Shop S.Aalamgeer,0 0 0 0 0 1 88 73,False,,False,1,0.00,,,,False,
231,C,231,,620027,07/29/2026 07:16:00,07/25/2026 00:00:00,False,True,4286710.00,True,0.00,0.00,,False,,0 0 0 0 0 1 88 74,False,,False,1,0.00,,,,False,
232,C,232,,620097,07/29/2026 07:19:00,07/26/2026 00:00:00,False,True,-3645600.00,True,0.00,0.00,,False,Issue to Waleed SGD,0 0 0 0 0 1 88 75,False,,False,1,0.00,,,,False,
233,C,233,,620045,07/29/2026 07:21:00,07/27/2026 00:00:00,False,True,246797.00,True,0.00,0.00,,False,Issue to Shahid Lodhran,0 0 0 0 0 1 88 76,False,,False,1,0.00,,,,False,
234,C,234,,620008,07/29/2026 07:22:00,07/27/2026 00:00:00,False,True,12192161.00,True,0.00,0.00,,False,,0 0 0 0 0 1 88 77,False,,False,1,0.00,,,,False,
235,C,235,,620091,07/29/2026 07:23:00,07/27/2026 00:00:00,False,True,6222848.00,True,0.00,0.00,,False,,0 0 0 0 0 1 88 78,False,,False,1,0.00,,,,False,
236,C,236,,620118,08/02/2026 23:17:00,07/28/2026 00:00:00,False,True,0.00,True,0.00,0.00,,False,,0 0 0 0 0 1 103 205,False,,False,1,0.00,,,,False,
237,C,237,,620031,08/02/2026 23:20:00,07/28/2026 00:00:00,False,True,1837000.00,True,0.00,0.00,,False,ISSUE TO DR SHAHZAD,0 0 0 0 0 1 103 206,False,,False,1,0.00,,,,False,
238,C,238,,620117,08/02/2026 23:21:00,07/28/2026 00:00:00,False,True,1229600.00,True,0.00,0.00,,False,,0 0 0 0 0 1 103 207,False,,False,1,0.00,,,,False,
239,C,239,,620041,08/02/2026 23:23:00,07/28/2026 00:00:00,False,True,4430089.00,True,0.00,0.00,,False,ISSUE TO DR FAIZ HYDRABAD,0 0 0 0 0 1 103 208,False,,False,1,0.00,,,,False,
240,C,240,,620041,08/02/2026 23:24:00,07/29/2026 00:00:00,False,True,4456789.00,True,0.00,0.00,,False,,0 0 0 0 0 1 103 209,False,,False,1,0.00,,,,False,
241,C,241,,620103,08/02/2026 23:28:00,07/29/2026 00:00:00,False,True,30000.00,True,0.00,0.00,,False,,0 0 0 0 0 1 103 210,False,,False,1,0.00,,,,False,
242,C,242,,620012,08/02/2026 23:30:00,07/29/2026 00:00:00,False,True,2344.00,True,0.00,0.00,,False,,0 0 0 0 0 1 103 211,False,,False,1,0.00,,,,False,
243,C,243,,620015,08/02/2026 23:32:00,07/29/2026 00:00:00,False,True,4564765.00,True,0.00,0.00,,False,,0 0 0 0 0 1 103 212,False,,False,1,0.00,,,,False,
244,C,244,,620010,08/02/2026 23:33:00,07/30/2026 00:00:00,False,True,4617012.00,True,0.00,0.00,,False,issue to qamar M/S sahiyawala,0 0 0 0 0 1 103 213,False,,False,1,0.00,,,,False,
245,C,245,,620110,08/02/2026 23:41:00,07/30/2026 00:00:00,False,True,662500.00,True,0.00,0.00,,False,,0 0 0 0 0 1 103 214,False,,False,1,0.00,,,,False,
246,C,246,,620046,08/02/2026 23:47:00,08/01/2026 00:00:00,False,True,1346241.00,True,0.00,0.00,,False,issue to peshawar + surai nurang,0 0 0 0 0 1 103 215,False,,False,1,0.00,,,,False,
247,C,247,,620113,08/12/2026 00:55:00,08/01/2026 00:00:00,False,True,-35000.00,True,0.00,0.00,,False,,0 0 0 0 0 1 135 5,False,,False,1,0.00,,,,False,
248,C,248,,620046,08/12/2026 00:57:00,08/02/2026 00:00:00,False,True,1202817.00,True,0.00,0.00,,False,issue to peshawar,0 0 0 0 0 1 135 6,False,,False,1,0.00,,,,False,
249,C,249,,620046,08/12/2026 00:58:00,08/02/2026 00:00:00,False,True,1450817.00,True,0.00,0.00,,False,ISSUE TO SORAYE NORANG,0 0 0 0 0 1 135 7,False,,False,1,0.00,,,,False,
250,C,250,,620041,08/12/2026 01:00:00,08/03/2026 00:00:00,False,True,-3327211.00,True,0.00,0.00,,False,ISSUE TO ASGHAR AMEERPUR KHASS,0 0 0 0 0 1 135 8,False,,False,1,0.00,,,,False,
251,C,251,,620109,08/12/2026 01:06:00,08/03/2026 00:00:00,False,True,-257980.00,True,0.00,0.00,,False,,0 0 0 0 0 1 135 10,False,,False,1,0.00,,,,False,
252,C,252,,620092,08/12/2026 01:07:00,08/03/2026 00:00:00,False,True,257140.00,True,0.00,0.00,,False,,0 0 0 0 0 1 135 11,False,,False,1,0.00,,,,False,
253,C,253,,620041,08/12/2026 01:10:00,08/04/2026 00:00:00,False,True,-3093211.00,True,0.00,0.00,,False,ISSUE TO SARFARAZ BURE WALA,0 0 0 0 0 1 135 12,False,,False,1,0.00,,,,False,
254,C,254,,620110,08/12/2026 01:11:00,08/04/2026 00:00:00,False,True,672500.00,True,0.00,0.00,,False,,0 0 0 0 0 1 135 13,False,,False,1,0.00,,,,False,
255,C,255,,620110,08/12/2026 01:12:00,08/05/2026 00:00:00,False,True,817500.00,True,0.00,0.00,,False,,0 0 0 0 0 1 135 14,False,,False,1,0.00,,,,False,
256,C,256,,620045,08/12/2026 01:17:00,08/05/2026 00:00:00,False,True,-692403.00,True,0.00,0.00,,False,ISSUE TO SHAHID LODHRA,0 0 0 0 0 1 135 17,False,,False,1,0.00,,,,False,
257,C,257,,620041,08/12/2026 23:32:00,08/05/2026 00:00:00,False,True,-2970011.00,True,0.00,0.00,,False,ISSUE TO QAZAM KARACHI,0 0 0 0 0 1 135 28,False,,False,1,0.00,,,,False,
258,C,258,,620031,08/12/2026 23:34:00,08/05/2026 00:00:00,False,True,836000.00,True,0.00,0.00,,False,ISSUE TO DR SHAHZAD,0 0 0 0 0 1 135 29,False,,False,1,0.00,,,,False,
259,C,259,,620007,08/12/2026 23:42:00,08/06/2026 00:00:00,False,True,-203245.00,True,0.00,0.00,,False,,0 0 0 0 0 1 135 30,False,,False,1,0.00,,,,False,
260,C,260,,620031,08/12/2026 23:44:00,08/06/2026 00:00:00,False,True,956000.00,True,0.00,0.00,,False,ISSUE TO DR TALHA MEGGORA SWAT,0 0 0 0 0 1 135 31,False,,False,1,0.00,,,,False,
261,C,261,,620045,08/12/2026 23:54:00,08/06/2026 00:00:00,False,True,911017.00,True,0.00,0.00,,False,issue to hashir sadqabad,0 0 0 0 0 1 135 34,False,,False,1,0.00,,,,False,
262,C,262,,620008,08/12/2026 23:59:00,08/08/2026 00:00:00,False,True,10048901.00,True,0.00,0.00,,False,,0 0 0 0 0 1 135 35,False,,False,1,0.00,,,,False,
263,C,263,,620027,08/13/2026 00:03:00,08/08/2026 00:00:00,False,True,26710.00,True,0.00,0.00,,False,,0 0 0 0 0 1 135 36,False,,False,1,0.00,,,,False,
264,C,264,,620041,08/13/2026 00:05:00,08/08/2026 00:00:00,False,True,-2696811.00,True,0.00,0.00,,False,,0 0 0 0 0 1 135 37,False,,False,1,0.00,,,,False,
265,C,265,,620096,08/13/2026 01:28:00,08/09/2026 00:00:00,False,True,3032200.00,True,0.00,0.00,,False,,0 0 0 0 0 1 135 47,False,,False,1,0.00,,,,False,
266,C,266,,620049,08/13/2026 01:34:00,08/11/2026 00:00:00,False,True,-543722.00,True,0.00,0.00,,False,,0 0 0 0 0 1 135 48,False,,False,1,0.00,,,,False,
267,C,267,,620010,08/13/2026 01:37:00,08/12/2026 00:00:00,False,True,3501012.00,True,0.00,0.00,,False,,0 0 0 0 0 1 135 49,False,,False,1,0.00,,,,False,
268,C,268,,620060,08/13/2026 02:14:00,08/02/2026 00:00:00,False,True,52169945.00,True,0.00,0.00,,False,issue to abu bakir lahore,0 0 0 0 0 1 135 50,False,,False,1,0.00,,,,False,
269,C,269,,620117,08/13/2026 02:18:00,08/03/2026 00:00:00,False,True,-1090400.00,True,0.00,0.00,,False,,0 0 0 0 0 1 166 69,False,,False,1,0.00,,,,False,
270,C,270,,620020,08/13/2026 02:37:00,08/04/2026 00:00:00,False,True,-4355000.00,True,0.00,0.00,,False,,0 0 0 0 0 1 135 53,False,,False,1,0.00,,,,False,
271,C,271,,620020,08/13/2026 02:39:00,08/05/2026 00:00:00,False,True,-4259000.00,True,0.00,0.00,,False,issue to waleed akram sargodha,0 0 0 0 0 1 135 54,False,,False,1,0.00,,,,False,
272,C,272,,620060,08/13/2026 02:42:00,08/08/2026 00:00:00,False,True,53384345.00,True,0.00,0.00,,False,issue to naveed amirpur azad kashmir,0 0 0 0 0 1 135 55,False,,False,1,0.00,,,,False,
273,C,273,,620120,08/13/2026 02:57:00,08/10/2026 00:00:00,False,True,0.00,True,0.00,0.00,,False,care of hafiz poltry,0 0 0 0 0 1 135 56,False,,False,1,0.00,,,,False,
274,C,274,,620120,08/13/2026 02:58:00,08/10/2026 00:00:00,False,True,352000.00,True,0.00,0.00,,False,care of hafiz poltry,0 0 0 0 0 1 135 57,False,,False,1,0.00,,,,False,
275,C,275,,620083,08/16/2026 00:05:00,07/16/2026 00:00:00,False,True,0.00,True,0.00,0.00,,False,,0 0 0 0 0 1 150 187,False,,False,1,0.00,,,,False,
276,C,276,,620020,08/16/2026 00:21:00,08/13/2026 00:00:00,False,True,-3863000.00,True,0.00,0.00,,False,,0 0 0 0 0 1 150 190,False,,False,1,0.00,,,,False,
277,C,277,,620092,08/16/2026 00:23:00,08/13/2026 00:00:00,False,True,287140.00,True,0.00,0.00,,False,,0 0 0 0 0 1 150 191,False,,False,1,0.00,,,,False,
278,C,278,,620060,08/16/2026 00:27:00,08/13/2026 00:00:00,False,True,53489945.00,True,0.00,0.00,,False,,0 0 0 0 0 1 150 192,False,,False,1,0.00,,,,False,
279,C,279,,620022,08/16/2026 00:30:00,08/13/2026 00:00:00,False,True,-14211000.00,True,0.00,0.00,,False,issue to hafiz poultry,0 0 0 0 0 1 150 193,False,,False,1,0.00,,,,False,
280,C,280,,620118,08/16/2026 00:44:00,08/13/2026 00:00:00,False,True,192360.00,True,0.00,0.00,,False,,0 0 0 0 0 1 150 194,False,,False,1,0.00,,,,False,
281,C,281,,620061,08/16/2026 00:45:00,08/15/2026 00:00:00,False,True,824.00,True,0.00,0.00,,False,,0 0 0 0 0 1 150 195,False,,False,1,0.00,,,,False,
282,C,282,,620091,08/16/2026 00:46:00,08/15/2026 00:00:00,False,True,5795348.00,True,0.00,0.00,,False,,0 0 0 0 0 1 150 196,False,,False,1,0.00,,,,False,
283,C,283,,620111,08/16/2026 01:22:00,08/01/2026 00:00:00,False,True,-1412200.00,True,0.00,0.00,,False,Issue to asif Kanewal,0 0 0 0 0 1 150 200,False,,False,1,0.00,,,,False,
284,C,284,,620111,08/16/2026 01:24:00,08/05/2026 00:00:00,False,True,-1370000.00,True,0.00,0.00,,False,Issue to asif kassowal,0 0 0 0 0 1 150 201,False,,False,1,0.00,,,,False,
285,C,285,,620111,08/16/2026 01:25:00,08/06/2026 00:00:00,False,True,-1341000.00,True,0.00,0.00,,False,Issuer to Kissan V/S Chichawatni,0 0 0 0 0 1 150 202,False,,False,1,0.00,,,,False,
286,C,286,,620111,08/16/2026 01:27:00,08/08/2026 00:00:00,False,True,-1319100.00,True,0.00,0.00,,False,Issue to Kissan V/S Chichawatni,0 0 0 0 0 1 150 203,False,,False,1,0.00,,,,False,
287,C,287,,620111,08/16/2026 01:28:00,08/10/2026 00:00:00,False,True,-1295300.00,True,0.00,0.00,,False,Issue to Bollan Militry Farm Okara,0 0 0 0 0 1 150 204,False,,False,1,0.00,,,,False,
288,C,288,,620060,08/17/2026 02:20:00,08/16/2026 00:00:00,False,True,53852505.00,True,0.00,0.00,,False,,0 0 0 0 0 1 197 147,False,,False,1,0.00,,,,False,
289,C,289,,620121,08/17/2026 02:54:00,08/16/2026 00:00:00,False,True,0.00,True,0.00,0.00,,False,,0 0 0 0 0 1 197 135,False,,False,1,0.00,,,,False,
