SaleId,ProductId,BatchNo,ExpiryDate,Quantity,Cost,IsDeleted
1,00244,0001,07/23/2028 00:00:00,1100.000000000,26.40218,False
2,00278,0001,07/23/2028 00:00:00,40.000000000,1295.25000,False
3,00358,0001,07/23/2028 00:00:00,12.000000000,1377.81667,False
3,00360,0001,07/23/2028 00:00:00,12.000000000,902.06667,False
3,00362,0001,07/23/2028 00:00:00,12.000000000,854.15000,False
3,00364,0001,07/23/2028 00:00:00,24.000000000,1170.65000,False
3,00365,0001,07/23/2028 00:00:00,10.000000000,3827.25000,False
3,00366,0001,07/23/2028 00:00:00,10.000000000,606.53850,False
3,00367,0001,07/23/2028 00:00:00,20.000000000,907.90000,False
4,00050,0001,07/23/2028 00:00:00,12.000000000,412.84596,False
5,00016,0001,07/23/2028 00:00:00,36.000000000,515.25000,False
5,00231,0001,07/23/2028 00:00:00,150.000000000,426.24994,False
6,00022,0001,07/23/2028 00:00:00,4.000000000,541.53850,False
6,00357,0001,07/23/2028 00:00:00,2.000000000,10000.00000,False
7,00220,0001,07/23/2028 00:00:00,10.000000000,619.32775,False
8,00026,0001,07/23/2028 00:00:00,1000.000000000,50.03050,False
8,00078,0001,07/23/2028 00:00:00,200.000000000,441.43600,False
9,00274,0001,07/23/2028 00:00:00,52.000000000,2943.66922,False
10,00137,0001,07/23/2028 00:00:00,20.000000000,3746.25000,False
11,00054,0001,07/23/2028 00:00:00,12.000000000,396.11596,False
11,00055,0001,07/23/2028 00:00:00,12.000000000,515.38596,False
11,00063,0001,07/23/2028 00:00:00,12.000000000,379.78596,False
11,00368,0001,07/23/2028 00:00:00,12.000000000,508.55596,False
12,00019,0001,07/22/2034 00:00:00,56.000000000,1440.00000,False
12,00046,0001,07/23/2028 00:00:00,8.000000000,1134.17500,False
12,00052,0001,07/23/2028 00:00:00,8.000000000,908.54514,False
12,00053,0001,07/23/2028 00:00:00,4.000000000,9000.00000,False
12,00119,0001,07/23/2028 00:00:00,4.000000000,1123.30000,False
12,00231,0001,07/23/2028 00:00:00,50.000000000,426.24994,False
12,00261,0001,07/23/2028 00:00:00,8.000000000,1114.90000,False
13,00052,0001,07/23/2028 00:00:00,28.000000000,908.54514,False
14,00228,0001,07/24/2028 00:00:00,24.000000000,2111.00008,False
15,00147,0001,07/24/2028 00:00:00,10.000000000,4563.50000,False
16,00135,0001,07/29/2028 00:00:00,40.000000000,2138.87500,False
16,00177,0001,07/29/2028 00:00:00,48.000000000,2318.81668,False
16,00356,0001,07/29/2028 00:00:00,48.000000000,319.15596,False
17,00138,0001,07/29/2028 00:00:00,104.000000000,1009.17308,False
17,00307,0001,07/29/2028 00:00:00,44.000000000,3585.93627,False
18,00364,0001,07/29/2028 00:00:00,28.000000000,1175.74807,False
19,00016,0001,07/29/2028 00:00:00,5.000000000,583.59825,False
20,00184,0001,07/29/2028 00:00:00,190.000000000,291.67236,False
20,00205,0001,07/29/2028 00:00:00,120.000000000,541.93344,False
21,00124,0001,07/29/2034 00:00:00,24.000000000,5000.00000,False
22,00040,0001,07/29/2028 00:00:00,10.000000000,627.78050,False
23,00194,0001,08/02/2028 00:00:00,48.000000000,714.10000,False
24,00274,0001,08/02/2028 00:00:00,100.000000000,2626.85521,False
24,00276,0001,08/02/2028 00:00:00,40.000000000,864.73088,False
24,00278,0001,08/02/2028 00:00:00,20.000000000,1409.97610,False
24,00280,0001,08/02/2028 00:00:00,32.000000000,1845.28956,False
24,00281,0001,08/02/2028 00:00:00,32.000000000,1052.10963,False
25,00022,0001,08/02/2028 00:00:00,10.000000000,491.52650,False
26,00008,0001,08/02/2028 00:00:00,1077.000000000,34.36715,False
26,00010,0001,08/02/2028 00:00:00,2000.000000000,27.38060,False
26,00013,0001,08/02/2028 00:00:00,381.000000000,26.18735,False
26,00016,0001,08/02/2028 00:00:00,200.000000000,584.06435,False
26,00030,0001,08/02/2028 00:00:00,750.000000000,32.89546,False
26,00032,0001,08/02/2028 00:00:00,180.000000000,226.28706,False
26,00212,0001,08/02/2028 00:00:00,49.000000000,1462.34075,False
26,00220,0001,08/02/2028 00:00:00,50.000000000,610.27135,False
26,00231,0001,08/02/2028 00:00:00,100.000000000,519.82554,False
26,00233,0001,08/02/2028 00:00:00,2000.000000000,25.26363,False
26,00257,0001,08/02/2028 00:00:00,1000.000000000,28.78459,False
26,00259,0001,08/02/2028 00:00:00,2400.000000000,24.19121,False
26,00369,0001,08/02/2028 00:00:00,480.000000000,270.45352,False
27,00369,0001,08/02/2028 00:00:00,96.000000000,270.45352,False
28,00369,0001,08/02/2028 00:00:00,192.000000000,270.45352,False
29,00369,0001,08/02/2028 00:00:00,288.000000000,270.45352,False
30,00369,0001,08/02/2028 00:00:00,288.000000000,270.45352,False
31,00051,0001,08/03/2028 00:00:00,24.000000000,1138.75158,False
31,00226,0001,08/03/2028 00:00:00,24.000000000,608.10062,False
31,00260,0001,08/03/2028 00:00:00,16.000000000,802.78673,False
31,00330,0001,08/03/2028 00:00:00,32.000000000,993.03441,False
32,00022,0001,08/02/2028 00:00:00,20.000000000,491.52650,False
32,00220,0001,08/02/2028 00:00:00,40.000000000,610.27135,False
33,00028,0001,08/03/2028 00:00:00,100.000000000,1651.01625,False
34,00318,0001,08/03/2028 00:00:00,240.000000000,266.70365,False
35,00008,0001,08/02/2028 00:00:00,400.000000000,34.36715,False
35,00265,0001,08/03/2028 00:00:00,960.000000000,59.16266,False
36,00369,0001,08/02/2028 00:00:00,384.000000000,270.45352,False
37,00292,0001,08/03/2028 00:00:00,80.000000000,1029.42161,False
37,00370,0001,08/03/2028 00:00:00,120.000000000,164.04268,False
38,00086,0001,08/04/2028 00:00:00,240.000000000,428.25414,False
39,00363,0001,07/22/2028 00:00:00,4.000000000,14000.00000,False
39,00369,0001,08/02/2028 00:00:00,384.000000000,285.22676,False
40,00369,0001,08/02/2028 00:00:00,96.000000000,285.22676,False
41,00010,0001,08/02/2028 00:00:00,200.000000000,27.38060,False
41,00016,0001,08/02/2028 00:00:00,30.000000000,584.06435,False
41,00020,0001,08/04/2028 00:00:00,100.000000000,54.26106,False
41,00030,0001,08/02/2028 00:00:00,250.000000000,32.89546,False
41,00032,0001,08/02/2028 00:00:00,60.000000000,226.28706,False
41,00050,0001,08/04/2028 00:00:00,24.000000000,396.73573,False
41,00233,0001,08/02/2028 00:00:00,200.000000000,25.26363,False
41,00258,0001,08/04/2028 00:00:00,10.000000000,447.28334,False
41,00259,0001,08/02/2028 00:00:00,1440.000000000,24.19121,False
41,00369,0001,08/02/2028 00:00:00,96.000000000,285.22676,False
42,00243,0001,08/04/2028 00:00:00,20.000000000,519.01375,False
43,00016,0001,08/02/2028 00:00:00,20.000000000,584.06435,False
43,00220,0001,08/02/2028 00:00:00,10.000000000,610.27135,False
44,00259,0001,08/02/2028 00:00:00,1144.000000000,24.19121,False
45,00315,0001,08/06/2028 00:00:00,100.000000000,734.02400,False
46,00138,0001,08/06/2028 00:00:00,80.000000000,821.24424,False
46,00189,0001,08/06/2028 00:00:00,56.000000000,1183.55861,False
47,00208,0001,08/06/2028 00:00:00,360.000000000,275.23469,False
48,00273,0001,08/06/2028 00:00:00,20.000000000,1021.52650,False
48,00285,0001,08/06/2028 00:00:00,150.000000000,247.23300,False
48,00371,0001,08/06/2028 00:00:00,20.000000000,1928.84105,False
49,00040,0001,08/06/2028 00:00:00,2.000000000,744.02650,False
49,00231,0001,08/02/2028 00:00:00,2.000000000,519.82554,False
50,00129,0001,08/06/2028 00:00:00,44.000000000,1053.26456,False
50,00130,0001,08/06/2028 00:00:00,4.000000000,1299.23058,False
50,00135,0001,08/06/2028 00:00:00,128.000000000,2080.88856,False
50,00136,0001,08/06/2028 00:00:00,44.000000000,840.59492,False
50,00144,0001,08/06/2028 00:00:00,84.000000000,977.62769,False
50,00177,0001,08/06/2028 00:00:00,92.000000000,814.28556,False
51,00130,0001,08/06/2028 00:00:00,116.000000000,1299.23058,False
51,00131,0001,08/12/2028 00:00:00,160.000000000,1079.04997,False
51,00132,0001,08/12/2028 00:00:00,59.000000000,901.51504,False
51,00133,0001,08/12/2028 00:00:00,60.000000000,1869.74500,False
51,00145,0001,08/12/2028 00:00:00,164.000000000,1156.14839,False
51,00260,0001,08/03/2028 00:00:00,92.000000000,802.78673,False
51,00314,0001,08/12/2028 00:00:00,40.000000000,1224.57776,False
51,00349,0001,08/12/2028 00:00:00,80.000000000,1094.71456,False
52,00363,0001,07/22/2028 00:00:00,10.000000000,14000.00000,False
53,00170,0001,08/12/2028 00:00:00,16.000000000,885.65697,False
53,00266,0001,08/12/2028 00:00:00,12.000000000,807.09312,False
54,00049,0001,08/12/2028 00:00:00,12.000000000,1356.78767,False
55,00295,0001,08/12/2028 00:00:00,36.000000000,1054.16778,False
55,00296,0001,08/12/2028 00:00:00,11.000000000,644.25377,False
56,00180,0001,08/12/2028 00:00:00,32.000000000,983.68077,False
57,00047,0001,08/12/2028 00:00:00,100.000000000,2254.56437,False
58,00363,0001,07/22/2028 00:00:00,10.000000000,14000.00000,False
59,00019,0001,08/12/2028 00:00:00,200.000000000,373.25000,False
60,00156,0001,08/12/2028 00:00:00,200.000000000,290.37500,False
61,00231,0001,08/02/2028 00:00:00,50.000000000,519.82554,False
62,00125,0001,08/30/2028 00:00:00,22.000000000,652.66700,False
63,00231,0001,08/02/2028 00:00:00,20.000000000,519.82554,False
63,00258,0001,08/04/2028 00:00:00,5.000000000,447.28334,False
64,00228,0001,08/12/2028 00:00:00,24.000000000,2466.78700,False
65,00053,0001,08/12/2028 00:00:00,200.000000000,748.73779,False
65,00124,0001,07/29/2034 00:00:00,42.000000000,5000.00000,False
65,00129,0001,08/06/2028 00:00:00,6.000000000,1053.26456,False
65,00147,0001,08/12/2028 00:00:00,130.000000000,2903.97050,False
65,00184,0001,08/12/2028 00:00:00,156.000000000,316.04466,False
65,00307,0001,08/12/2028 00:00:00,44.000000000,3331.85825,False
65,00344,0001,08/12/2028 00:00:00,54.000000000,3053.33900,False
66,00139,0001,08/12/2028 00:00:00,10.000000000,659.52650,False
67,00276,0001,08/02/2028 00:00:00,52.000000000,864.73088,False
67,00281,0001,08/02/2028 00:00:00,52.000000000,1052.10963,False
67,00372,0001,08/12/2028 00:00:00,20.000000000,646.13434,False
67,00373,0001,08/12/2028 00:00:00,5.000000000,4341.95900,False
68,00363,0001,07/22/2028 00:00:00,7.000000000,14000.00000,False
69,00285,0001,08/17/2028 00:00:00,150.000000000,255.49795,False
69,00286,0001,08/17/2028 00:00:00,60.000000000,625.63525,False
70,00022,0001,08/23/2028 00:00:00,100.000000000,492.08450,False
71,00032,0001,08/23/2028 00:00:00,60.000000000,142.13076,False
71,00233,0001,08/23/2028 00:00:00,200.000000000,24.88754,False
72,00019,0001,08/23/2028 00:00:00,50.000000000,379.00000,False
72,00040,0001,08/23/2028 00:00:00,2.000000000,772.97500,False
73,00376,0001,08/23/2028 00:00:00,24.000000000,1148.12158,False
74,00197,0001,08/23/2028 00:00:00,20.000000000,1199.99810,False
75,00228,0001,08/23/2028 00:00:00,20.000000000,1840.96750,False
75,00291,0001,08/23/2028 00:00:00,28.000000000,1128.88356,False
75,00296,0001,08/23/2028 00:00:00,25.000000000,666.69400,False
76,00156,0001,08/23/2028 00:00:00,400.000000000,390.37500,False
77,00231,0001,08/24/2028 00:00:00,100.000000000,513.50000,False
78,00220,0001,08/24/2028 00:00:00,150.000000000,848.35404,False
79,00363,0001,07/22/2028 00:00:00,5.000000000,14000.00000,False
80,00274,0001,09/04/2028 00:00:00,52.000000000,2100.57358,False
80,00278,0001,09/04/2028 00:00:00,20.000000000,1477.88410,False
80,00280,0001,09/04/2028 00:00:00,48.000000000,2041.84971,False
80,00281,0001,09/04/2028 00:00:00,44.000000000,1114.82623,False
80,00285,0001,09/04/2028 00:00:00,225.000000000,243.48398,False
80,00289,0001,09/04/2028 00:00:00,10.000000000,2330.41250,False
80,00373,0001,09/04/2028 00:00:00,10.000000000,4477.13650,False
81,00352,0001,09/04/2028 00:00:00,20.000000000,3827.35675,False
82,00016,0001,09/04/2028 00:00:00,34.000000000,525.40862,False
82,00040,001,09/04/2028 00:00:00,10.000000000,873.93250,False
82,00125,0001,09/04/2028 00:00:00,19.000000000,721.44525,False
82,00231,0001,09/04/2028 00:00:00,100.000000000,487.06060,False
83,00231,0001,09/04/2028 00:00:00,15.000000000,487.06060,False
84,00124,0001,07/29/2034 00:00:00,16.000000000,5000.00000,False
84,00135,0001,09/06/2028 00:00:00,20.000000000,1875.01528,False
85,00051,0001,09/06/2028 00:00:00,40.000000000,1369.00126,False
85,00211,0001,09/06/2028 00:00:00,40.000000000,996.03737,False
85,00339,0001,09/06/2028 00:00:00,48.000000000,1481.95468,False
85,00340,0001,09/06/2028 00:00:00,60.000000000,1085.87331,False
86,00049,0001,09/06/2028 00:00:00,44.000000000,740.01506,False
86,00052,0001,09/06/2028 00:00:00,44.000000000,1059.87390,False
86,00211,0001,09/06/2028 00:00:00,8.000000000,996.03737,False
87,00052,0001,09/06/2028 00:00:00,60.000000000,1059.87390,False
88,00052,0001,09/06/2028 00:00:00,44.000000000,1059.87390,False
89,00047,0001,09/06/2028 00:00:00,120.000000000,1861.16178,False
90,00010,0001,09/06/2028 00:00:00,200.000000000,30.36892,False
90,00233,0001,09/06/2028 00:00:00,200.000000000,33.02257,False
90,00248,0001,09/06/2028 00:00:00,25.000000000,61.93533,False
91,00010,0001,09/06/2028 00:00:00,500.000000000,30.36892,False
91,00016,0001,09/04/2028 00:00:00,10.000000000,525.40862,False
91,00022,0001,09/06/2028 00:00:00,30.000000000,498.37533,False
91,00024,0001,09/06/2028 00:00:00,48.000000000,410.29130,False
91,00030,0001,09/06/2028 00:00:00,1200.000000000,30.91332,False
91,00032,0001,09/06/2028 00:00:00,60.000000000,363.05469,False
91,00038,0001,09/06/2028 00:00:00,5.000000000,538.74446,False
91,00052,0001,09/06/2028 00:00:00,12.000000000,1059.87390,False
91,00054,0001,09/06/2028 00:00:00,24.000000000,409.95109,False
91,00064,0001,09/06/2028 00:00:00,60.000000000,364.92276,False
91,00091,0001,09/06/2028 00:00:00,8.000000000,917.21955,False
91,00121,0001,09/06/2028 00:00:00,75.000000000,260.07048,False
91,00151,0001,09/06/2028 00:00:00,60.000000000,431.76577,False
91,00187,0001,09/06/2028 00:00:00,12.000000000,1719.01811,False
91,00201,0001,09/06/2028 00:00:00,200.000000000,43.98313,False
91,00212,0001,09/06/2028 00:00:00,10.000000000,1695.65910,False
91,00220,0001,09/06/2028 00:00:00,10.000000000,630.30355,False
91,00233,0001,09/06/2028 00:00:00,200.000000000,33.02257,False
92,00363,0001,07/22/2028 00:00:00,100.000000000,14000.00000,False
93,00197,0001,09/06/2028 00:00:00,100.000000000,1265.05052,False
94,00051,0001,09/06/2028 00:00:00,8.000000000,1369.00126,False
94,00170,0001,09/06/2028 00:00:00,16.000000000,697.72075,False
95,00022,0001,09/06/2028 00:00:00,10.000000000,498.37533,False
95,00220,0001,09/06/2028 00:00:00,5.000000000,630.30355,False
95,00231,0001,09/04/2028 00:00:00,20.000000000,487.06060,False
96,00357,0001,09/07/2028 00:00:00,10.000000000,708.10801,False
97,00317,0001,09/07/2028 00:00:00,240.000000000,335.45817,False
97,00318,0001,09/07/2028 00:00:00,240.000000000,285.89048,False
97,00319,0001,09/07/2028 00:00:00,240.000000000,471.03059,False
98,00040,0001,09/07/2028 00:00:00,1.000000000,1410.35588,False
98,00377,0001,09/07/2028 00:00:00,40.000000000,2141.71275,False
99,00375,0001,09/09/2028 00:00:00,3.000000000,718.80833,False
100,00231,0001,09/04/2028 00:00:00,10.000000000,487.06060,False
101,00074,0001,09/09/2028 00:00:00,2.000000000,924.38000,False
102,00051,0001,09/06/2028 00:00:00,12.000000000,1369.00126,False
102,00052,0001,09/06/2028 00:00:00,8.000000000,1059.87390,False
102,00072,0001,09/09/2028 00:00:00,4.000000000,802.93536,False
102,00076,0001,09/09/2028 00:00:00,2.000000000,1376.08125,False
102,00163,0001,09/09/2028 00:00:00,8.000000000,1702.19644,False
102,00209,0001,09/09/2028 00:00:00,2.000000000,905.47500,False
102,00266,0001,09/09/2028 00:00:00,4.000000000,830.34130,False
103,00124,0001,07/29/2034 00:00:00,8.000000000,5000.00000,False
103,00273,0001,09/09/2028 00:00:00,20.000000000,1134.02050,False
103,00274,0001,09/04/2028 00:00:00,60.000000000,2100.57358,False
103,00285,0001,09/04/2028 00:00:00,150.000000000,243.48398,False
103,00371,001,09/09/2028 00:00:00,20.000000000,1051.42016,False
103,00372,0001,09/09/2028 00:00:00,20.000000000,757.86150,False
104,00357,0001,09/07/2028 00:00:00,3.000000000,708.10801,False
104,00363,0001,07/22/2028 00:00:00,5.000000000,14000.00000,False
105,00026,0001,09/09/2028 00:00:00,1860.000000000,61.60615,False
105,00028,0001,09/09/2028 00:00:00,100.000000000,1540.15375,False
106,00220,0001,09/06/2028 00:00:00,10.000000000,630.30355,False
107,00231,0001,09/04/2028 00:00:00,20.000000000,487.06060,False
108,00008,0001,09/09/2028 00:00:00,400.000000000,32.19299,False
108,00369,0001,08/12/2034 00:00:00,96.000000000,285.75229,False
109,00008,0001,09/09/2028 00:00:00,400.000000000,32.19299,False
109,00369,0001,08/12/2034 00:00:00,96.000000000,285.75229,False
110,00369,0001,08/12/2034 00:00:00,1440.000000000,285.75229,False
111,00369,0001,08/12/2034 00:00:00,480.000000000,285.75229,False
112,00369,0001,08/12/2034 00:00:00,960.000000000,285.75229,False
113,00369,0001,08/12/2034 00:00:00,96.000000000,285.75229,False
114,00022,0001,09/06/2028 00:00:00,15.000000000,498.37533,False
114,00035,0001,09/09/2028 00:00:00,10.000000000,5729.01475,False
114,00124,0001,07/29/2034 00:00:00,2.000000000,5000.00000,False
114,00199,0001,09/09/2028 00:00:00,2.000000000,990.91758,False
114,00212,0001,09/06/2028 00:00:00,2.000000000,1695.65910,False
114,00220,0001,09/06/2028 00:00:00,5.000000000,630.30355,False
115,00019,0001,09/09/2028 00:00:00,50.000000000,390.85526,False
115,00206,0001,09/09/2028 00:00:00,120.000000000,421.64282,False
115,00226,0001,09/09/2028 00:00:00,120.000000000,512.01755,False
115,00292,0001,09/09/2028 00:00:00,200.000000000,1060.03419,False
115,00309,0001,09/09/2028 00:00:00,20.000000000,1614.25965,False
115,00378,0001,09/09/2028 00:00:00,60.000000000,374.46270,False
116,00035,0001,09/09/2028 00:00:00,7.000000000,5729.01475,False
117,00344,0001,09/09/2028 00:00:00,22.000000000,3918.53368,False
118,00197,0001,09/06/2028 00:00:00,100.000000000,1265.05052,False
119,00051,0001,09/06/2028 00:00:00,68.000000000,1369.00126,False
120,00016,0001,09/04/2028 00:00:00,20.000000000,525.40862,False
120,00032,0001,09/06/2028 00:00:00,60.000000000,363.05469,False
121,00016,0001,09/04/2028 00:00:00,10.000000000,525.40862,False
122,00199,0001,09/09/2028 00:00:00,70.000000000,990.91758,False
123,00369,0001,08/12/2034 00:00:00,480.000000000,285.75229,False
124,00008,0001,09/09/2028 00:00:00,500.000000000,54.91228,False
124,00010,0001,09/06/2028 00:00:00,500.000000000,63.39482,False
124,00016,0001,09/04/2028 00:00:00,20.000000000,525.40862,False
124,00032,0001,09/06/2028 00:00:00,60.000000000,363.05469,False
124,00231,0001,09/21/2028 00:00:00,78.000000000,217.94875,False
124,00248,0001,09/06/2028 00:00:00,500.000000000,61.93533,False
125,00264,0001,09/10/2028 00:00:00,200.000000000,445.00000,False
126,00030,0001,09/06/2028 00:00:00,1500.000000000,30.91332,False
127,00380,0001,09/10/2028 00:00:00,60.000000000,2362.30827,False
128,00047,0001,09/06/2028 00:00:00,200.000000000,1861.16178,False
128,00048,0001,09/10/2028 00:00:00,255.000000000,275.06312,False
128,00137,0001,09/10/2028 00:00:00,20.000000000,4329.72668,False
129,00180,0001,09/10/2028 00:00:00,44.000000000,1376.98248,False
130,00363,0001,07/22/2028 00:00:00,5.000000000,14000.00000,False
131,00363,0001,07/22/2028 00:00:00,5.000000000,14000.00000,False
132,00073,0001,09/10/2028 00:00:00,1296.000000000,463.88655,False
133,00366,0001,09/10/2028 00:00:00,15.000000000,585.91442,False
134,00266,0001,09/09/2028 00:00:00,40.000000000,830.34130,False
135,00038,0001,09/06/2028 00:00:00,10.000000000,538.74446,False
136,00086,0001,09/16/2028 00:00:00,480.000000000,413.64207,False
137,00038,0001,09/06/2028 00:00:00,100.000000000,538.74446,False
137,00046,0001,09/16/2028 00:00:00,60.000000000,865.61215,False
138,00220,0001,09/06/2028 00:00:00,5.000000000,630.30355,False
138,00363,0001,07/22/2028 00:00:00,2.000000000,14000.00000,False
139,00147,0001,09/16/2028 00:00:00,3.000000000,1658.23338,False
140,00363,0001,07/22/2028 00:00:00,40.000000000,14000.00000,False
141,00357,000,09/07/2028 00:00:00,8.000000000,621.08656,False
141,00357,0001,09/07/2028 00:00:00,20.000000000,708.10801,False
142,00040,0001,09/07/2028 00:00:00,1.000000000,1410.35588,False
142,00201,0001,09/06/2028 00:00:00,100.000000000,43.98313,False
142,00212,0001,09/06/2028 00:00:00,1.000000000,1695.65910,False
142,00233,0001,09/06/2028 00:00:00,100.000000000,33.02257,False
142,00363,0001,07/22/2028 00:00:00,1.000000000,14000.00000,False
143,00008,0001,09/09/2028 00:00:00,100.000000000,54.91228,False
143,00010,0001,09/06/2028 00:00:00,100.000000000,63.39482,False
143,00020,0001,09/16/2028 00:00:00,25.000000000,43.10015,False
143,00032,0001,09/06/2028 00:00:00,12.000000000,363.05469,False
143,00233,0001,09/06/2028 00:00:00,100.000000000,33.02257,False
143,00257,0001,09/16/2028 00:00:00,100.000000000,34.33013,False
143,00265,0001,09/16/2028 00:00:00,20.000000000,51.61642,False
143,00369,0001,08/12/2034 00:00:00,96.000000000,285.75229,False
144,00008,0001,09/09/2028 00:00:00,100.000000000,54.91228,False
144,00032,0001,09/06/2028 00:00:00,12.000000000,363.05469,False
144,00182,0001,09/16/2028 00:00:00,100.000000000,10.32437,False
144,00258,0001,09/16/2028 00:00:00,4.000000000,540.41050,False
144,00259,0001,09/16/2028 00:00:00,225.000000000,25.63039,False
144,00262,0001,09/16/2028 00:00:00,100.000000000,14.18275,False
144,00363,0001,07/22/2028 00:00:00,1.000000000,14000.00000,False
144,00369,0001,08/12/2034 00:00:00,192.000000000,285.75229,False
145,00381,0001,09/19/2028 00:00:00,120.000000000,304.44408,False
146,00382,0001,09/19/2028 00:00:00,60.000000000,1363.14013,False
147,00351,0001,09/19/2028 00:00:00,4.000000000,3767.88418,False
148,00220,0001,09/06/2028 00:00:00,20.000000000,630.30355,False
149,00049,0001,09/06/2028 00:00:00,24.000000000,740.01506,False
150,00016,0001,09/04/2028 00:00:00,60.000000000,525.40862,False
150,00019,0001,09/09/2028 00:00:00,80.000000000,390.85526,False
150,00022,0001,09/06/2028 00:00:00,50.000000000,498.37533,False
150,00032,0001,09/06/2028 00:00:00,120.000000000,363.05469,False
150,00182,0001,09/16/2028 00:00:00,600.000000000,10.32437,False
150,00199,0001,09/09/2028 00:00:00,7.000000000,990.91758,False
150,00233,0001,09/06/2028 00:00:00,500.000000000,33.02257,False
150,00248,0001,09/06/2028 00:00:00,500.000000000,51.73672,False
150,00262,0001,09/16/2028 00:00:00,900.000000000,14.18275,False
150,00363,0001,07/22/2028 00:00:00,5.000000000,14000.00000,False
151,00147,0001,09/16/2028 00:00:00,10.000000000,1658.23338,False
152,00358,0001,09/20/2028 00:00:00,20.000000000,1259.88053,False
152,00362,0001,09/20/2028 00:00:00,24.000000000,1045.62077,False
153,00016,0001,09/04/2028 00:00:00,10.000000000,525.40862,False
153,00022,0001,09/06/2028 00:00:00,10.000000000,498.37533,False
153,00248,0001,09/06/2028 00:00:00,100.000000000,51.73672,False
153,00363,0001,07/22/2028 00:00:00,2.000000000,14000.00000,False
154,00019,0001,09/09/2028 00:00:00,250.000000000,390.85526,False
155,00022,0001,10/09/2028 00:00:00,1.000000000,438.57108,False
155,00040,0001,09/07/2028 00:00:00,1.000000000,6983.61982,False
155,00363,0001,07/22/2028 00:00:00,5.000000000,14000.00000,False
156,00032,0001,09/06/2028 00:00:00,60.000000000,363.05469,False
156,00041,0001,09/20/2028 00:00:00,10.000000000,771.61475,False
156,00383,0001,09/20/2028 00:00:00,120.000000000,368.97520,False
156,00384,0001,09/20/2028 00:00:00,120.000000000,318.48005,False
157,00032,0001,09/06/2028 00:00:00,60.000000000,285.00729,False
157,00265,001,09/30/2028 00:00:00,200.000000000,63.90694,False
158,00020,001,09/30/2028 00:00:00,200.000000000,56.29715,False
158,00265,001,09/30/2028 00:00:00,250.000000000,63.90694,False
159,00259,0001,10/09/2028 00:00:00,430.000000000,19.74725,False
159,00259,001,09/30/2028 00:00:00,20.000000000,286.54080,False
159,00369,0001,08/12/2034 00:00:00,73.000000000,222.94897,False
159,00369,001,10/01/2028 00:00:00,119.000000000,473.37149,False
160,00078,001,10/01/2028 00:00:00,200.000000000,327.50375,False
161,00398,0001,10/13/2034 00:00:00,40.000000000,3000.00000,False
162,00032,0001,09/06/2028 00:00:00,60.000000000,285.00729,False
162,00037,001,10/01/2028 00:00:00,1.000000000,1289.62475,False
162,00231,001,10/01/2028 00:00:00,1.000000000,355.00000,False
163,00010,001,10/01/2028 00:00:00,400.000000000,25.45255,False
163,00233,001,10/01/2028 00:00:00,200.000000000,24.76927,False
163,00248,001,10/01/2028 00:00:00,25.000000000,53.55760,False
163,00259,0001,10/09/2028 00:00:00,225.000000000,19.74725,False
163,00369,0001,08/12/2034 00:00:00,96.000000000,222.94897,False
164,00385,001,10/01/2028 00:00:00,20.000000000,191.25040,False
165,00019,0001,10/09/2028 00:00:00,85.000000000,313.41671,False
166,00180,0001,09/10/2028 00:00:00,12.000000000,1384.03574,False
167,00016,0001,09/04/2028 00:00:00,70.000000000,568.13160,False
168,00016,0001,09/04/2028 00:00:00,15.000000000,568.13160,False
169,00016,0001,09/04/2028 00:00:00,5.000000000,568.13160,False
170,00016,0001,09/04/2028 00:00:00,10.000000000,568.13160,False
171,00010,0001,10/09/2028 00:00:00,500.000000000,21.44397,False
171,00020,0001,10/09/2028 00:00:00,25.000000000,51.92831,False
171,00022,0001,10/09/2028 00:00:00,10.000000000,438.59665,False
171,00032,0001,09/06/2028 00:00:00,120.000000000,284.32728,False
171,00049,0001,09/06/2028 00:00:00,12.000000000,699.86327,False
171,00052,0001,10/09/2028 00:00:00,20.000000000,969.58288,False
171,00090,0001,10/09/2028 00:00:00,8.000000000,1788.32925,False
171,00122,0001,10/09/2028 00:00:00,24.000000000,416.60513,False
171,00152,0001,10/09/2028 00:00:00,50.000000000,184.22688,False
171,00199,0001,10/09/2028 00:00:00,2.000000000,1309.18990,False
171,00212,0001,09/06/2028 00:00:00,53.000000000,1769.61651,False
171,00258,0001,10/09/2028 00:00:00,6.000000000,602.27450,False
171,00259,0001,10/09/2028 00:00:00,450.000000000,19.74725,False
171,00263,0001,10/09/2028 00:00:00,450.000000000,14.74021,False
171,00369,0001,08/12/2034 00:00:00,288.000000000,222.94897,False
171,00392,0001,10/09/2028 00:00:00,48.000000000,284.08024,False
172,00208,0001,10/09/2028 00:00:00,368.000000000,259.30122,False
173,00273,0001,10/09/2028 00:00:00,20.000000000,567.72625,False
173,00274,0001,10/09/2028 00:00:00,120.000000000,1206.49167,False
173,00278,0001,10/09/2028 00:00:00,40.000000000,1384.08850,False
173,00281,0001,10/09/2028 00:00:00,24.000000000,1110.73973,False
173,00285,0001,10/09/2028 00:00:00,300.000000000,191.39110,False
173,00286,0001,10/09/2028 00:00:00,40.000000000,694.63115,False
173,00289,0001,10/09/2028 00:00:00,20.000000000,2173.16343,False
174,00363,0001,07/22/2028 00:00:00,5.000000000,14000.00000,False
175,00363,0001,07/22/2028 00:00:00,5.000000000,14000.00000,False
176,00188,0001,10/09/2028 00:00:00,32.000000000,1005.05570,False
176,00194,0001,10/09/2028 00:00:00,32.000000000,852.26600,False
176,00228,0001,10/09/2028 00:00:00,20.000000000,1809.67143,False
176,00291,0001,10/09/2028 00:00:00,32.000000000,837.98425,False
176,00295,0001,10/09/2028 00:00:00,40.000000000,1078.05695,False
176,00296,0001,10/09/2028 00:00:00,20.000000000,717.50375,False
177,00020,0001,10/09/2028 00:00:00,250.000000000,51.92831,False
177,00022,0001,10/09/2028 00:00:00,50.000000000,438.59665,False
177,00032,0001,09/06/2028 00:00:00,45.000000000,284.32728,False
177,00049,0001,09/06/2028 00:00:00,40.000000000,699.86327,False
177,00220,0001,10/09/2028 00:00:00,20.000000000,435.16633,False
177,00369,0001,08/12/2034 00:00:00,480.000000000,222.94897,False
178,00296,0001,10/09/2028 00:00:00,25.000000000,717.50375,False
179,00220,0001,10/09/2028 00:00:00,20.000000000,435.16633,False
179,00231,0001,10/09/2028 00:00:00,13.000000000,315.23556,False
179,00231,001,10/01/2028 00:00:00,2.000000000,355.00000,False
180,00294,0001,10/09/2028 00:00:00,36.000000000,1030.87463,False
180,00320,0001,10/09/2028 00:00:00,180.000000000,212.69373,False
181,00320,0001,10/09/2028 00:00:00,120.000000000,212.69373,False
182,00197,0001,10/09/2028 00:00:00,108.000000000,712.56302,False
183,00118,0001,10/09/2028 00:00:00,5.000000000,1819.67143,False
183,00209,0001,10/09/2028 00:00:00,20.000000000,2657.86466,False
183,00340,0001,10/09/2028 00:00:00,44.000000000,1113.67062,False
184,00357,000,09/07/2028 00:00:00,2.000000000,621.08656,False
184,00363,0001,07/22/2028 00:00:00,5.000000000,14000.00000,False
185,00363,0001,07/22/2028 00:00:00,10.000000000,14000.00000,False
186,00363,0001,07/22/2028 00:00:00,100.000000000,14000.00000,False
187,00020,0001,10/09/2028 00:00:00,500.000000000,51.92831,False
188,00231,0001,10/09/2028 00:00:00,200.000000000,315.23556,False
188,00248,0001,10/09/2028 00:00:00,500.000000000,47.72157,False
189,00019,0001,10/09/2028 00:00:00,60.000000000,313.41671,False
190,00019,0001,10/09/2028 00:00:00,40.000000000,313.41671,False
191,00020,0001,10/09/2028 00:00:00,500.000000000,51.92831,False
191,00032,0001,09/06/2028 00:00:00,120.000000000,284.32728,False
191,00049,0001,09/06/2028 00:00:00,20.000000000,699.86327,False
191,00231,0001,10/09/2028 00:00:00,100.000000000,315.23556,False
191,00369,0001,08/12/2034 00:00:00,480.000000000,222.94897,False
192,00022,0001,10/09/2028 00:00:00,1.000000000,438.57236,False
192,00074,0001,10/11/2028 00:00:00,1.000000000,500.00000,False
192,00363,0001,07/22/2028 00:00:00,5.000000000,14000.00000,False
193,00022,0001,10/09/2028 00:00:00,200.000000000,438.59665,False
194,00368,0001,10/11/2028 00:00:00,24.000000000,506.31537,False
195,00377,0001,10/11/2028 00:00:00,20.000000000,1226.34200,False
195,00394,0001,10/11/2028 00:00:00,20.000000000,2000.00275,False
196,00357,0001,10/09/2028 00:00:00,6.000000000,312.00922,False
197,00020,0001,10/09/2028 00:00:00,125.000000000,51.92831,False
197,00231,0001,10/09/2028 00:00:00,10.000000000,315.23556,False
197,00248,0001,10/09/2028 00:00:00,125.000000000,47.72157,False
197,00363,0001,07/22/2028 00:00:00,2.000000000,14000.00000,False
198,00020,0001,10/09/2028 00:00:00,125.000000000,51.92831,False
198,00022,0001,10/09/2028 00:00:00,5.000000000,438.59665,False
198,00231,0001,10/09/2028 00:00:00,10.000000000,315.23556,False
198,00248,0001,10/09/2028 00:00:00,125.000000000,47.72157,False
198,00363,0001,07/22/2028 00:00:00,3.000000000,14000.00000,False
199,00380,0001,10/11/2028 00:00:00,60.000000000,1819.65460,False
199,00386,0001,10/11/2028 00:00:00,20.000000000,2064.69493,False
199,00393,0001,10/11/2028 00:00:00,12.000000000,568.29484,False
200,00139,0001,10/10/2028 00:00:00,10.000000000,648.00000,False
200,00199,0001,10/09/2028 00:00:00,20.000000000,1309.18990,False
200,00243,0001,10/11/2028 00:00:00,30.000000000,735.66675,False
200,00264,001,10/11/2034 00:00:00,10.000000000,1500.00000,False
201,00147,0001,10/11/2028 00:00:00,20.000000000,1768.75048,False
201,00292,0001,10/11/2028 00:00:00,40.000000000,1115.30590,False
202,00220,0001,10/09/2028 00:00:00,20.000000000,435.16633,False
202,00231,0001,10/09/2028 00:00:00,100.000000000,315.23556,False
202,00369,0001,08/12/2034 00:00:00,192.000000000,222.94897,False
203,00008,0001,10/12/2028 00:00:00,400.000000000,31.85815,False
203,00013,0001,10/12/2028 00:00:00,400.000000000,40.47800,False
203,00016,0001,09/04/2028 00:00:00,20.000000000,568.13160,False
203,00019,0001,10/09/2028 00:00:00,10.000000000,313.41671,False
203,00030,0001,10/12/2028 00:00:00,900.000000000,29.77071,False
203,00040,0001,09/07/2028 00:00:00,4.000000000,623.93305,False
203,00201,0001,10/12/2028 00:00:00,200.000000000,37.12915,False
203,00220,0001,10/09/2028 00:00:00,10.000000000,435.16633,False
203,00233,0001,10/12/2028 00:00:00,400.000000000,25.05010,False
203,00257,0001,10/12/2028 00:00:00,200.000000000,39.32842,False
203,00258,0001,10/09/2028 00:00:00,10.000000000,602.27450,False
203,00259,0001,10/09/2028 00:00:00,692.000000000,38.91712,False
204,00051,0001,10/12/2028 00:00:00,8.000000000,1389.23850,False
204,00052,0001,10/09/2028 00:00:00,12.000000000,969.58288,False
204,00124,0001,07/29/2034 00:00:00,8.000000000,5000.00000,False
204,00163,001,10/12/2028 00:00:00,4.000000000,1642.58705,False
204,00179,0001,10/12/2028 00:00:00,8.000000000,1865.50000,False
204,00180,0001,09/10/2028 00:00:00,12.000000000,1384.03574,False
204,00199,0001,10/09/2028 00:00:00,4.000000000,1309.18990,False
204,00209,0001,10/09/2028 00:00:00,4.000000000,2657.86466,False
204,00211,0001,10/12/2028 00:00:00,8.000000000,704.57387,False
204,00247,0001,10/12/2028 00:00:00,8.000000000,1212.80842,False
204,00266,0001,10/12/2028 00:00:00,8.000000000,1215.89800,False
204,00340,0001,10/09/2028 00:00:00,8.000000000,1113.67062,False
205,00016,0001,09/04/2028 00:00:00,20.000000000,568.13160,False
206,00008,0001,10/12/2028 00:00:00,500.000000000,31.85815,False
206,00032,0001,09/06/2028 00:00:00,24.000000000,284.32728,False
206,00201,0001,10/12/2028 00:00:00,200.000000000,37.12915,False
206,00262,0001,10/12/2028 00:00:00,300.000000000,12.13892,False
207,00052,0001,10/09/2028 00:00:00,60.000000000,969.58288,False
207,00211,0001,10/12/2028 00:00:00,20.000000000,704.57387,False
207,00247,0001,10/12/2028 00:00:00,40.000000000,1212.80842,False
208,00008,0001,10/12/2028 00:00:00,100.000000000,31.85815,False
208,00010,0001,10/09/2028 00:00:00,100.000000000,21.44397,False
208,00013,0001,10/12/2028 00:00:00,100.000000000,40.47800,False
208,00022,0001,10/09/2028 00:00:00,4.000000000,438.59665,False
208,00257,0001,10/12/2028 00:00:00,100.000000000,39.32842,False
209,00388,0001,10/12/2028 00:00:00,60.000000000,529.45667,False
209,00389,0001,10/12/2028 00:00:00,60.000000000,523.65667,False
209,00390,0001,10/12/2028 00:00:00,20.000000000,2066.91813,False
209,00391,0001,10/12/2028 00:00:00,40.000000000,1049.45310,False
209,00395,0001,10/12/2028 00:00:00,60.000000000,358.61588,False
210,00047,0001,10/12/2028 00:00:00,100.000000000,846.43149,False
210,00137,0001,09/25/2034 00:00:00,20.000000000,2655.00111,False
210,00150,0001,09/25/2034 00:00:00,20.000000000,1651.02323,False
211,00138,0001,10/12/2028 00:00:00,24.000000000,737.67815,False
212,00360,0001,10/12/2028 00:00:00,12.000000000,898.76940,False
212,00364,0001,10/12/2028 00:00:00,12.000000000,841.83510,False
212,00365,0001,10/12/2028 00:00:00,10.000000000,2508.22668,False
212,00376,0001,10/12/2028 00:00:00,12.000000000,1285.52240,False
213,00019,0001,10/09/2028 00:00:00,40.000000000,313.41671,False
213,00147,0001,10/11/2028 00:00:00,25.000000000,1768.75048,False
213,00191,0001,10/12/2028 00:00:00,20.000000000,985.85825,False
213,00343,0001,10/12/2028 00:00:00,50.000000000,378.00000,False
214,00125,0001,10/12/2028 00:00:00,38.000000000,633.26668,False
214,00126,0001,10/12/2028 00:00:00,2000.000000000,56.95869,False
214,00265,0001,10/12/2028 00:00:00,500.000000000,58.87732,False
215,00022,0001,10/09/2028 00:00:00,50.000000000,438.59665,False
215,00220,0001,10/09/2028 00:00:00,50.000000000,435.16633,False
215,00262,0001,10/12/2028 00:00:00,750.000000000,12.13892,False
215,00369,0001,08/12/2034 00:00:00,480.000000000,222.94897,False
216,00220,0001,10/09/2028 00:00:00,10.000000000,435.16633,False
217,00022,0001,10/09/2028 00:00:00,2.000000000,438.59665,False
217,00220,0001,10/09/2028 00:00:00,5.000000000,435.16633,False
218,00022,0001,10/09/2028 00:00:00,5.000000000,438.59665,False
218,00220,0001,10/09/2028 00:00:00,5.000000000,435.16633,False
219,00019,0001,10/09/2028 00:00:00,20.000000000,313.41671,False
220,00019,0001,10/09/2028 00:00:00,20.000000000,313.41671,False
221,00231,0001,10/09/2028 00:00:00,8.000000000,316.27107,False
222,00019,0001,10/09/2028 00:00:00,20.000000000,313.41671,False
222,00020,0001,10/09/2028 00:00:00,300.000000000,51.92831,False
222,00022,0001,10/09/2028 00:00:00,12.000000000,438.59665,False
222,00030,0001,10/12/2028 00:00:00,850.000000000,29.77071,False
222,00032,0001,09/06/2028 00:00:00,120.000000000,284.32728,False
222,00040,0001,09/07/2028 00:00:00,13.000000000,623.93305,False
222,00231,0001,10/09/2028 00:00:00,10.000000000,315.23556,False
222,00262,0001,10/12/2028 00:00:00,1098.000000000,31.11896,False
223,00019,0001,10/09/2028 00:00:00,5.000000000,313.41671,False
223,00020,0001,10/09/2028 00:00:00,25.000000000,51.92831,False
223,00030,0001,10/12/2028 00:00:00,150.000000000,41.92357,False
223,00231,0001,10/09/2028 00:00:00,5.000000000,315.23556,False
223,00248,0001,10/09/2028 00:00:00,25.000000000,47.72157,False
223,00262,0001,10/15/2034 00:00:00,150.000000000,40.00000,False
224,00122,0001,10/09/2028 00:00:00,48.000000000,416.60513,False
224,00260,0001,10/15/2028 00:00:00,8.000000000,932.77967,False
225,00396,0001,10/13/2028 00:00:00,20.000000000,1300.26435,False
226,00393,0001,10/11/2028 00:00:00,40.000000000,568.29484,False
227,00363,0001,07/22/2028 00:00:00,1.000000000,14000.00000,False
228,00397,0001,10/13/2028 00:00:00,80.000000000,497.49557,False
229,00357,0001,10/09/2028 00:00:00,10.000000000,312.00922,False
230,00363,0001,07/22/2028 00:00:00,4.000000000,14000.00000,False
231,00137,0001,09/25/2034 00:00:00,40.000000000,2655.00111,False
232,00019,0001,07/22/2034 00:00:00,21.000000000,1440.00000,False
233,00019,0001,07/22/2034 00:00:00,100.000000000,1440.00000,False
233,00040,0001,09/07/2028 00:00:00,30.000000000,623.93305,False
233,00220,0001,10/09/2028 00:00:00,100.000000000,435.16633,False
234,00010,0001,10/09/2028 00:00:00,500.000000000,21.44397,False
234,00032,0001,09/06/2028 00:00:00,60.000000000,284.32728,False
234,00032,001,09/30/2028 00:00:00,60.000000000,264.92021,False
234,00363,0001,07/22/2028 00:00:00,5.000000000,14000.00000,False
235,00261,0001,10/14/2028 00:00:00,20.000000000,1169.19877,False
236,00399,0001,10/16/2028 00:00:00,24.000000000,697.74863,False
236,00400,0001,10/16/2028 00:00:00,24.000000000,471.61128,False
236,00401,0001,10/16/2028 00:00:00,24.000000000,571.27602,False
236,00402,280726,10/16/2028 00:00:00,24.000000000,488.22861,False
236,00403,280726,10/16/2028 00:00:00,24.000000000,508.89413,False
236,00404,0001,10/16/2028 00:00:00,24.000000000,341.47380,False
237,00357,0001,10/16/2028 00:00:00,4.000000000,547.84972,False
238,00380,0001,10/16/2028 00:00:00,60.000000000,740.73777,False
239,00022,0001,10/09/2028 00:00:00,7.000000000,377.80551,False
239,00212,0001,09/06/2028 00:00:00,2.000000000,1477.54569,False
239,00220,0001,10/16/2028 00:00:00,2.000000000,460.33029,False
239,00231,0001,10/09/2028 00:00:00,2.000000000,316.27107,False
240,00052,0001,10/16/2028 00:00:00,20.000000000,927.73637,False
240,00178,0001,10/16/2028 00:00:00,50.000000000,371.20668,False
241,00220,0001,10/16/2028 00:00:00,10.000000000,460.33029,False
242,00019,0001,10/16/2028 00:00:00,50.000000000,525.00000,False
242,00258,0001,10/16/2034 00:00:00,2.000000000,2659.97388,False
242,00265,0001,10/16/2028 00:00:00,500.000000000,64.68547,False
242,00363,0001,07/22/2028 00:00:00,2.000000000,14000.00000,False
243,00032,0001,10/19/2028 00:00:00,120.000000000,293.96960,False
243,00032,001,09/30/2028 00:00:00,60.000000000,264.92021,False
243,00049,0001,09/06/2028 00:00:00,32.000000000,697.77939,False
243,00199,0001,10/19/2028 00:00:00,50.000000000,337.53100,False
243,00258,0001,10/16/2034 00:00:00,30.000000000,2659.97388,False
244,00363,0001,07/22/2028 00:00:00,2.000000000,14000.00000,False
245,00220,0001,10/16/2028 00:00:00,5.000000000,460.33029,False
246,00008,0001,10/19/2028 00:00:00,800.000000000,30.30803,False
246,00010,0001,10/19/2028 00:00:00,800.000000000,12.64927,False
246,00013,0001,10/19/2028 00:00:00,800.000000000,31.04649,False
246,00201,0001,10/19/2028 00:00:00,400.000000000,31.25106,False
246,00212,0001,09/06/2028 00:00:00,8.000000000,1477.54569,False
246,00220,0001,10/16/2028 00:00:00,15.000000000,460.33029,False
246,00233,0001,10/19/2028 00:00:00,800.000000000,23.94683,False
246,00248,0001,10/09/2028 00:00:00,500.000000000,51.56079,False
246,00257,0001,10/19/2028 00:00:00,400.000000000,26.64658,False
246,00258,0001,10/16/2034 00:00:00,10.000000000,2659.97388,False
246,00263,0001,10/19/2028 00:00:00,1200.000000000,14.63914,False
246,00265,0001,10/16/2028 00:00:00,250.000000000,64.68547,False
247,00357,0001,10/16/2028 00:00:00,2.000000000,547.84972,False
248,00258,0001,10/27/2028 00:00:00,10.000000000,2608.89129,False
248,00363,0001,07/22/2028 00:00:00,10.000000000,14000.00000,False
249,00258,0001,10/27/2028 00:00:00,10.000000000,2608.89129,False
249,00363,0001,07/22/2028 00:00:00,5.000000000,14000.00000,False
250,00247,0001,10/27/2028 00:00:00,52.000000000,1429.43423,False
251,00407,0001,10/27/2028 00:00:00,20.000000000,744.09411,False
252,00199,0001,10/27/2028 00:00:00,2.000000000,1215.23864,False
253,00266,0001,10/27/2028 00:00:00,44.000000000,895.00179,False
254,00363,0001,07/22/2028 00:00:00,10.000000000,14000.00000,False
255,00180,0001,09/10/2028 00:00:00,8.000000000,1561.84221,False
255,00220,0001,10/27/2028 00:00:00,25.000000000,375.54859,False
255,00377,0001,10/27/2028 00:00:00,10.000000000,2170.89725,False
256,00008,0001,10/27/2028 00:00:00,950.000000000,20.59147,False
256,00010,0001,10/27/2028 00:00:00,1600.000000000,19.96422,False
256,00013,0001,10/27/2028 00:00:00,425.000000000,46.61706,False
256,00032,0001,10/19/2028 00:00:00,360.000000000,276.71457,False
256,00231,0001,10/09/2028 00:00:00,100.000000000,425.32330,False
256,00248,0001,10/09/2028 00:00:00,425.000000000,49.46529,False
256,00258,0001,10/27/2028 00:00:00,93.000000000,2608.89129,False
256,00265,0001,10/27/2028 00:00:00,500.000000000,49.18808,False
257,00052,0001,10/27/2028 00:00:00,44.000000000,1111.11413,False
257,00170,0001,10/27/2028 00:00:00,20.000000000,833.75865,False
257,00180,0001,09/10/2028 00:00:00,8.000000000,1561.84221,False
257,00267,0001,10/27/2028 00:00:00,12.000000000,629.99830,False
258,00199,0001,10/27/2028 00:00:00,10.000000000,1215.23864,False
259,00022,0001,10/09/2028 00:00:00,20.000000000,426.90724,False
259,00037,0001,10/29/2028 00:00:00,20.000000000,1384.22025,False
259,00231,0001,10/09/2028 00:00:00,20.000000000,425.32330,False
260,00363,0001,07/22/2028 00:00:00,16.000000000,14000.00000,False
261,00008,0001,10/27/2028 00:00:00,200.000000000,30.05049,False
261,00010,0001,10/27/2028 00:00:00,100.000000000,19.96422,False
261,00013,0001,10/29/2028 00:00:00,100.000000000,64.00000,False
261,00263,0001,10/27/2028 00:00:00,150.000000000,12.89026,False
262,00022,0001,10/09/2028 00:00:00,50.000000000,426.90724,False
262,00220,0001,10/27/2028 00:00:00,50.000000000,375.54859,False
262,00231,0001,10/09/2028 00:00:00,100.000000000,425.32330,False
263,00047,0001,10/28/2028 00:00:00,100.000000000,1549.84561,False
263,00150,0001,09/25/2034 00:00:00,20.000000000,951.65966,False
263,00158,0001,10/28/2028 00:00:00,20.000000000,619.03625,False
263,00196,0001,10/28/2028 00:00:00,20.000000000,552.90400,False
264,00186,0001,10/28/2028 00:00:00,5.000000000,270.00000,False
265,00273,0001,10/29/2028 00:00:00,20.000000000,818.56425,False
265,00274,0001,10/29/2028 00:00:00,88.000000000,2163.20826,False
265,00275,0001,10/29/2028 00:00:00,60.000000000,370.75847,False
265,00276,0001,10/29/2028 00:00:00,32.000000000,1056.85176,False
265,00278,0001,10/29/2028 00:00:00,40.000000000,712.61981,False
265,00280,0001,10/29/2028 00:00:00,44.000000000,1819.02391,False
265,00281,090826,10/29/2034 00:00:00,40.000000000,1108.80656,False
265,00286,0001,10/29/2028 00:00:00,40.000000000,659.39481,False
265,00371,0001,10/29/2028 00:00:00,20.000000000,1911.95306,False
266,00026,0001,10/30/2028 00:00:00,1600.000000000,52.69623,False
266,00028,0001,10/30/2028 00:00:00,100.000000000,1317.40575,False
267,00141,0001,10/30/2028 00:00:00,1000.000000000,65.88683,False
267,00199,0001,10/27/2028 00:00:00,20.000000000,589.95386,False
267,00231,0001,10/09/2028 00:00:00,50.000000000,446.87502,False
268,00292,0001,10/27/2028 00:00:00,240.000000000,986.50779,False
269,00380,0001,10/27/2028 00:00:00,40.000000000,1159.05586,False
269,00391,0001,09/27/2028 00:00:00,60.000000000,873.32383,False
269,00393,0001,10/30/2028 00:00:00,60.000000000,628.75246,False
269,00395,0001,10/27/2028 00:00:00,120.000000000,423.87198,False
269,00405,0001,10/27/2028 00:00:00,120.000000000,313.43028,False
269,00406,0001,10/27/2028 00:00:00,120.000000000,422.38363,False
269,00408,0001,10/27/2028 00:00:00,10.000000000,160.84000,False
269,00409,0001,10/27/2028 00:00:00,10.000000000,161.92908,False
270,00049,0001,09/06/2028 00:00:00,24.000000000,674.98684,False
271,00138,0001,10/27/2028 00:00:00,36.000000000,759.15105,False
271,00188,0001,10/27/2028 00:00:00,36.000000000,587.96940,False
271,00287,0001,10/27/2028 00:00:00,36.000000000,606.24180,False
272,00041,0001,10/28/2028 00:00:00,10.000000000,1217.62100,False
273,00411,0001,10/30/2028 00:00:00,8.000000000,1184.31171,False
273,00412,0001,10/30/2028 00:00:00,8.000000000,878.78376,False
273,00413,0001,10/30/2028 00:00:00,8.000000000,991.71116,False
273,00414,0001,10/30/2028 00:00:00,8.000000000,1567.81561,False
274,00302,0001,10/30/2028 00:00:00,5.000000000,698.19400,False
274,00343,0001,10/30/2028 00:00:00,5.000000000,884.90600,False
275,00050,0001,10/11/2028 00:00:00,24.000000000,433.73276,False
275,00077,0001,10/11/2028 00:00:00,12.000000000,339.41309,False
276,00228,0001,11/01/2028 00:00:00,28.000000000,2043.99383,False
277,00364,0001,11/01/2028 00:00:00,12.000000000,1126.72839,False
278,00226,0001,11/01/2028 00:00:00,60.000000000,571.90749,False
278,00349,0001,11/01/2028 00:00:00,44.000000000,1102.97369,False
279,00040,0001,09/07/2028 00:00:00,50.000000000,7012.64724,False
279,00416,001,11/02/2028 00:00:00,5.000000000,50000.00000,False
280,00399,0001,11/01/2028 00:00:00,24.000000000,290.00776,False
280,00400,0001,11/01/2028 00:00:00,24.000000000,103.11072,False
280,00401,0001,11/01/2028 00:00:00,24.000000000,413.77916,False
280,00402,0001,11/01/2028 00:00:00,24.000000000,351.85862,False
280,00403,0001,11/01/2028 00:00:00,24.000000000,97.24028,False
280,00404,0001,11/01/2028 00:00:00,24.000000000,340.40091,False
280,00415,0001,11/01/2028 00:00:00,4.000000000,2306.71715,False
281,00055,0001,11/02/2028 00:00:00,12.000000000,498.82915,False
281,00063,0001,11/02/2028 00:00:00,12.000000000,341.51879,False
282,00041,0001,11/02/2028 00:00:00,5.000000000,1234.28767,False
283,00022,0001,10/09/2028 00:00:00,2.000000000,438.57236,False
283,00212,0001,09/06/2028 00:00:00,2.000000000,1519.39872,False
283,00357,0001,10/16/2028 00:00:00,2.000000000,547.84972,False
284,00022,0001,10/09/2028 00:00:00,2.000000000,438.57236,False
284,00199,0001,10/27/2028 00:00:00,2.000000000,589.95386,False
285,00022,0001,10/09/2028 00:00:00,1.000000000,438.57236,False
285,00220,0001,10/27/2028 00:00:00,2.000000000,375.54859,False
285,00363,0001,07/22/2028 00:00:00,1.000000000,14000.00000,False
286,00022,0001,10/09/2028 00:00:00,1.000000000,438.57236,False
286,00212,0001,09/06/2028 00:00:00,3.000000000,1519.39872,False
286,00231,0001,10/09/2028 00:00:00,1.000000000,446.87502,False
287,00022,0001,10/09/2028 00:00:00,3.000000000,438.57236,False
287,00199,0001,10/27/2028 00:00:00,1.000000000,589.95386,False
287,00231,0001,10/09/2028 00:00:00,6.000000000,446.87502,False
288,00129,0001,11/03/2028 00:00:00,44.000000000,1076.50689,False
288,00144,0001,11/03/2028 00:00:00,44.000000000,901.83729,False
288,00147,0001,11/03/2028 00:00:00,28.000000000,1883.27954,False
288,00183,0001,11/03/2028 00:00:00,40.000000000,886.89574,False
288,00260,0001,11/03/2028 00:00:00,40.000000000,865.10944,False
288,00268,0001,11/03/2028 00:00:00,120.000000000,355.06640,False
289,00264,001,10/11/2034 00:00:00,100.000000000,1500.00000,False
