SerialNo,SaleId,ProductId,IsSaleOnTp,Quantity,Bonus,Price,DiscRatio1,DiscRatio2,STValue,STRatio,TTLValue,TTLSalestax,IsDeleted,Description
1,1,00244,True,1100.000000000,0,65.0000,0.00,0.00,0.00,0.00,71500.00,0.00,False,
2,2,00278,True,40.000000000,0,10000.0000,0.00,0.00,0.00,0.00,400000.00,0.00,False,
4,3,00358,True,12.000000000,0,3325.0000,0.00,0.00,0.00,0.00,39900.00,0.00,False,
7,3,00360,True,12.000000000,0,5225.0000,0.00,0.00,0.00,0.00,62700.00,0.00,False,
6,3,00362,True,12.000000000,0,5000.0000,0.00,0.00,0.00,0.00,60000.00,0.00,False,
3,3,00364,True,24.000000000,0,3325.0000,0.00,0.00,0.00,0.00,79800.00,0.00,False,
8,3,00365,True,10.000000000,0,6840.0000,0.00,0.00,0.00,0.00,68400.00,0.00,False,
9,3,00366,True,10.000000000,0,6840.0000,0.00,0.00,0.00,0.00,68400.00,0.00,False,
5,3,00367,True,20.000000000,0,6000.0000,0.00,0.00,0.00,0.00,120000.00,0.00,False,
10,4,00050,True,12.000000000,0,1200.0000,0.00,0.00,0.00,0.00,14400.00,0.00,False,
12,5,00016,True,36.000000000,0,2904.0000,0.00,0.00,0.00,0.00,104544.00,0.00,False,
11,5,00231,True,150.000000000,0,1320.0000,0.00,0.00,0.00,0.00,198000.00,0.00,False,
14,6,00022,True,4.000000000,0,2000.0000,0.00,0.00,0.00,0.00,8000.00,0.00,False,
13,6,00357,True,2.000000000,0,10000.0000,0.00,0.00,0.00,0.00,20000.00,0.00,False,
15,7,00220,True,10.000000000,0,3000.0000,0.00,0.00,0.00,0.00,30000.00,0.00,False,
17,8,00026,True,1000.000000000,0,145.0000,0.00,0.00,0.00,0.00,145000.00,0.00,False,
16,8,00078,True,200.000000000,0,927.0000,0.00,0.00,0.00,0.00,185400.00,0.00,False,
18,9,00274,True,52.000000000,0,5000.0000,0.00,0.00,0.00,0.00,260000.00,0.00,False,
19,10,00137,True,20.000000000,0,6000.0000,0.00,0.00,0.00,0.00,120000.00,0.00,False,
22,11,00054,True,12.000000000,0,852.0000,0.00,0.00,0.00,0.00,10224.00,0.00,False,
21,11,00055,True,12.000000000,0,1300.0000,0.00,0.00,0.00,0.00,15600.00,0.00,False,
23,11,00063,True,12.000000000,0,450.0000,0.00,0.00,0.00,0.00,5400.00,0.00,False,
20,11,00368,True,12.000000000,0,1200.0000,0.00,0.00,0.00,0.00,14400.00,0.00,False,
30,12,00019,True,56.000000000,0,2016.0000,0.00,0.00,0.00,0.00,112896.00,0.00,False,
24,12,00046,True,8.000000000,0,9000.0000,0.00,0.00,0.00,0.00,72000.00,0.00,False,
27,12,00052,True,8.000000000,0,7200.0000,0.00,0.00,0.00,0.00,57600.00,0.00,False,
28,12,00053,True,4.000000000,0,18000.0000,0.00,0.00,0.00,0.00,72000.00,0.00,False,
26,12,00119,True,4.000000000,0,9000.0000,0.00,0.00,0.00,0.00,36000.00,0.00,False,
29,12,00231,True,50.000000000,0,1440.0000,0.00,0.00,0.00,0.00,72000.00,0.00,False,
25,12,00261,True,8.000000000,0,5400.0000,0.00,0.00,0.00,0.00,43200.00,0.00,False,
31,13,00052,True,28.000000000,0,7200.0000,0.00,0.00,0.00,0.00,201600.00,0.00,False,
32,14,00228,True,24.000000000,0,8200.0000,0.00,0.00,0.00,0.00,196800.00,0.00,False,
33,15,00147,True,10.000000000,0,14080.0000,0.00,0.00,0.00,0.00,140800.00,0.00,False,
35,16,00135,True,40.000000000,0,8096.0000,0.00,0.00,0.00,0.00,323840.00,0.00,False,
34,16,00177,True,48.000000000,0,10164.0000,0.00,0.00,0.00,0.00,487872.00,0.00,False,
36,16,00356,True,48.000000000,0,1320.0000,0.00,0.00,0.00,0.00,63360.00,0.00,False,
37,17,00138,True,104.000000000,0,5000.0000,0.00,0.00,0.00,0.00,520000.00,0.00,False,
38,17,00307,True,44.000000000,0,19360.0000,0.00,0.00,0.00,0.00,851840.00,0.00,False,
39,18,00364,True,28.000000000,0,3325.0000,0.00,0.00,0.00,0.00,93100.00,0.00,False,
40,19,00016,True,5.000000000,0,2904.0000,0.00,0.00,0.00,0.00,14520.00,0.00,False,
41,20,00184,True,190.000000000,0,2992.0000,0.00,0.00,0.00,0.00,568480.00,0.00,False,
42,20,00205,True,120.000000000,0,1302.0000,0.00,0.00,0.00,0.00,156240.00,0.00,False,
43,21,00124,True,24.000000000,0,6000.0000,0.00,0.00,0.00,0.00,144000.00,0.00,False,
44,22,00040,True,10.000000000,0,13200.0000,0.00,0.00,0.00,0.00,132000.00,0.00,False,
45,23,00194,True,48.000000000,0,5500.0000,0.00,0.00,0.00,0.00,264000.00,0.00,False,
50,24,00274,True,100.000000000,0,5000.0000,0.00,0.00,0.00,0.00,500000.00,0.00,False,
46,24,00276,True,40.000000000,0,4000.0000,0.00,0.00,0.00,0.00,160000.00,0.00,False,
47,24,00278,True,20.000000000,0,10000.0000,0.00,0.00,0.00,0.00,200000.00,0.00,False,
49,24,00280,True,32.000000000,0,2500.0000,0.00,0.00,0.00,0.00,80000.00,0.00,False,
48,24,00281,True,32.000000000,0,4200.0000,0.00,0.00,0.00,0.00,134400.00,0.00,False,
51,25,00022,True,10.000000000,0,2000.0000,0.00,0.00,0.00,0.00,20000.00,0.00,False,
62,26,00008,True,1077.000000000,0,70.0000,0.00,0.00,0.00,0.00,75390.00,0.00,False,
58,26,00010,True,2000.000000000,0,77.0000,0.00,0.00,0.00,0.00,154000.00,0.00,False,
64,26,00013,True,381.000000000,0,70.0000,0.00,0.00,0.00,0.00,26670.00,0.00,False,
52,26,00016,True,200.000000000,0,2904.0000,0.00,0.00,0.00,0.00,580800.00,0.00,False,
60,26,00030,True,750.000000000,0,64.0000,0.00,0.00,0.00,0.00,48000.00,0.00,False,
57,26,00032,True,180.000000000,0,742.0000,0.00,0.00,0.00,0.00,133560.00,0.00,False,
54,26,00212,True,49.000000000,0,5016.0000,0.00,0.00,0.00,0.00,245784.00,0.00,False,
55,26,00220,True,50.000000000,0,1540.0000,0.00,0.00,0.00,0.00,77000.00,0.00,False,
53,26,00231,True,100.000000000,0,1320.0000,0.00,0.00,0.00,0.00,132000.00,0.00,False,
63,26,00233,True,2000.000000000,0,70.0000,0.00,0.00,0.00,0.00,140000.00,0.00,False,
61,26,00257,True,1000.000000000,0,158.0000,0.00,0.00,0.00,0.00,158000.00,0.00,False,
59,26,00259,True,2400.000000000,0,44.0000,0.00,0.00,0.00,0.00,105600.00,0.00,False,
56,26,00369,True,480.000000000,0,300.0000,0.00,0.00,0.00,0.00,144000.00,0.00,False,
65,27,00369,True,96.000000000,0,300.0000,0.00,0.00,0.00,0.00,28800.00,0.00,False,
66,28,00369,True,192.000000000,0,300.0000,0.00,0.00,0.00,0.00,57600.00,0.00,False,
67,29,00369,True,288.000000000,0,300.0000,0.00,0.00,0.00,0.00,86400.00,0.00,False,
68,30,00369,True,288.000000000,0,300.0000,0.00,0.00,0.00,0.00,86400.00,0.00,False,
69,31,00051,True,24.000000000,0,15400.0000,0.00,0.00,0.00,0.00,369600.00,0.00,False,
70,31,00226,True,24.000000000,0,2816.0000,0.00,0.00,0.00,0.00,67584.00,0.00,False,
71,31,00260,True,16.000000000,0,17600.0000,0.00,0.00,0.00,0.00,281600.00,0.00,False,
72,31,00330,True,32.000000000,0,8096.0000,0.00,0.00,0.00,0.00,259072.00,0.00,False,
74,32,00022,True,20.000000000,0,2310.0000,0.00,0.00,0.00,0.00,46200.00,0.00,False,
73,32,00220,True,40.000000000,0,1540.0000,0.00,0.00,0.00,0.00,61600.00,0.00,False,
75,33,00028,True,100.000000000,0,3625.0000,0.00,0.00,0.00,0.00,362500.00,0.00,False,
76,34,00318,True,240.000000000,0,650.0000,0.00,0.00,0.00,0.00,156000.00,0.00,False,
78,35,00008,True,400.000000000,0,77.0000,0.00,0.00,0.00,0.00,30800.00,0.00,False,
77,35,00265,True,960.000000000,0,240.0000,0.00,0.00,0.00,0.00,230400.00,0.00,False,
79,36,00369,True,384.000000000,0,300.0000,0.00,0.00,0.00,0.00,115200.00,0.00,False,
80,37,00292,True,80.000000000,0,5060.0000,0.00,0.00,0.00,0.00,404800.00,0.00,False,
81,37,00370,True,120.000000000,0,880.0000,0.00,0.00,0.00,0.00,105600.00,0.00,False,
82,38,00086,True,240.000000000,0,1300.0000,0.00,0.00,0.00,0.00,312000.00,0.00,False,
84,39,00363,True,4.000000000,0,16000.0000,0.00,0.00,0.00,0.00,64000.00,0.00,False,
83,39,00369,True,384.000000000,0,300.0000,0.00,0.00,0.00,0.00,115200.00,0.00,False,
85,40,00369,True,96.000000000,0,300.0000,0.00,0.00,0.00,0.00,28800.00,0.00,False,
94,41,00010,True,200.000000000,0,77.0000,0.00,0.00,0.00,0.00,15400.00,0.00,False,
90,41,00016,True,30.000000000,0,2700.0000,0.00,0.00,0.00,0.00,81000.00,0.00,False,
89,41,00020,True,100.000000000,0,154.0000,0.00,0.00,0.00,0.00,15400.00,0.00,False,
92,41,00030,True,250.000000000,0,64.0000,0.00,0.00,0.00,0.00,16000.00,0.00,False,
93,41,00032,True,60.000000000,0,742.0000,0.00,0.00,0.00,0.00,44520.00,0.00,False,
88,41,00050,True,24.000000000,0,1584.0000,0.00,0.00,0.00,0.00,38016.00,0.00,False,
86,41,00233,True,200.000000000,0,70.0000,0.00,0.00,0.00,0.00,14000.00,0.00,False,
91,41,00258,True,10.000000000,0,6600.0000,0.00,0.00,0.00,0.00,66000.00,0.00,False,
87,41,00259,True,1440.000000000,0,44.0000,0.00,0.00,0.00,0.00,63360.00,0.00,False,
95,41,00369,True,96.000000000,0,300.0000,0.00,0.00,0.00,0.00,28800.00,0.00,False,
96,42,00243,True,20.000000000,0,3200.0000,0.00,0.00,0.00,0.00,64000.00,0.00,False,
97,43,00016,True,20.000000000,0,2904.0000,0.00,0.00,0.00,0.00,58080.00,0.00,False,
98,43,00220,True,10.000000000,0,1540.0000,0.00,0.00,0.00,0.00,15400.00,0.00,False,
99,44,00259,True,1144.000000000,0,44.0000,0.00,0.00,0.00,0.00,50336.00,0.00,False,
100,45,00315,True,100.000000000,0,1100.0000,0.00,0.00,0.00,0.00,110000.00,0.00,False,
101,46,00138,True,80.000000000,0,4000.0000,0.00,0.00,0.00,0.00,320000.00,0.00,False,
102,46,00189,True,56.000000000,0,4000.0000,0.00,0.00,0.00,0.00,224000.00,0.00,False,
103,47,00208,True,360.000000000,0,1320.0000,0.00,0.00,0.00,0.00,475200.00,0.00,False,
104,48,00273,True,20.000000000,0,7000.0000,0.00,0.00,0.00,0.00,140000.00,0.00,False,
105,48,00285,True,150.000000000,0,900.0000,0.00,0.00,0.00,0.00,135000.00,0.00,False,
106,48,00371,True,20.000000000,0,4000.0000,0.00,0.00,0.00,0.00,80000.00,0.00,False,
108,49,00040,True,2.000000000,0,15000.0000,0.00,0.00,0.00,0.00,30000.00,0.00,False,
107,49,00231,True,2.000000000,0,1500.0000,0.00,0.00,0.00,0.00,3000.00,0.00,False,
112,50,00129,True,44.000000000,0,11616.0000,0.00,0.00,0.00,0.00,511104.00,0.00,False,
114,50,00130,True,4.000000000,0,8800.0000,0.00,0.00,0.00,0.00,35200.00,0.00,False,
113,50,00135,True,128.000000000,0,8096.0000,0.00,0.00,0.00,0.00,1036288.00,0.00,False,
110,50,00136,True,44.000000000,0,6336.0000,0.00,0.00,0.00,0.00,278784.00,0.00,False,
111,50,00144,True,84.000000000,0,6600.0000,0.00,0.00,0.00,0.00,554400.00,0.00,False,
109,50,00177,True,92.000000000,0,10164.0000,0.00,0.00,0.00,0.00,935088.00,0.00,False,
115,51,00130,True,116.000000000,0,8800.0000,0.00,0.00,0.00,0.00,1020800.00,0.00,False,
120,51,00131,True,160.000000000,0,8096.0000,0.00,0.00,0.00,0.00,1295360.00,0.00,False,
116,51,00132,True,59.000000000,0,10208.0000,0.00,0.00,0.00,0.00,602272.00,0.00,False,
118,51,00133,True,60.000000000,0,5896.0000,0.00,0.00,0.00,0.00,353760.00,0.00,False,
117,51,00145,True,164.000000000,0,13376.0000,0.00,0.00,0.00,0.00,2193664.00,0.00,False,
121,51,00260,True,92.000000000,0,17600.0000,0.00,0.00,0.00,0.00,1619200.00,0.00,False,
122,51,00314,True,40.000000000,0,14080.0000,0.00,0.00,0.00,0.00,563200.00,0.00,False,
119,51,00349,True,80.000000000,0,4400.0000,0.00,0.00,0.00,0.00,352000.00,0.00,False,
123,52,00363,True,10.000000000,0,15000.0000,0.00,0.00,0.00,0.00,150000.00,0.00,False,
124,53,00170,True,16.000000000,0,2800.0000,0.00,0.00,0.00,0.00,44800.00,0.00,False,
125,53,00266,True,12.000000000,0,2800.0000,0.00,0.00,0.00,0.00,33600.00,0.00,False,
126,54,00049,True,12.000000000,0,4000.0000,0.00,0.00,0.00,0.00,48000.00,0.00,False,
127,55,00295,True,36.000000000,0,4000.0000,0.00,0.00,0.00,0.00,144000.00,0.00,False,
128,55,00296,True,10.000000000,1,2000.0000,0.00,0.00,0.00,0.00,20000.00,0.00,False,
129,56,00180,True,32.000000000,0,2800.0000,0.00,0.00,0.00,0.00,89600.00,0.00,False,
130,57,00047,True,100.000000000,0,4000.0000,0.00,0.00,0.00,0.00,400000.00,0.00,False,
131,58,00363,True,10.000000000,0,15000.0000,0.00,0.00,0.00,0.00,150000.00,0.00,False,
132,59,00019,True,200.000000000,0,3080.0000,0.00,0.00,0.00,0.00,616000.00,0.00,False,
133,60,00156,True,200.000000000,0,1500.0000,0.00,0.00,0.00,0.00,300000.00,0.00,False,
134,61,00231,True,50.000000000,0,1000.0000,0.00,0.00,0.00,0.00,50000.00,0.00,False,
135,62,00125,True,22.000000000,0,4500.0000,0.00,0.00,0.00,0.00,99000.00,0.00,False,
136,63,00231,True,20.000000000,0,1320.0000,0.00,0.00,0.00,0.00,26400.00,0.00,False,
137,63,00258,True,5.000000000,0,8250.0000,0.00,0.00,0.00,0.00,41250.00,0.00,False,
138,64,00228,True,24.000000000,0,8200.0000,0.00,0.00,0.00,0.00,196800.00,0.00,False,
139,65,00053,True,200.000000000,0,14080.0000,0.00,0.00,0.00,0.00,2816000.00,0.00,False,
142,65,00124,True,42.000000000,0,7920.0000,0.00,0.00,0.00,0.00,332640.00,0.00,False,
141,65,00129,True,6.000000000,0,11616.0000,0.00,0.00,0.00,0.00,69696.00,0.00,False,
144,65,00147,True,130.000000000,0,14080.0000,0.00,0.00,0.00,0.00,1830400.00,0.00,False,
140,65,00184,True,156.000000000,0,2992.0000,0.00,0.00,0.00,0.00,466752.00,0.00,False,
143,65,00307,True,44.000000000,0,19360.0000,0.00,0.00,0.00,0.00,851840.00,0.00,False,
145,65,00344,True,54.000000000,0,7480.0000,0.00,0.00,0.00,0.00,403920.00,0.00,False,
146,66,00139,True,10.000000000,0,3500.0000,0.00,0.00,0.00,0.00,35000.00,0.00,False,
148,67,00276,True,52.000000000,0,4000.0000,0.00,0.00,0.00,0.00,208000.00,0.00,False,
147,67,00281,True,52.000000000,0,4200.0000,0.00,0.00,0.00,0.00,218400.00,0.00,False,
149,67,00372,True,20.000000000,0,4000.0000,0.00,0.00,0.00,0.00,80000.00,0.00,False,
150,67,00373,True,5.000000000,0,15000.0000,0.00,0.00,0.00,0.00,75000.00,0.00,False,
151,68,00363,True,7.000000000,0,15000.0000,0.00,0.00,0.00,0.00,105000.00,0.00,False,
152,69,00285,True,150.000000000,0,900.0000,0.00,0.00,0.00,0.00,135000.00,0.00,False,
153,69,00286,True,60.000000000,0,2000.0000,0.00,0.00,0.00,0.00,120000.00,0.00,False,
154,70,00022,True,100.000000000,0,2000.0000,0.00,0.00,0.00,0.00,200000.00,0.00,False,
155,71,00032,True,60.000000000,0,742.0000,0.00,0.00,0.00,0.00,44520.00,0.00,False,
156,71,00233,True,200.000000000,0,70.0000,0.00,0.00,0.00,0.00,14000.00,0.00,False,
157,72,00019,True,50.000000000,0,3080.0000,0.00,0.00,0.00,0.00,154000.00,0.00,False,
158,72,00040,True,2.000000000,0,9000.0000,0.00,0.00,0.00,0.00,18000.00,0.00,False,
159,73,00376,True,24.000000000,0,3325.0000,0.00,0.00,0.00,0.00,79800.00,0.00,False,
160,74,00197,True,20.000000000,0,3850.0000,0.00,0.00,0.00,0.00,77000.00,0.00,False,
162,75,00228,True,20.000000000,0,8200.0000,0.00,0.00,0.00,0.00,164000.00,0.00,False,
161,75,00291,True,28.000000000,0,3000.0000,0.00,0.00,0.00,0.00,84000.00,0.00,False,
163,75,00296,True,25.000000000,0,2000.0000,0.00,0.00,0.00,0.00,50000.00,0.00,False,
164,76,00156,True,400.000000000,0,1500.0000,0.00,0.00,0.00,0.00,600000.00,0.00,False,
165,77,00231,True,100.000000000,0,1000.0000,0.00,0.00,0.00,0.00,100000.00,0.00,False,
166,78,00220,True,150.000000000,0,1200.0000,0.00,0.00,0.00,0.00,180000.00,0.00,False,
167,79,00363,True,5.000000000,0,16000.0000,0.00,0.00,0.00,0.00,80000.00,0.00,False,
169,80,00274,True,52.000000000,0,5000.0000,0.00,0.00,0.00,0.00,260000.00,0.00,False,
172,80,00278,True,20.000000000,0,10000.0000,0.00,0.00,0.00,0.00,200000.00,0.00,False,
170,80,00280,True,48.000000000,0,2500.0000,0.00,0.00,0.00,0.00,120000.00,0.00,False,
171,80,00281,True,44.000000000,0,4200.0000,0.00,0.00,0.00,0.00,184800.00,0.00,False,
168,80,00285,True,225.000000000,0,900.0000,0.00,0.00,0.00,0.00,202500.00,0.00,False,
173,80,00289,True,10.000000000,0,6000.0000,0.00,0.00,0.00,0.00,60000.00,0.00,False,
174,80,00373,True,10.000000000,0,15000.0000,0.00,0.00,0.00,0.00,150000.00,0.00,False,
175,81,00352,True,20.000000000,0,55000.0000,0.00,0.00,0.00,0.00,1100000.00,0.00,False,
176,82,00016,True,34.000000000,0,2904.0000,0.00,0.00,0.00,0.00,98736.00,0.00,False,
178,82,00040,True,10.000000000,0,13200.0000,0.00,0.00,0.00,0.00,132000.00,0.00,False,
177,82,00125,True,19.000000000,0,6600.0000,0.00,0.00,0.00,0.00,125400.00,0.00,False,
179,82,00231,True,100.000000000,0,1320.0000,0.00,0.00,0.00,0.00,132000.00,0.00,False,
180,83,00231,True,15.000000000,0,1320.0000,0.00,0.00,0.00,0.00,19800.00,0.00,False,
182,84,00124,True,16.000000000,0,6000.0000,0.00,0.00,0.00,0.00,96000.00,0.00,False,
181,84,00135,True,20.000000000,0,1800.0000,0.00,0.00,0.00,0.00,36000.00,0.00,False,
183,85,00051,True,40.000000000,0,4800.0000,0.00,0.00,0.00,0.00,192000.00,0.00,False,
184,85,00211,True,40.000000000,0,2175.0000,0.00,0.00,0.00,0.00,87000.00,0.00,False,
185,85,00339,True,48.000000000,0,3000.0000,0.00,0.00,0.00,0.00,144000.00,0.00,False,
186,85,00340,True,60.000000000,0,2800.0000,0.00,0.00,0.00,0.00,168000.00,0.00,False,
187,86,00049,True,44.000000000,0,1550.0000,0.00,0.00,0.00,0.00,68200.00,0.00,False,
189,86,00052,True,44.000000000,0,3300.0000,0.00,0.00,0.00,0.00,145200.00,0.00,False,
188,86,00211,True,8.000000000,0,2175.0000,0.00,0.00,0.00,0.00,17400.00,0.00,False,
190,87,00052,True,60.000000000,0,3300.0000,0.00,0.00,0.00,0.00,198000.00,0.00,False,
191,88,00052,True,44.000000000,0,3300.0000,0.00,0.00,0.00,0.00,145200.00,0.00,False,
192,89,00047,True,120.000000000,0,4000.0000,0.00,0.00,0.00,0.00,480000.00,0.00,False,
193,90,00010,True,200.000000000,0,77.0000,0.00,0.00,0.00,0.00,15400.00,0.00,False,
194,90,00233,True,200.000000000,0,70.0000,0.00,0.00,0.00,0.00,14000.00,0.00,False,
195,90,00248,True,25.000000000,0,92.0000,0.00,0.00,0.00,0.00,2300.00,0.00,False,
198,91,00010,True,500.000000000,0,77.0000,0.00,0.00,0.00,0.00,38500.00,0.00,False,
211,91,00016,True,10.000000000,0,2700.0000,0.00,0.00,0.00,0.00,27000.00,0.00,False,
200,91,00022,True,30.000000000,0,2310.0000,0.00,0.00,0.00,0.00,69300.00,0.00,False,
204,91,00024,True,48.000000000,0,1430.0000,0.00,0.00,0.00,0.00,68640.00,0.00,False,
209,91,00030,True,1200.000000000,0,64.0000,0.00,0.00,0.00,0.00,76800.00,0.00,False,
199,91,00032,True,60.000000000,0,742.0000,0.00,0.00,0.00,0.00,44520.00,0.00,False,
201,91,00038,True,5.000000000,0,7500.0000,0.00,0.00,0.00,0.00,37500.00,0.00,False,
203,91,00052,True,12.000000000,0,6000.0000,0.00,0.00,0.00,0.00,72000.00,0.00,False,
202,91,00054,True,24.000000000,0,1420.0000,0.00,0.00,0.00,0.00,34080.00,0.00,False,
205,91,00064,True,60.000000000,0,600.0000,0.00,0.00,0.00,0.00,36000.00,0.00,False,
206,91,00091,True,8.000000000,0,2500.0000,0.00,0.00,0.00,0.00,20000.00,0.00,False,
213,91,00121,True,75.000000000,0,700.0000,0.00,0.00,0.00,0.00,52500.00,0.00,False,
207,91,00151,True,60.000000000,0,500.0000,0.00,0.00,0.00,0.00,30000.00,0.00,False,
208,91,00187,True,12.000000000,0,6000.0000,0.00,0.00,0.00,0.00,72000.00,0.00,False,
197,91,00201,True,200.000000000,0,158.0000,0.00,0.00,0.00,0.00,31600.00,0.00,False,
212,91,00212,True,10.000000000,0,5016.0000,0.00,0.00,0.00,0.00,50160.00,0.00,False,
210,91,00220,True,10.000000000,0,1540.0000,0.00,0.00,0.00,0.00,15400.00,0.00,False,
196,91,00233,True,200.000000000,0,70.0000,0.00,0.00,0.00,0.00,14000.00,0.00,False,
214,92,00363,True,100.000000000,0,15400.0000,0.00,0.00,0.00,0.00,1540000.00,0.00,False,
215,93,00197,True,100.000000000,0,3850.0000,0.00,0.00,0.00,0.00,385000.00,0.00,False,
217,94,00051,True,8.000000000,0,4800.0000,0.00,0.00,0.00,0.00,38400.00,0.00,False,
216,94,00170,True,16.000000000,0,2800.0000,0.00,0.00,0.00,0.00,44800.00,0.00,False,
219,95,00022,True,10.000000000,0,2310.0000,0.00,0.00,0.00,0.00,23100.00,0.00,False,
220,95,00220,True,5.000000000,0,1540.0000,0.00,0.00,0.00,0.00,7700.00,0.00,False,
218,95,00231,True,20.000000000,0,1320.0000,0.00,0.00,0.00,0.00,26400.00,0.00,False,
221,96,00357,True,10.000000000,0,12000.0000,0.00,0.00,0.00,0.00,120000.00,0.00,False,
224,97,00317,True,240.000000000,0,700.0000,0.00,0.00,0.00,0.00,168000.00,0.00,False,
222,97,00318,True,240.000000000,0,650.0000,0.00,0.00,0.00,0.00,156000.00,0.00,False,
223,97,00319,True,240.000000000,0,600.0000,0.00,0.00,0.00,0.00,144000.00,0.00,False,
226,98,00040,True,1.000000000,0,12000.0000,0.00,0.00,0.00,0.00,12000.00,0.00,False,
225,98,00377,True,40.000000000,0,4000.0000,0.00,0.00,0.00,0.00,160000.00,0.00,False,
227,99,00375,True,3.000000000,0,2000.0000,0.00,0.00,0.00,0.00,6000.00,0.00,False,
228,100,00231,True,10.000000000,0,1500.0000,0.00,0.00,0.00,0.00,15000.00,0.00,False,
229,101,00074,True,2.000000000,0,7500.0000,0.00,0.00,0.00,0.00,15000.00,0.00,False,
231,102,00051,True,12.000000000,0,4800.0000,0.00,0.00,0.00,0.00,57600.00,0.00,False,
230,102,00052,True,8.000000000,0,3300.0000,0.00,0.00,0.00,0.00,26400.00,0.00,False,
234,102,00072,True,4.000000000,0,1800.0000,0.00,0.00,0.00,0.00,7200.00,0.00,False,
236,102,00076,True,2.000000000,0,6000.0000,0.00,0.00,0.00,0.00,12000.00,0.00,False,
233,102,00163,True,8.000000000,0,3000.0000,0.00,0.00,0.00,0.00,24000.00,0.00,False,
235,102,00209,True,2.000000000,0,5500.0000,0.00,0.00,0.00,0.00,11000.00,0.00,False,
232,102,00266,True,4.000000000,0,2800.0000,0.00,0.00,0.00,0.00,11200.00,0.00,False,
240,103,00124,True,4.000000000,4,0.0001,0.00,0.00,0.00,0.00,0.00,0.00,False,
242,103,00273,True,20.000000000,0,7000.0000,0.00,0.00,0.00,0.00,140000.00,0.00,False,
237,103,00274,True,60.000000000,0,5000.0000,0.00,0.00,0.00,0.00,300000.00,0.00,False,
241,103,00285,True,150.000000000,0,900.0000,0.00,0.00,0.00,0.00,135000.00,0.00,False,
238,103,00371,True,20.000000000,0,4000.0000,0.00,0.00,0.00,0.00,80000.00,0.00,False,
239,103,00372,True,20.000000000,0,4000.0000,0.00,0.00,0.00,0.00,80000.00,0.00,False,
244,104,00357,True,3.000000000,0,12000.0000,0.00,0.00,0.00,0.00,36000.00,0.00,False,
243,104,00363,True,5.000000000,0,15000.0000,0.00,0.00,0.00,0.00,75000.00,0.00,False,
245,105,00026,True,1860.000000000,0,145.0000,0.00,0.00,0.00,0.00,269700.00,0.00,False,
246,105,00028,True,100.000000000,0,3625.0000,0.00,0.00,0.00,0.00,362500.00,0.00,False,
247,106,00220,True,10.000000000,0,3000.0000,0.00,0.00,0.00,0.00,30000.00,0.00,False,
248,107,00231,True,20.000000000,0,1320.0000,0.00,0.00,0.00,0.00,26400.00,0.00,False,
249,108,00008,True,400.000000000,0,77.0000,0.00,0.00,0.00,0.00,30800.00,0.00,False,
250,108,00369,True,96.000000000,0,300.0000,0.00,0.00,0.00,0.00,28800.00,0.00,False,
251,109,00008,True,400.000000000,0,77.0000,0.00,0.00,0.00,0.00,30800.00,0.00,False,
252,109,00369,True,96.000000000,0,300.0000,0.00,0.00,0.00,0.00,28800.00,0.00,False,
253,110,00369,True,1440.000000000,0,300.0000,0.00,0.00,0.00,0.00,432000.00,0.00,False,
254,111,00369,True,480.000000000,0,300.0000,0.00,0.00,0.00,0.00,144000.00,0.00,False,
255,112,00369,True,960.000000000,0,300.0000,0.00,0.00,0.00,0.00,288000.00,0.00,False,
256,113,00369,True,96.000000000,0,300.0000,0.00,0.00,0.00,0.00,28800.00,0.00,False,
259,114,00022,True,15.000000000,0,2000.0000,0.00,0.00,0.00,0.00,30000.00,0.00,False,
261,114,00035,True,10.000000000,0,8000.0000,0.00,0.00,0.00,0.00,80000.00,0.00,False,
260,114,00124,True,2.000000000,0,10000.0000,0.00,0.00,0.00,0.00,20000.00,0.00,False,
258,114,00199,True,2.000000000,0,12000.0000,0.00,0.00,0.00,0.00,24000.00,0.00,False,
262,114,00212,True,2.000000000,0,6000.0000,0.00,0.00,0.00,0.00,12000.00,0.00,False,
257,114,00220,True,5.000000000,0,2000.0000,0.00,0.00,0.00,0.00,10000.00,0.00,False,
268,115,00019,True,50.000000000,0,2200.0000,0.00,0.00,0.00,0.00,110000.00,0.00,False,
264,115,00206,True,120.000000000,0,1760.0000,0.00,0.00,0.00,0.00,211200.00,0.00,False,
266,115,00226,True,120.000000000,0,2816.0000,0.00,0.00,0.00,0.00,337920.00,0.00,False,
267,115,00292,True,200.000000000,0,5060.0000,0.00,0.00,0.00,0.00,1012000.00,0.00,False,
263,115,00309,True,20.000000000,0,8096.0000,0.00,0.00,0.00,0.00,161920.00,0.00,False,
265,115,00378,True,60.000000000,0,1760.0000,0.00,0.00,0.00,0.00,105600.00,0.00,False,
269,116,00035,True,7.000000000,0,8000.0000,0.00,0.00,0.00,0.00,56000.00,0.00,False,
270,117,00344,True,22.000000000,0,7480.0000,0.00,0.00,0.00,0.00,164560.00,0.00,False,
271,118,00197,True,100.000000000,0,3850.0000,0.00,0.00,0.00,0.00,385000.00,0.00,False,
272,119,00051,True,68.000000000,0,4800.0000,0.00,0.00,0.00,0.00,326400.00,0.00,False,
274,120,00016,True,20.000000000,0,2904.0000,0.00,0.00,0.00,0.00,58080.00,0.00,False,
273,120,00032,True,60.000000000,0,742.0000,0.00,0.00,0.00,0.00,44520.00,0.00,False,
275,121,00016,True,10.000000000,0,2904.0000,0.00,0.00,0.00,0.00,29040.00,0.00,False,
276,122,00199,True,70.000000000,0,7800.0000,0.00,0.00,0.00,0.00,546000.00,0.00,False,
277,123,00369,True,480.000000000,0,300.0000,0.00,0.00,0.00,0.00,144000.00,0.00,False,
283,124,00008,True,500.000000000,0,70.0000,0.00,0.00,0.00,0.00,35000.00,0.00,False,
282,124,00010,True,500.000000000,0,77.0000,0.00,0.00,0.00,0.00,38500.00,0.00,False,
280,124,00016,True,20.000000000,0,2904.0000,0.00,0.00,0.00,0.00,58080.00,0.00,False,
281,124,00032,True,60.000000000,0,742.0000,0.00,0.00,0.00,0.00,44520.00,0.00,False,
279,124,00231,True,78.000000000,0,1320.0000,0.00,0.00,0.00,0.00,102960.00,0.00,False,
278,124,00248,True,500.000000000,0,92.0000,0.00,0.00,0.00,0.00,46000.00,0.00,False,
284,125,00264,True,200.000000000,0,480.0000,0.00,0.00,0.00,0.00,96000.00,0.00,False,
285,126,00030,True,1500.000000000,0,64.0000,0.00,0.00,0.00,0.00,96000.00,0.00,False,
286,127,00380,True,60.000000000,0,8096.0000,0.00,0.00,0.00,0.00,485760.00,0.00,False,
287,128,00047,True,200.000000000,0,4000.0000,0.00,0.00,0.00,0.00,800000.00,0.00,False,
289,128,00048,True,255.000000000,0,1500.0000,0.00,0.00,0.00,0.00,382500.00,0.00,False,
288,128,00137,True,20.000000000,0,6000.0000,0.00,0.00,0.00,0.00,120000.00,0.00,False,
290,129,00180,True,44.000000000,0,2800.0000,0.00,0.00,0.00,0.00,123200.00,0.00,False,
291,130,00363,True,5.000000000,0,16000.0000,0.00,0.00,0.00,0.00,80000.00,0.00,False,
292,131,00363,True,5.000000000,0,16000.0000,0.00,0.00,0.00,0.00,80000.00,0.00,False,
293,132,00073,True,1296.000000000,0,1300.0000,0.00,0.00,0.00,0.00,1684800.00,0.00,False,
294,133,00366,True,15.000000000,0,6840.0000,0.00,0.00,0.00,0.00,102600.00,0.00,False,
295,134,00266,True,40.000000000,0,2800.0000,0.00,0.00,0.00,0.00,112000.00,0.00,False,
296,135,00038,True,10.000000000,0,5000.0000,0.00,0.00,0.00,0.00,50000.00,0.00,False,
297,136,00086,True,480.000000000,0,1300.0000,0.00,0.00,0.00,0.00,624000.00,0.00,False,
357,137,00038,True,100.000000000,0,5000.0000,0.00,0.00,0.00,0.00,500000.00,0.00,False,
358,137,00046,True,60.000000000,0,7500.0000,0.00,0.00,0.00,0.00,450000.00,0.00,False,
301,138,00220,True,5.000000000,0,1540.0000,0.00,0.00,0.00,0.00,7700.00,0.00,False,
300,138,00363,True,2.000000000,0,16000.0000,0.00,0.00,0.00,0.00,32000.00,0.00,False,
302,139,00147,True,3.000000000,0,14080.0000,0.00,0.00,0.00,0.00,42240.00,0.00,False,
303,140,00363,True,40.000000000,0,15000.0000,0.00,0.00,0.00,0.00,600000.00,0.00,False,
304,141,00357,True,28.000000000,0,12000.0000,0.00,0.00,0.00,0.00,336000.00,0.00,False,
305,142,00040,True,1.000000000,0,13200.0000,0.00,0.00,0.00,0.00,13200.00,0.00,False,
309,142,00201,True,100.000000000,0,173.0000,0.00,0.00,0.00,0.00,17300.00,0.00,False,
308,142,00212,True,1.000000000,0,5472.0000,0.00,0.00,0.00,0.00,5472.00,0.00,False,
307,142,00233,True,100.000000000,0,77.0000,0.00,0.00,0.00,0.00,7700.00,0.00,False,
306,142,00363,True,1.000000000,0,17800.0000,0.00,0.00,0.00,0.00,17800.00,0.00,False,
313,143,00008,True,100.000000000,0,77.0000,0.00,0.00,0.00,0.00,7700.00,0.00,False,
311,143,00010,True,100.000000000,0,84.0000,0.00,0.00,0.00,0.00,8400.00,0.00,False,
316,143,00020,True,25.000000000,0,168.0000,0.00,0.00,0.00,0.00,4200.00,0.00,False,
310,143,00032,True,12.000000000,0,810.0000,0.00,0.00,0.00,0.00,9720.00,0.00,False,
312,143,00233,True,100.000000000,0,77.0000,0.00,0.00,0.00,0.00,7700.00,0.00,False,
317,143,00257,True,100.000000000,0,173.0000,0.00,0.00,0.00,0.00,17300.00,0.00,False,
315,143,00265,True,20.000000000,0,390.0000,0.00,0.00,0.00,0.00,7800.00,0.00,False,
314,143,00369,True,96.000000000,0,300.0000,0.00,0.00,0.00,0.00,28800.00,0.00,False,
323,144,00008,True,100.000000000,0,77.0000,0.00,0.00,0.00,0.00,7700.00,0.00,False,
320,144,00032,True,12.000000000,0,810.0000,0.00,0.00,0.00,0.00,9720.00,0.00,False,
324,144,00182,True,100.000000000,0,58.0000,0.00,0.00,0.00,0.00,5800.00,0.00,False,
318,144,00258,True,4.000000000,0,9000.0000,0.00,0.00,0.00,0.00,36000.00,0.00,False,
325,144,00259,True,225.000000000,0,48.0000,0.00,0.00,0.00,0.00,10800.00,0.00,False,
321,144,00262,True,100.000000000,0,58.0000,0.00,0.00,0.00,0.00,5800.00,0.00,False,
322,144,00363,True,1.000000000,0,17800.0000,0.00,0.00,0.00,0.00,17800.00,0.00,False,
319,144,00369,True,192.000000000,0,300.0000,0.00,0.00,0.00,0.00,57600.00,0.00,False,
326,145,00381,True,120.000000000,0,780.0000,0.00,0.00,0.00,0.00,93600.00,0.00,False,
327,146,00382,True,60.000000000,0,14960.0000,0.00,0.00,0.00,0.00,897600.00,0.00,False,
328,147,00351,True,4.000000000,0,17500.0000,0.00,0.00,0.00,0.00,70000.00,0.00,False,
329,148,00220,True,20.000000000,0,1540.0000,0.00,0.00,0.00,0.00,30800.00,0.00,False,
330,149,00049,True,24.000000000,0,4576.0000,0.00,0.00,0.00,0.00,109824.00,0.00,False,
339,150,00016,True,60.000000000,0,2904.0000,0.00,0.00,0.00,0.00,174240.00,0.00,False,
331,150,00019,True,80.000000000,0,1848.0000,0.00,0.00,0.00,0.00,147840.00,0.00,False,
332,150,00022,True,50.000000000,0,2310.0000,0.00,0.00,0.00,0.00,115500.00,0.00,False,
336,150,00032,True,120.000000000,0,742.0000,0.00,0.00,0.00,0.00,89040.00,0.00,False,
334,150,00182,True,600.000000000,0,53.0000,0.00,0.00,0.00,0.00,31800.00,0.00,False,
338,150,00199,True,7.000000000,0,13200.0000,0.00,0.00,0.00,0.00,92400.00,0.00,False,
335,150,00233,True,500.000000000,0,70.0000,0.00,0.00,0.00,0.00,35000.00,0.00,False,
340,150,00248,True,500.000000000,0,92.0000,0.00,0.00,0.00,0.00,46000.00,0.00,False,
333,150,00262,True,900.000000000,0,53.0000,0.00,0.00,0.00,0.00,47700.00,0.00,False,
337,150,00363,True,5.000000000,0,16000.0000,0.00,0.00,0.00,0.00,80000.00,0.00,False,
341,151,00147,True,10.000000000,0,14080.0000,0.00,0.00,0.00,0.00,140800.00,0.00,False,
343,152,00358,True,20.000000000,0,3325.0000,0.00,0.00,0.00,0.00,66500.00,0.00,False,
342,152,00362,True,24.000000000,0,5000.0000,0.00,0.00,0.00,0.00,120000.00,0.00,False,
344,153,00016,True,10.000000000,0,2904.0000,0.00,0.00,0.00,0.00,29040.00,0.00,False,
345,153,00022,True,10.000000000,0,2310.0000,0.00,0.00,0.00,0.00,23100.00,0.00,False,
347,153,00248,True,100.000000000,0,92.0000,0.00,0.00,0.00,0.00,9200.00,0.00,False,
346,153,00363,True,2.000000000,0,16000.0000,0.00,0.00,0.00,0.00,32000.00,0.00,False,
348,154,00019,True,250.000000000,0,2200.0000,0.00,0.00,0.00,0.00,550000.00,0.00,False,
706,155,00022,True,1.000000000,0,2500.0000,0.00,0.00,0.00,0.00,2500.00,0.00,False,
707,155,00040,True,1.000000000,0,12000.0000,0.00,0.00,0.00,0.00,12000.00,0.00,False,
349,155,00363,True,5.000000000,0,15400.0000,0.00,0.00,0.00,0.00,77000.00,0.00,False,
355,156,00032,True,60.000000000,0,742.0000,0.00,0.00,0.00,0.00,44520.00,0.00,False,
354,156,00041,True,10.000000000,0,8000.0000,0.00,0.00,0.00,0.00,80000.00,0.00,False,
356,156,00383,True,120.000000000,0,1200.0000,0.00,0.00,0.00,0.00,144000.00,0.00,False,
353,156,00384,True,120.000000000,0,700.0000,0.00,0.00,0.00,0.00,84000.00,0.00,False,
360,157,00032,True,60.000000000,0,350.0000,0.00,0.00,0.00,0.00,21000.00,0.00,False,
359,157,00265,True,200.000000000,0,300.0000,0.00,0.00,0.00,0.00,60000.00,0.00,False,
361,158,00020,True,200.000000000,0,100.0000,0.00,0.00,0.00,0.00,20000.00,0.00,False,
362,158,00265,True,250.000000000,0,300.0000,0.00,0.00,0.00,0.00,75000.00,0.00,False,
363,159,00259,True,450.000000000,0,44.0000,0.00,0.00,0.00,0.00,19800.00,0.00,False,
364,159,00369,True,192.000000000,0,300.0000,0.00,0.00,0.00,0.00,57600.00,0.00,False,
365,160,00078,True,200.000000000,0,927.0000,0.00,0.00,0.00,0.00,185400.00,0.00,False,
366,161,00398,True,40.000000000,0,3000.0000,0.00,0.00,0.00,0.00,120000.00,0.00,False,
367,162,00032,True,60.000000000,0,742.0000,0.00,0.00,0.00,0.00,44520.00,0.00,False,
368,162,00037,True,1.000000000,0,2500.0000,0.00,0.00,0.00,0.00,2500.00,0.00,False,
369,162,00231,True,1.000000000,0,1320.0000,0.00,0.00,0.00,0.00,1320.00,0.00,False,
370,163,00010,True,400.000000000,0,77.0000,0.00,0.00,0.00,0.00,30800.00,0.00,False,
371,163,00233,True,200.000000000,0,70.0000,0.00,0.00,0.00,0.00,14000.00,0.00,False,
373,163,00248,True,25.000000000,0,92.0000,0.00,0.00,0.00,0.00,2300.00,0.00,False,
372,163,00259,True,225.000000000,0,44.0000,0.00,0.00,0.00,0.00,9900.00,0.00,False,
374,163,00369,True,96.000000000,0,300.0000,0.00,0.00,0.00,0.00,28800.00,0.00,False,
375,164,00385,True,20.000000000,0,2400.0000,0.00,0.00,0.00,0.00,48000.00,0.00,False,
376,165,00019,True,85.000000000,0,2200.0000,0.00,0.00,0.00,0.00,187000.00,0.00,False,
377,166,00180,True,12.000000000,0,5000.0000,0.00,0.00,0.00,0.00,60000.00,0.00,False,
378,167,00016,True,70.000000000,0,2904.0000,0.00,0.00,0.00,0.00,203280.00,0.00,False,
379,168,00016,True,15.000000000,0,2904.0000,0.00,0.00,0.00,0.00,43560.00,0.00,False,
380,169,00016,True,5.000000000,0,2904.0000,0.00,0.00,0.00,0.00,14520.00,0.00,False,
381,170,00016,True,10.000000000,0,2904.0000,0.00,0.00,0.00,0.00,29040.00,0.00,False,
387,171,00010,True,500.000000000,0,77.0000,0.00,0.00,0.00,0.00,38500.00,0.00,False,
388,171,00020,True,25.000000000,0,154.0000,0.00,0.00,0.00,0.00,3850.00,0.00,False,
395,171,00022,True,10.000000000,0,2310.0000,0.00,0.00,0.00,0.00,23100.00,0.00,False,
385,171,00032,True,120.000000000,0,742.0000,0.00,0.00,0.00,0.00,89040.00,0.00,False,
386,171,00049,True,12.000000000,0,3342.0000,0.00,0.00,0.00,0.00,40104.00,0.00,False,
392,171,00052,True,20.000000000,0,6000.0000,0.00,0.00,0.00,0.00,120000.00,0.00,False,
394,171,00090,True,8.000000000,0,4200.0000,0.00,0.00,0.00,0.00,33600.00,0.00,False,
389,171,00122,True,24.000000000,0,2000.0000,0.00,0.00,0.00,0.00,48000.00,0.00,False,
393,171,00152,True,50.000000000,0,1200.0000,0.00,0.00,0.00,0.00,60000.00,0.00,False,
397,171,00199,True,2.000000000,0,13200.0000,0.00,0.00,0.00,0.00,26400.00,0.00,False,
382,171,00212,True,53.000000000,0,5016.0000,0.00,0.00,0.00,0.00,265848.00,0.00,False,
383,171,00258,True,6.000000000,0,6600.0000,0.00,0.00,0.00,0.00,39600.00,0.00,False,
390,171,00259,True,450.000000000,0,44.0000,0.00,0.00,0.00,0.00,19800.00,0.00,False,
384,171,00263,True,450.000000000,0,60.0000,0.00,0.00,0.00,0.00,27000.00,0.00,False,
396,171,00369,True,288.000000000,0,300.0000,0.00,0.00,0.00,0.00,86400.00,0.00,False,
391,171,00392,True,48.000000000,0,1430.0000,0.00,0.00,0.00,0.00,68640.00,0.00,False,
398,172,00208,True,368.000000000,0,1320.0000,0.00,0.00,0.00,0.00,485760.00,0.00,False,
405,173,00273,True,20.000000000,0,7000.0000,0.00,0.00,0.00,0.00,140000.00,0.00,False,
400,173,00274,True,120.000000000,0,5000.0000,0.00,0.00,0.00,0.00,600000.00,0.00,False,
401,173,00278,True,40.000000000,0,10000.0000,0.00,0.00,0.00,0.00,400000.00,0.00,False,
402,173,00281,True,24.000000000,0,4200.0000,0.00,0.00,0.00,0.00,100800.00,0.00,False,
399,173,00285,True,300.000000000,0,900.0000,0.00,0.00,0.00,0.00,270000.00,0.00,False,
403,173,00286,True,40.000000000,0,2000.0000,0.00,0.00,0.00,0.00,80000.00,0.00,False,
404,173,00289,True,20.000000000,0,6000.0000,0.00,0.00,0.00,0.00,120000.00,0.00,False,
406,174,00363,True,5.000000000,0,15000.0000,0.00,0.00,0.00,0.00,75000.00,0.00,False,
407,175,00363,True,5.000000000,0,15000.0000,0.00,0.00,0.00,0.00,75000.00,0.00,False,
410,176,00188,True,32.000000000,0,4000.0000,0.00,0.00,0.00,0.00,128000.00,0.00,False,
411,176,00194,True,32.000000000,0,5500.0000,0.00,0.00,0.00,0.00,176000.00,0.00,False,
413,176,00228,True,20.000000000,0,8200.0000,0.00,0.00,0.00,0.00,164000.00,0.00,False,
409,176,00291,True,32.000000000,0,3000.0000,0.00,0.00,0.00,0.00,96000.00,0.00,False,
408,176,00295,True,40.000000000,0,4000.0000,0.00,0.00,0.00,0.00,160000.00,0.00,False,
412,176,00296,True,20.000000000,0,2000.0000,0.00,0.00,0.00,0.00,40000.00,0.00,False,
416,177,00020,True,250.000000000,0,154.0000,0.00,0.00,0.00,0.00,38500.00,0.00,False,
415,177,00022,True,50.000000000,0,2310.0000,0.00,0.00,0.00,0.00,115500.00,0.00,False,
418,177,00032,True,45.000000000,0,742.0000,0.00,0.00,0.00,0.00,33390.00,0.00,False,
419,177,00049,True,40.000000000,0,3342.0000,0.00,0.00,0.00,0.00,133680.00,0.00,False,
414,177,00220,True,20.000000000,0,1540.0000,0.00,0.00,0.00,0.00,30800.00,0.00,False,
417,177,00369,True,480.000000000,0,300.0000,0.00,0.00,0.00,0.00,144000.00,0.00,False,
420,178,00296,True,25.000000000,0,2000.0000,0.00,0.00,0.00,0.00,50000.00,0.00,False,
421,179,00220,True,20.000000000,0,1540.0000,0.00,0.00,0.00,0.00,30800.00,0.00,False,
422,179,00231,True,15.000000000,0,1320.0000,0.00,0.00,0.00,0.00,19800.00,0.00,False,
423,180,00294,True,32.000000000,4,4000.0000,0.00,0.00,0.00,0.00,128000.00,0.00,False,
424,180,00320,True,160.000000000,20,800.0000,0.00,0.00,0.00,0.00,128000.00,0.00,False,
425,181,00320,True,120.000000000,0,800.0000,0.00,0.00,0.00,0.00,96000.00,0.00,False,
426,182,00197,True,108.000000000,0,3850.0000,0.00,0.00,0.00,0.00,415800.00,0.00,False,
427,183,00118,True,5.000000000,0,9000.0000,0.00,0.00,0.00,0.00,45000.00,0.00,False,
429,183,00209,True,20.000000000,0,5500.0000,0.00,0.00,0.00,0.00,110000.00,0.00,False,
428,183,00340,True,44.000000000,0,2800.0000,0.00,0.00,0.00,0.00,123200.00,0.00,False,
431,184,00357,True,2.000000000,0,12000.0000,0.00,0.00,0.00,0.00,24000.00,0.00,False,
430,184,00363,True,5.000000000,0,14500.0000,0.00,0.00,0.00,0.00,72500.00,0.00,False,
432,185,00363,True,10.000000000,0,15000.0000,0.00,0.00,0.00,0.00,150000.00,0.00,False,
433,186,00363,True,100.000000000,0,15400.0000,0.00,0.00,0.00,0.00,1540000.00,0.00,False,
434,187,00020,True,500.000000000,0,154.0000,0.00,0.00,0.00,0.00,77000.00,0.00,False,
436,188,00231,True,200.000000000,0,1320.0000,0.00,0.00,0.00,0.00,264000.00,0.00,False,
435,188,00248,True,500.000000000,0,92.0000,0.00,0.00,0.00,0.00,46000.00,0.00,False,
437,189,00019,True,60.000000000,0,1000.0000,0.00,0.00,0.00,0.00,60000.00,0.00,False,
438,190,00019,True,40.000000000,0,1225.0000,0.00,0.00,0.00,0.00,49000.00,0.00,False,
440,191,00020,True,500.000000000,0,154.0000,0.00,0.00,0.00,0.00,77000.00,0.00,False,
441,191,00032,True,120.000000000,0,742.0000,0.00,0.00,0.00,0.00,89040.00,0.00,False,
442,191,00049,True,20.000000000,0,3342.0000,0.00,0.00,0.00,0.00,66840.00,0.00,False,
439,191,00231,True,100.000000000,0,1320.0000,0.00,0.00,0.00,0.00,132000.00,0.00,False,
443,191,00369,True,480.000000000,0,300.0000,0.00,0.00,0.00,0.00,144000.00,0.00,False,
708,192,00022,True,1.000000000,0,2500.0000,0.00,0.00,0.00,0.00,2500.00,0.00,False,
723,192,00074,True,1.000000000,0,8000.0000,0.00,0.00,0.00,0.00,8000.00,0.00,False,
444,192,00363,True,5.000000000,0,15400.0000,0.00,0.00,0.00,0.00,77000.00,0.00,False,
447,193,00022,True,200.000000000,0,2000.0000,0.00,0.00,0.00,0.00,400000.00,0.00,False,
448,194,00368,True,24.000000000,0,1300.0000,0.00,0.00,0.00,0.00,31200.00,0.00,False,
449,195,00377,True,20.000000000,0,4000.0000,0.00,0.00,0.00,0.00,80000.00,0.00,False,
450,195,00394,True,20.000000000,0,5000.0000,0.00,0.00,0.00,0.00,100000.00,0.00,False,
451,196,00357,True,6.000000000,0,9000.0000,0.00,0.00,0.00,0.00,54000.00,0.00,False,
454,197,00020,True,125.000000000,0,168.0000,0.00,0.00,0.00,0.00,21000.00,0.00,False,
452,197,00231,True,10.000000000,0,1440.0000,0.00,0.00,0.00,0.00,14400.00,0.00,False,
453,197,00248,True,125.000000000,0,98.0000,0.00,0.00,0.00,0.00,12250.00,0.00,False,
455,197,00363,True,2.000000000,0,17800.0000,0.00,0.00,0.00,0.00,35600.00,0.00,False,
458,198,00020,True,125.000000000,0,168.0000,0.00,0.00,0.00,0.00,21000.00,0.00,False,
459,198,00022,True,5.000000000,0,2520.0000,0.00,0.00,0.00,0.00,12600.00,0.00,False,
456,198,00231,True,10.000000000,0,1440.0000,0.00,0.00,0.00,0.00,14400.00,0.00,False,
457,198,00248,True,125.000000000,0,98.0000,0.00,0.00,0.00,0.00,12250.00,0.00,False,
460,198,00363,True,3.000000000,0,17800.0000,0.00,0.00,0.00,0.00,53400.00,0.00,False,
461,199,00380,True,60.000000000,0,5000.0000,0.00,0.00,0.00,0.00,300000.00,0.00,False,
463,199,00386,True,20.000000000,0,8000.0000,0.00,0.00,0.00,0.00,160000.00,0.00,False,
462,199,00393,True,12.000000000,0,3200.0000,0.00,0.00,0.00,0.00,38400.00,0.00,False,
464,200,00139,True,10.000000000,0,3000.0000,0.00,0.00,0.00,0.00,30000.00,0.00,False,
465,200,00199,True,20.000000000,0,12000.0000,0.00,0.00,0.00,0.00,240000.00,0.00,False,
467,200,00243,True,30.000000000,0,3000.0000,0.00,0.00,0.00,0.00,90000.00,0.00,False,
466,200,00264,True,10.000000000,0,1500.0000,0.00,0.00,0.00,0.00,15000.00,0.00,False,
469,201,00147,True,20.000000000,0,14080.0000,0.00,0.00,0.00,0.00,281600.00,0.00,False,
468,201,00292,True,40.000000000,0,5060.0000,0.00,0.00,0.00,0.00,202400.00,0.00,False,
471,202,00220,True,20.000000000,0,1540.0000,0.00,0.00,0.00,0.00,30800.00,0.00,False,
470,202,00231,True,100.000000000,0,1320.0000,0.00,0.00,0.00,0.00,132000.00,0.00,False,
472,202,00369,True,192.000000000,0,300.0000,0.00,0.00,0.00,0.00,57600.00,0.00,False,
478,203,00008,True,400.000000000,0,77.0000,0.00,0.00,0.00,0.00,30800.00,0.00,False,
476,203,00013,True,400.000000000,0,77.0000,0.00,0.00,0.00,0.00,30800.00,0.00,False,
484,203,00016,True,20.000000000,0,2904.0000,0.00,0.00,0.00,0.00,58080.00,0.00,False,
481,203,00019,True,10.000000000,0,2016.0000,0.00,0.00,0.00,0.00,20160.00,0.00,False,
479,203,00030,True,900.000000000,0,97.0000,0.00,0.00,0.00,0.00,87300.00,0.00,False,
480,203,00040,True,4.000000000,0,13200.0000,0.00,0.00,0.00,0.00,52800.00,0.00,False,
474,203,00201,True,200.000000000,0,173.0000,0.00,0.00,0.00,0.00,34600.00,0.00,False,
482,203,00220,True,10.000000000,0,1680.0000,0.00,0.00,0.00,0.00,16800.00,0.00,False,
477,203,00233,True,400.000000000,0,77.0000,0.00,0.00,0.00,0.00,30800.00,0.00,False,
475,203,00257,True,200.000000000,0,173.0000,0.00,0.00,0.00,0.00,34600.00,0.00,False,
483,203,00258,True,10.000000000,0,7000.0000,0.00,0.00,0.00,0.00,70000.00,0.00,False,
473,203,00259,True,692.000000000,0,48.0000,0.00,0.00,0.00,0.00,33216.00,0.00,False,
485,204,00051,True,8.000000000,0,4800.0000,0.00,0.00,0.00,0.00,38400.00,0.00,False,
488,204,00052,True,12.000000000,0,3300.0000,0.00,0.00,0.00,0.00,39600.00,0.00,False,
489,204,00124,True,8.000000000,0,6000.0000,0.00,0.00,0.00,0.00,48000.00,0.00,False,
495,204,00163,True,4.000000000,0,3000.0000,0.00,0.00,0.00,0.00,12000.00,0.00,False,
493,204,00179,True,8.000000000,0,1800.0000,0.00,0.00,0.00,0.00,14400.00,0.00,False,
491,204,00180,True,12.000000000,0,2800.0000,0.00,0.00,0.00,0.00,33600.00,0.00,False,
494,204,00199,True,4.000000000,0,7800.0000,0.00,0.00,0.00,0.00,31200.00,0.00,False,
496,204,00209,True,4.000000000,0,5500.0000,0.00,0.00,0.00,0.00,22000.00,0.00,False,
486,204,00211,True,8.000000000,0,2175.0000,0.00,0.00,0.00,0.00,17400.00,0.00,False,
487,204,00247,True,8.000000000,0,4500.0000,0.00,0.00,0.00,0.00,36000.00,0.00,False,
490,204,00266,True,8.000000000,0,2800.0000,0.00,0.00,0.00,0.00,22400.00,0.00,False,
492,204,00340,True,8.000000000,0,2800.0000,0.00,0.00,0.00,0.00,22400.00,0.00,False,
497,205,00016,True,20.000000000,0,2904.0000,0.00,0.00,0.00,0.00,58080.00,0.00,False,
498,206,00008,True,500.000000000,0,77.0000,0.00,0.00,0.00,0.00,38500.00,0.00,False,
501,206,00032,True,24.000000000,0,810.0000,0.00,0.00,0.00,0.00,19440.00,0.00,False,
500,206,00201,True,200.000000000,0,173.0000,0.00,0.00,0.00,0.00,34600.00,0.00,False,
499,206,00262,True,300.000000000,0,58.0000,0.00,0.00,0.00,0.00,17400.00,0.00,False,
502,207,00052,True,60.000000000,0,3300.0000,0.00,0.00,0.00,0.00,198000.00,0.00,False,
503,207,00211,True,20.000000000,0,2175.0000,0.00,0.00,0.00,0.00,43500.00,0.00,False,
504,207,00247,True,40.000000000,0,4500.0000,0.00,0.00,0.00,0.00,180000.00,0.00,False,
506,208,00008,True,100.000000000,0,40.0000,0.00,0.00,0.00,0.00,4000.00,0.00,False,
505,208,00010,True,100.000000000,0,45.0000,0.00,0.00,0.00,0.00,4500.00,0.00,False,
507,208,00013,True,100.000000000,0,45.0000,0.00,0.00,0.00,0.00,4500.00,0.00,False,
509,208,00022,True,4.000000000,0,1900.0000,0.00,0.00,0.00,0.00,7600.00,0.00,False,
508,208,00257,True,100.000000000,0,80.0000,0.00,0.00,0.00,0.00,8000.00,0.00,False,
512,209,00388,True,60.000000000,0,1000.0000,0.00,0.00,0.00,0.00,60000.00,0.00,False,
513,209,00389,True,60.000000000,0,1000.0000,0.00,0.00,0.00,0.00,60000.00,0.00,False,
510,209,00390,True,20.000000000,0,5000.0000,0.00,0.00,0.00,0.00,100000.00,0.00,False,
511,209,00391,True,40.000000000,0,7600.0000,0.00,0.00,0.00,0.00,304000.00,0.00,False,
514,209,00395,True,60.000000000,0,1320.0000,0.00,0.00,0.00,0.00,79200.00,0.00,False,
515,210,00047,True,100.000000000,0,4000.0000,0.00,0.00,0.00,0.00,400000.00,0.00,False,
517,210,00137,True,20.000000000,0,6000.0000,0.00,0.00,0.00,0.00,120000.00,0.00,False,
516,210,00150,True,20.000000000,0,3000.0000,0.00,0.00,0.00,0.00,60000.00,0.00,False,
518,211,00138,True,24.000000000,0,7500.0000,0.00,0.00,0.00,0.00,180000.00,0.00,False,
521,212,00360,True,12.000000000,0,5225.0000,0.00,0.00,0.00,0.00,62700.00,0.00,False,
520,212,00364,True,12.000000000,0,3325.0000,0.00,0.00,0.00,0.00,39900.00,0.00,False,
519,212,00365,True,10.000000000,0,6840.0000,0.00,0.00,0.00,0.00,68400.00,0.00,False,
522,212,00376,True,12.000000000,0,3325.0000,0.00,0.00,0.00,0.00,39900.00,0.00,False,
524,213,00019,True,40.000000000,0,2200.0000,0.00,0.00,0.00,0.00,88000.00,0.00,False,
523,213,00147,True,25.000000000,0,14080.0000,0.00,0.00,0.00,0.00,352000.00,0.00,False,
525,213,00191,True,20.000000000,0,10560.0000,0.00,0.00,0.00,0.00,211200.00,0.00,False,
526,213,00343,True,50.000000000,0,8800.0000,0.00,0.00,0.00,0.00,440000.00,0.00,False,
528,214,00125,True,38.000000000,0,6600.0000,0.00,0.00,0.00,0.00,250800.00,0.00,False,
527,214,00126,True,2000.000000000,0,275.0000,0.00,0.00,0.00,0.00,550000.00,0.00,False,
529,214,00265,True,500.000000000,0,357.0000,0.00,0.00,0.00,0.00,178500.00,0.00,False,
530,215,00022,True,50.000000000,0,2310.0000,0.00,0.00,0.00,0.00,115500.00,0.00,False,
531,215,00220,True,50.000000000,0,1540.0000,0.00,0.00,0.00,0.00,77000.00,0.00,False,
532,215,00262,True,750.000000000,0,53.0000,0.00,0.00,0.00,0.00,39750.00,0.00,False,
533,215,00369,True,480.000000000,0,300.0000,0.00,0.00,0.00,0.00,144000.00,0.00,False,
534,216,00220,True,10.000000000,0,1540.0000,0.00,0.00,0.00,0.00,15400.00,0.00,False,
536,217,00022,True,2.000000000,0,2310.0000,0.00,0.00,0.00,0.00,4620.00,0.00,False,
535,217,00220,True,5.000000000,0,1540.0000,0.00,0.00,0.00,0.00,7700.00,0.00,False,
538,218,00022,True,5.000000000,0,2310.0000,0.00,0.00,0.00,0.00,11550.00,0.00,False,
537,218,00220,True,5.000000000,0,1540.0000,0.00,0.00,0.00,0.00,7700.00,0.00,False,
539,219,00019,True,20.000000000,0,2200.0000,0.00,0.00,0.00,0.00,44000.00,0.00,False,
540,220,00019,True,20.000000000,0,2200.0000,0.00,0.00,0.00,0.00,44000.00,0.00,False,
573,221,00231,True,8.000000000,0,1320.0000,0.00,0.00,0.00,0.00,10560.00,0.00,False,
546,222,00019,True,20.000000000,0,2016.0000,0.00,0.00,0.00,0.00,40320.00,0.00,False,
543,222,00020,True,300.000000000,0,168.0000,0.00,0.00,0.00,0.00,50400.00,0.00,False,
544,222,00022,True,12.000000000,0,2520.0000,0.00,0.00,0.00,0.00,30240.00,0.00,False,
549,222,00030,True,850.000000000,0,97.0000,0.00,0.00,0.00,0.00,82450.00,0.00,False,
547,222,00032,True,120.000000000,0,810.0000,0.00,0.00,0.00,0.00,97200.00,0.00,False,
545,222,00040,True,13.000000000,0,13200.0000,0.00,0.00,0.00,0.00,171600.00,0.00,False,
548,222,00231,True,10.000000000,0,1440.0000,0.00,0.00,0.00,0.00,14400.00,0.00,False,
542,222,00262,True,1098.000000000,0,58.0000,0.00,0.00,0.00,0.00,63684.00,0.00,False,
552,223,00019,True,5.000000000,0,1848.0000,0.00,0.00,0.00,0.00,9240.00,0.00,False,
553,223,00020,True,25.000000000,0,154.0000,0.00,0.00,0.00,0.00,3850.00,0.00,False,
555,223,00030,True,150.000000000,0,64.0000,0.00,0.00,0.00,0.00,9600.00,0.00,False,
550,223,00231,True,5.000000000,0,1320.0000,0.00,0.00,0.00,0.00,6600.00,0.00,False,
551,223,00248,True,25.000000000,0,92.0000,0.00,0.00,0.00,0.00,2300.00,0.00,False,
554,223,00262,True,150.000000000,0,53.0000,0.00,0.00,0.00,0.00,7950.00,0.00,False,
556,224,00122,True,48.000000000,0,2000.0000,0.00,0.00,0.00,0.00,96000.00,0.00,False,
557,224,00260,True,8.000000000,0,17600.0000,0.00,0.00,0.00,0.00,140800.00,0.00,False,
558,225,00396,True,20.000000000,0,5000.0000,0.00,0.00,0.00,0.00,100000.00,0.00,False,
559,226,00393,True,40.000000000,0,3200.0000,0.00,0.00,0.00,0.00,128000.00,0.00,False,
560,227,00363,True,1.000000000,0,16000.0000,0.00,0.00,0.00,0.00,16000.00,0.00,False,
561,228,00397,True,80.000000000,0,4800.0000,0.00,0.00,0.00,0.00,384000.00,0.00,False,
562,229,00357,True,10.000000000,0,12000.0000,0.00,0.00,0.00,0.00,120000.00,0.00,False,
563,230,00363,True,4.000000000,0,14500.0000,0.00,0.00,0.00,0.00,58000.00,0.00,False,
564,231,00137,True,40.000000000,0,6000.0000,0.00,0.00,0.00,0.00,240000.00,0.00,False,
565,232,00019,True,20.000000000,1,2200.0000,0.00,0.00,0.00,0.00,44000.00,0.00,False,
567,233,00019,True,100.000000000,0,1848.0000,0.00,0.00,0.00,0.00,184800.00,0.00,False,
568,233,00040,True,30.000000000,0,13200.0000,0.00,0.00,0.00,0.00,396000.00,0.00,False,
566,233,00220,True,100.000000000,0,1540.0000,0.00,0.00,0.00,0.00,154000.00,0.00,False,
570,234,00010,True,500.000000000,0,77.0000,0.00,0.00,0.00,0.00,38500.00,0.00,False,
569,234,00032,True,120.000000000,0,742.0000,0.00,0.00,0.00,0.00,89040.00,0.00,False,
571,234,00363,True,5.000000000,0,16000.0000,0.00,0.00,0.00,0.00,80000.00,0.00,False,
572,235,00261,True,20.000000000,0,4500.0000,0.00,0.00,0.00,0.00,90000.00,0.00,False,
574,236,00399,True,24.000000000,0,1560.0000,0.00,0.00,0.00,0.00,37440.00,0.00,False,
575,236,00400,True,24.000000000,0,1200.0000,0.00,0.00,0.00,0.00,28800.00,0.00,False,
576,236,00401,True,24.000000000,0,1675.0000,0.00,0.00,0.00,0.00,40200.00,0.00,False,
577,236,00402,True,24.000000000,0,980.0000,0.00,0.00,0.00,0.00,23520.00,0.00,False,
578,236,00403,True,24.000000000,0,1800.0000,0.00,0.00,0.00,0.00,43200.00,0.00,False,
579,236,00404,True,24.000000000,0,800.0000,0.00,0.00,0.00,0.00,19200.00,0.00,False,
580,237,00357,True,4.000000000,0,12000.0000,0.00,0.00,0.00,0.00,48000.00,0.00,False,
581,238,00380,True,60.000000000,0,5000.0000,0.00,0.00,0.00,0.00,300000.00,0.00,False,
583,239,00022,True,7.000000000,0,1900.0000,0.00,0.00,0.00,0.00,13300.00,0.00,False,
584,239,00212,True,2.000000000,0,4500.0000,0.00,0.00,0.00,0.00,9000.00,0.00,False,
582,239,00220,True,2.000000000,0,1200.0000,0.00,0.00,0.00,0.00,2400.00,0.00,False,
585,239,00231,True,2.000000000,0,1000.0000,0.00,0.00,0.00,0.00,2000.00,0.00,False,
586,240,00052,True,20.000000000,0,3300.0000,0.00,0.00,0.00,0.00,66000.00,0.00,False,
587,240,00178,True,50.000000000,0,400.0000,0.00,0.00,0.00,0.00,20000.00,0.00,False,
588,241,00220,True,10.000000000,0,3000.0000,0.00,0.00,0.00,0.00,30000.00,0.00,False,
592,242,00019,True,50.000000000,0,1320.0000,0.00,0.00,0.00,0.00,66000.00,0.00,False,
590,242,00258,True,2.000000000,0,8250.0000,0.00,0.00,0.00,0.00,16500.00,0.00,False,
589,242,00265,True,500.000000000,0,357.0000,0.00,0.00,0.00,0.00,178500.00,0.00,False,
591,242,00363,True,2.000000000,0,16000.0000,0.00,0.00,0.00,0.00,32000.00,0.00,False,
595,243,00032,True,180.000000000,0,742.0000,0.00,0.00,0.00,0.00,133560.00,0.00,False,
596,243,00049,True,32.000000000,0,3342.0000,0.00,0.00,0.00,0.00,106944.00,0.00,False,
594,243,00199,True,50.000000000,0,13200.0000,0.00,0.00,0.00,0.00,660000.00,0.00,False,
593,243,00258,True,30.000000000,0,8250.0000,0.00,0.00,0.00,0.00,247500.00,0.00,False,
597,244,00363,True,2.000000000,0,16000.0000,0.00,0.00,0.00,0.00,32000.00,0.00,False,
598,245,00220,True,5.000000000,0,2000.0000,0.00,0.00,0.00,0.00,10000.00,0.00,False,
604,246,00008,True,800.000000000,0,77.0000,0.00,0.00,0.00,0.00,61600.00,0.00,False,
601,246,00010,True,800.000000000,0,84.0000,0.00,0.00,0.00,0.00,67200.00,0.00,False,
602,246,00013,True,800.000000000,0,77.0000,0.00,0.00,0.00,0.00,61600.00,0.00,False,
599,246,00201,True,400.000000000,0,173.0000,0.00,0.00,0.00,0.00,69200.00,0.00,False,
606,246,00212,True,8.000000000,0,5472.0000,0.00,0.00,0.00,0.00,43776.00,0.00,False,
605,246,00220,True,15.000000000,0,1680.0000,0.00,0.00,0.00,0.00,25200.00,0.00,False,
603,246,00233,True,800.000000000,0,77.0000,0.00,0.00,0.00,0.00,61600.00,0.00,False,
610,246,00248,True,500.000000000,0,98.0000,0.00,0.00,0.00,0.00,49000.00,0.00,False,
600,246,00257,True,400.000000000,0,173.0000,0.00,0.00,0.00,0.00,69200.00,0.00,False,
608,246,00258,True,10.000000000,0,7000.0000,0.00,0.00,0.00,0.00,70000.00,0.00,False,
609,246,00263,True,1200.000000000,0,66.0000,0.00,0.00,0.00,0.00,79200.00,0.00,False,
607,246,00265,True,250.000000000,0,280.0000,0.00,0.00,0.00,0.00,70000.00,0.00,False,
611,247,00357,True,2.000000000,0,17500.0000,0.00,0.00,0.00,0.00,35000.00,0.00,False,
612,248,00258,True,10.000000000,0,7000.0000,0.00,0.00,0.00,0.00,70000.00,0.00,False,
613,248,00363,True,10.000000000,0,17800.0000,0.00,0.00,0.00,0.00,178000.00,0.00,False,
614,249,00258,True,10.000000000,0,7000.0000,0.00,0.00,0.00,0.00,70000.00,0.00,False,
615,249,00363,True,5.000000000,0,17800.0000,0.00,0.00,0.00,0.00,89000.00,0.00,False,
616,250,00247,True,52.000000000,0,4500.0000,0.00,0.00,0.00,0.00,234000.00,0.00,False,
618,251,00407,True,20.000000000,0,5700.0000,0.00,0.00,0.00,0.00,114000.00,0.00,False,
619,252,00199,True,2.000000000,0,15000.0000,0.00,0.00,0.00,0.00,30000.00,0.00,False,
620,253,00266,True,44.000000000,0,2800.0000,0.00,0.00,0.00,0.00,123200.00,0.00,False,
621,254,00363,True,10.000000000,0,14500.0000,0.00,0.00,0.00,0.00,145000.00,0.00,False,
624,255,00180,True,8.000000000,0,5000.0000,0.00,0.00,0.00,0.00,40000.00,0.00,False,
623,255,00220,True,25.000000000,0,2000.0000,0.00,0.00,0.00,0.00,50000.00,0.00,False,
622,255,00377,True,10.000000000,0,4000.0000,0.00,0.00,0.00,0.00,40000.00,0.00,False,
627,256,00008,True,950.000000000,0,70.0000,0.00,0.00,0.00,0.00,66500.00,0.00,False,
629,256,00010,True,1600.000000000,0,77.0000,0.00,0.00,0.00,0.00,123200.00,0.00,False,
632,256,00013,True,425.000000000,0,70.0000,0.00,0.00,0.00,0.00,29750.00,0.00,False,
628,256,00032,True,360.000000000,0,742.0000,0.00,0.00,0.00,0.00,267120.00,0.00,False,
630,256,00231,True,100.000000000,0,1320.0000,0.00,0.00,0.00,0.00,132000.00,0.00,False,
631,256,00248,True,425.000000000,0,92.0000,0.00,0.00,0.00,0.00,39100.00,0.00,False,
625,256,00258,True,93.000000000,0,8250.0000,0.00,0.00,0.00,0.00,767250.00,0.00,False,
626,256,00265,True,500.000000000,0,357.0000,0.00,0.00,0.00,0.00,178500.00,0.00,False,
633,257,00052,True,44.000000000,0,3300.0000,0.00,0.00,0.00,0.00,145200.00,0.00,False,
634,257,00170,True,20.000000000,0,2800.0000,0.00,0.00,0.00,0.00,56000.00,0.00,False,
635,257,00180,True,0.000000000,8,1.0000,0.00,0.00,0.00,0.00,0.00,0.00,False,
636,257,00267,True,12.000000000,0,6000.0000,0.00,0.00,0.00,0.00,72000.00,0.00,False,
637,258,00199,True,10.000000000,0,12000.0000,0.00,0.00,0.00,0.00,120000.00,0.00,False,
639,259,00022,True,20.000000000,0,2000.0000,0.00,0.00,0.00,0.00,40000.00,0.00,False,
638,259,00037,True,20.000000000,0,2500.0000,0.00,0.00,0.00,0.00,50000.00,0.00,False,
640,259,00231,True,20.000000000,0,1000.0000,0.00,0.00,0.00,0.00,20000.00,0.00,False,
641,260,00363,True,16.000000000,0,14500.0000,0.00,0.00,0.00,0.00,232000.00,0.00,False,
643,261,00008,True,200.000000000,0,70.0000,0.00,0.00,0.00,0.00,14000.00,0.00,False,
642,261,00010,True,100.000000000,0,77.0000,0.00,0.00,0.00,0.00,7700.00,0.00,False,
644,261,00013,True,100.000000000,0,70.0000,0.00,0.00,0.00,0.00,7000.00,0.00,False,
645,261,00263,True,150.000000000,0,60.0000,0.00,0.00,0.00,0.00,9000.00,0.00,False,
648,262,00022,True,50.000000000,0,2310.0000,0.00,0.00,0.00,0.00,115500.00,0.00,False,
647,262,00220,True,50.000000000,0,1540.0000,0.00,0.00,0.00,0.00,77000.00,0.00,False,
646,262,00231,True,100.000000000,0,1320.0000,0.00,0.00,0.00,0.00,132000.00,0.00,False,
649,263,00047,True,100.000000000,0,4000.0000,0.00,0.00,0.00,0.00,400000.00,0.00,False,
650,263,00150,True,20.000000000,0,3000.0000,0.00,0.00,0.00,0.00,60000.00,0.00,False,
651,263,00158,True,20.000000000,0,2500.0000,0.00,0.00,0.00,0.00,50000.00,0.00,False,
652,263,00196,True,20.000000000,0,8000.0000,0.00,0.00,0.00,0.00,160000.00,0.00,False,
653,264,00186,True,5.000000000,0,2000.0000,0.00,0.00,0.00,0.00,10000.00,0.00,False,
662,265,00273,True,20.000000000,0,7000.0000,0.00,0.00,0.00,0.00,140000.00,0.00,False,
660,265,00274,True,88.000000000,0,5000.0000,0.00,0.00,0.00,0.00,440000.00,0.00,False,
661,265,00275,True,60.000000000,0,1150.0000,0.00,0.00,0.00,0.00,69000.00,0.00,False,
656,265,00276,True,32.000000000,0,4000.0000,0.00,0.00,0.00,0.00,128000.00,0.00,False,
655,265,00278,True,40.000000000,0,10000.0000,0.00,0.00,0.00,0.00,400000.00,0.00,False,
658,265,00280,True,44.000000000,0,2500.0000,0.00,0.00,0.00,0.00,110000.00,0.00,False,
654,265,00281,True,40.000000000,0,4200.0000,0.00,0.00,0.00,0.00,168000.00,0.00,False,
657,265,00286,True,40.000000000,0,2000.0000,0.00,0.00,0.00,0.00,80000.00,0.00,False,
659,265,00371,True,20.000000000,0,4000.0000,0.00,0.00,0.00,0.00,80000.00,0.00,False,
664,266,00026,True,1600.000000000,0,145.0000,0.00,0.00,0.00,0.00,232000.00,0.00,False,
663,266,00028,True,100.000000000,0,3625.0000,0.00,0.00,0.00,0.00,362500.00,0.00,False,
667,267,00141,True,1000.000000000,0,200.0000,0.00,0.00,0.00,0.00,200000.00,0.00,False,
665,267,00199,True,20.000000000,0,13200.0000,0.00,0.00,0.00,0.00,264000.00,0.00,False,
666,267,00231,True,50.000000000,0,1320.0000,0.00,0.00,0.00,0.00,66000.00,0.00,False,
668,268,00292,True,240.000000000,0,5060.0000,0.00,0.00,0.00,0.00,1214400.00,0.00,False,
669,269,00380,True,40.000000000,0,5000.0000,0.00,0.00,0.00,0.00,200000.00,0.00,False,
670,269,00391,True,60.000000000,0,7600.0000,0.00,0.00,0.00,0.00,456000.00,0.00,False,
671,269,00393,True,60.000000000,0,3200.0000,0.00,0.00,0.00,0.00,192000.00,0.00,False,
672,269,00395,True,120.000000000,0,1320.0000,0.00,0.00,0.00,0.00,158400.00,0.00,False,
673,269,00405,True,120.000000000,0,780.0000,0.00,0.00,0.00,0.00,93600.00,0.00,False,
674,269,00406,True,120.000000000,0,740.0000,0.00,0.00,0.00,0.00,88800.00,0.00,False,
724,269,00408,True,10.000000000,0,10000.0000,0.00,0.00,0.00,0.00,100000.00,0.00,False,
725,269,00409,True,10.000000000,0,8000.0000,0.00,0.00,0.00,0.00,80000.00,0.00,False,
677,270,00049,True,24.000000000,0,4000.0000,0.00,0.00,0.00,0.00,96000.00,0.00,False,
678,271,00138,True,36.000000000,0,4000.0000,0.00,0.00,0.00,0.00,144000.00,0.00,False,
679,271,00188,True,36.000000000,0,4000.0000,0.00,0.00,0.00,0.00,144000.00,0.00,False,
680,271,00287,True,36.000000000,0,3000.0000,0.00,0.00,0.00,0.00,108000.00,0.00,False,
681,272,00041,True,10.000000000,0,10560.0000,0.00,0.00,0.00,0.00,105600.00,0.00,False,
682,273,00411,True,8.000000000,0,11616.0000,0.00,0.00,0.00,0.00,92928.00,0.00,False,
683,273,00412,True,8.000000000,0,13376.0000,0.00,0.00,0.00,0.00,107008.00,0.00,False,
684,273,00413,True,8.000000000,0,8800.0000,0.00,0.00,0.00,0.00,70400.00,0.00,False,
685,273,00414,True,8.000000000,0,10208.0000,0.00,0.00,0.00,0.00,81664.00,0.00,False,
687,274,00302,True,5.000000000,0,8800.0000,0.00,0.00,0.00,0.00,44000.00,0.00,False,
686,274,00343,True,5.000000000,0,8800.0000,0.00,0.00,0.00,0.00,44000.00,0.00,False,
688,275,00050,True,24.000000000,0,1200.0000,0.00,0.00,0.00,0.00,28800.00,0.00,False,
689,275,00077,True,12.000000000,0,1300.0000,0.00,0.00,0.00,0.00,15600.00,0.00,False,
690,276,00228,True,28.000000000,0,8200.0000,0.00,0.00,0.00,0.00,229600.00,0.00,False,
691,277,00364,True,12.000000000,0,3325.0000,0.00,0.00,0.00,0.00,39900.00,0.00,False,
692,278,00226,True,60.000000000,0,2816.0000,0.00,0.00,0.00,0.00,168960.00,0.00,False,
693,278,00349,True,44.000000000,0,4400.0000,0.00,0.00,0.00,0.00,193600.00,0.00,False,
694,279,00040,True,50.000000000,0,9000.0000,0.00,0.00,0.00,0.00,450000.00,0.00,False,
695,279,00416,True,5.000000000,0,50000.0000,0.00,0.00,0.00,0.00,250000.00,0.00,False,
699,280,00399,True,24.000000000,0,1560.0000,0.00,0.00,0.00,0.00,37440.00,0.00,False,
700,280,00400,True,24.000000000,0,1200.0000,0.00,0.00,0.00,0.00,28800.00,0.00,False,
698,280,00401,True,24.000000000,0,1675.0000,0.00,0.00,0.00,0.00,40200.00,0.00,False,
701,280,00402,True,24.000000000,0,980.0000,0.00,0.00,0.00,0.00,23520.00,0.00,False,
702,280,00403,True,24.000000000,0,1800.0000,0.00,0.00,0.00,0.00,43200.00,0.00,False,
697,280,00404,True,24.000000000,0,800.0000,0.00,0.00,0.00,0.00,19200.00,0.00,False,
696,280,00415,True,4.000000000,0,8000.0000,0.00,0.00,0.00,0.00,32000.00,0.00,False,
704,281,00055,True,12.000000000,0,1300.0000,0.00,0.00,0.00,0.00,15600.00,0.00,False,
703,281,00063,True,12.000000000,0,450.0000,0.00,0.00,0.00,0.00,5400.00,0.00,False,
705,282,00041,True,5.000000000,0,5000.0000,0.00,0.00,0.00,0.00,25000.00,0.00,False,
710,283,00022,True,2.000000000,0,2500.0000,0.00,0.00,0.00,0.00,5000.00,0.00,False,
711,283,00212,True,2.000000000,0,6600.0000,0.00,0.00,0.00,0.00,13200.00,0.00,False,
709,283,00357,True,2.000000000,0,12000.0000,0.00,0.00,0.00,0.00,24000.00,0.00,False,
712,284,00022,True,2.000000000,0,2500.0000,0.00,0.00,0.00,0.00,5000.00,0.00,False,
713,284,00199,True,2.000000000,0,12000.0000,0.00,0.00,0.00,0.00,24000.00,0.00,False,
715,285,00022,True,1.000000000,0,2500.0000,0.00,0.00,0.00,0.00,2500.00,0.00,False,
714,285,00220,True,2.000000000,0,2000.0000,0.00,0.00,0.00,0.00,4000.00,0.00,False,
716,285,00363,True,1.000000000,0,15400.0000,0.00,0.00,0.00,0.00,15400.00,0.00,False,
718,286,00022,True,1.000000000,0,2500.0000,0.00,0.00,0.00,0.00,2500.00,0.00,False,
717,286,00212,True,3.000000000,0,6600.0000,0.00,0.00,0.00,0.00,19800.00,0.00,False,
719,286,00231,True,1.000000000,0,1500.0000,0.00,0.00,0.00,0.00,1500.00,0.00,False,
721,287,00022,True,3.000000000,0,2500.0000,0.00,0.00,0.00,0.00,7500.00,0.00,False,
720,287,00199,True,1.000000000,0,12000.0000,0.00,0.00,0.00,0.00,12000.00,0.00,False,
722,287,00231,True,6.000000000,0,1500.0000,0.00,0.00,0.00,0.00,9000.00,0.00,False,
728,288,00129,True,44.000000000,0,11616.0000,0.00,0.00,0.00,0.00,511104.00,0.00,False,
729,288,00144,True,44.000000000,0,6600.0000,0.00,0.00,0.00,0.00,290400.00,0.00,False,
730,288,00147,True,28.000000000,0,14080.0000,0.00,0.00,0.00,0.00,394240.00,0.00,False,
726,288,00183,True,40.000000000,0,5456.0000,0.00,0.00,0.00,0.00,218240.00,0.00,False,
727,288,00260,True,40.000000000,0,17600.0000,0.00,0.00,0.00,0.00,704000.00,0.00,False,
731,288,00268,True,120.000000000,0,1232.0000,0.00,0.00,0.00,0.00,147840.00,0.00,False,
732,289,00264,True,100.000000000,0,1300.0000,0.00,0.00,0.00,0.00,130000.00,0.00,False,
