SerialNo,CompanyID
1,00
2,01
3,02
4,03
5,04
6,05
7,06
8,07
9,08
10,09
11,10
12,11
13,12
14,13
15,14
16,15
17,16
18,17
19,18
20,19
21,20
22,21
23,22
24,23
25,24
26,25
27,26
28,27
29,28
30,29
31,30
32,31
33,32
34,33
35,34
36,35
37,36
38,37
39,38
40,39
41,40
42,41
43,42
44,43
45,44
46,45
47,46
48,47
49,48
50,49
51,50
52,51
53,52
54,53
55,54
56,55
57,56
58,57
59,58
60,59
61,60
62,61
63,62
64,63
65,64
66,65
67,66
68,67
69,68
70,69
71,70
72,71
73,72
74,73
75,74
76,75
77,76
78,77
79,78
80,79
81,80
82,81
83,82
84,83
85,84
86,85
87,86
88,87
89,88
90,89
91,90
92,91
93,92
94,93
95,94
96,95
97,96
98,97
99,98
100,99
101,A0
102,A1
103,A2
104,A3
105,A4
106,A5
107,A6
108,A7
109,A8
110,A9
361,AA
362,AB
363,AC
364,AD
365,AE
366,AF
367,AG
368,AH
369,AI
370,AJ
371,AK
372,AL
373,AM
374,AN
375,AO
376,AP
377,AQ
378,AR
379,AS
380,AT
381,AU
382,AV
383,AW
384,AX
385,AY
386,AZ
111,B0
112,B1
113,B2
114,B3
115,B4
116,B5
117,B6
118,B7
119,B8
120,B9
387,BA
388,BB
389,BC
390,BD
391,BE
392,BF
393,BG
394,BH
395,BI
396,BJ
397,BK
398,BL
399,BM
400,BN
401,BO
402,BP
403,BQ
404,BR
405,BS
406,BT
407,BU
408,BV
409,BW
410,BX
411,BY
412,BZ
121,C0
122,C1
123,C2
124,C3
125,C4
126,C5
127,C6
128,C7
129,C8
130,C9
413,CA
414,CB
415,CC
416,CD
417,CE
418,CF
419,CG
420,CH
421,CI
422,CJ
423,CK
424,CL
425,CM
426,CN
427,CO
428,CP
429,CQ
430,CR
431,CS
432,CT
433,CU
434,CV
435,CW
436,CX
437,CY
438,CZ
131,D0
132,D1
133,D2
134,D3
135,D4
136,D5
137,D6
138,D7
139,D8
140,D9
439,DA
440,DB
441,DC
442,DD
443,DE
444,DF
445,DG
446,DH
447,DI
448,DJ
449,DK
450,DL
451,DM
452,DN
453,DO
454,DP
455,DQ
456,DR
457,DS
458,DT
459,DU
460,DV
461,DW
462,DX
463,DY
464,DZ
141,E0
142,E1
143,E2
144,E3
145,E4
146,E5
147,E6
148,E7
149,E8
150,E9
465,EA
466,EB
467,EC
468,ED
469,EE
470,EF
471,EG
472,EH
473,EI
474,EJ
475,EK
476,EL
477,EM
478,EN
479,EO
480,EP
481,EQ
482,ER
483,ES
484,ET
485,EU
486,EV
487,EW
488,EX
489,EY
490,EZ
151,F0
152,F1
153,F2
154,F3
155,F4
156,F5
157,F6
158,F7
159,F8
160,F9
491,FA
492,FB
493,FC
494,FD
495,FE
496,FF
497,FG
498,FH
499,FI
500,FJ
501,FK
502,FL
503,FM
504,FN
505,FO
506,FP
507,FQ
508,FR
509,FS
510,FT
511,FU
512,FV
513,FW
514,FX
515,FY
516,FZ
161,G0
162,G1
163,G2
164,G3
165,G4
166,G5
167,G6
168,G7
169,G8
170,G9
517,GA
518,GB
519,GC
520,GD
521,GE
522,GF
523,GG
524,GH
525,GI
526,GJ
527,GK
528,GL
529,GM
530,GN
531,GO
532,GP
533,GQ
534,GR
535,GS
536,GT
537,GU
538,GV
539,GW
540,GX
541,GY
542,GZ
171,H0
172,H1
173,H2
174,H3
175,H4
176,H5
177,H6
178,H7
179,H8
180,H9
543,HA
544,HB
545,HC
546,HD
547,HE
548,HF
549,HG
550,HH
551,HI
552,HJ
553,HK
554,HL
555,HM
556,HN
557,HO
558,HP
559,HQ
560,HR
561,HS
562,HT
563,HU
564,HV
565,HW
566,HX
567,HY
568,HZ
181,I0
182,I1
183,I2
184,I3
185,I4
186,I5
187,I6
188,I7
189,I8
190,I9
569,IA
570,IB
571,IC
572,ID
573,IE
574,IF
575,IG
576,IH
577,II
578,IJ
579,IK
580,IL
581,IM
582,IN
583,IO
584,IP
585,IQ
586,IR
587,IS
588,IT
589,IU
590,IV
591,IW
592,IX
593,IY
594,IZ
191,J0
192,J1
193,J2
194,J3
195,J4
196,J5
197,J6
198,J7
199,J8
200,J9
595,JA
596,JB
597,JC
598,JD
599,JE
600,JF
601,JG
602,JH
603,JI
604,JJ
605,JK
606,JL
607,JM
608,JN
609,JO
610,JP
611,JQ
612,JR
613,JS
614,JT
615,JU
616,JV
617,JW
618,JX
619,JY
620,JZ
201,K0
202,K1
203,K2
204,K3
205,K4
206,K5
207,K6
208,K7
209,K8
210,K9
621,KA
622,KB
623,KC
624,KD
625,KE
626,KF
627,KG
628,KH
629,KI
630,KJ
631,KK
632,KL
633,KM
634,KN
635,KO
636,KP
637,KQ
638,KR
639,KS
640,KT
641,KU
642,KV
643,KW
644,KX
645,KY
646,KZ
211,L0
212,L1
213,L2
214,L3
215,L4
216,L5
217,L6
218,L7
219,L8
220,L9
647,LA
648,LB
649,LC
650,LD
651,LE
652,LF
653,LG
654,LH
655,LI
656,LJ
657,LK
658,LL
659,LM
660,LN
661,LO
662,LP
663,LQ
664,LR
665,LS
666,LT
667,LU
668,LV
669,LW
670,LX
671,LY
672,LZ
221,M0
222,M1
223,M2
224,M3
225,M4
226,M5
227,M6
228,M7
229,M8
230,M9
673,MA
674,MB
675,MC
676,MD
677,ME
678,MF
679,MG
680,MH
681,MI
682,MJ
683,MK
684,ML
685,MM
686,MN
687,MO
688,MP
689,MQ
690,MR
691,MS
692,MT
693,MU
694,MV
695,MW
696,MX
697,MY
698,MZ
231,N0
232,N1
233,N2
234,N3
235,N4
236,N5
237,N6
238,N7
239,N8
240,N9
699,NA
700,NB
701,NC
702,ND
703,NE
704,NF
705,NG
706,NH
707,NI
708,NJ
709,NK
710,NL
711,NM
712,NN
713,NO
714,NP
715,NQ
716,NR
717,NS
718,NT
719,NU
720,NV
721,NW
722,NX
723,NY
724,NZ
241,O0
242,O1
243,O2
244,O3
245,O4
246,O5
247,O6
248,O7
249,O8
250,O9
725,OA
726,OB
727,OC
728,OD
729,OE
730,OF
731,OG
732,OH
733,OI
734,OJ
735,OK
736,OL
737,OM
738,ON
739,OO
740,OP
741,OQ
742,OR
743,OS
744,OT
745,OU
746,OV
747,OW
748,OX
749,OY
750,OZ
251,P0
252,P1
253,P2
254,P3
255,P4
256,P5
257,P6
258,P7
259,P8
260,P9
751,PA
752,PB
753,PC
754,PD
755,PE
756,PF
757,PG
758,PH
759,PI
760,PJ
761,PK
762,PL
763,PM
764,PN
765,PO
766,PP
767,PQ
768,PR
769,PS
770,PT
771,PU
772,PV
773,PW
774,PX
775,PY
776,PZ
261,Q0
262,Q1
263,Q2
264,Q3
265,Q4
266,Q5
267,Q6
268,Q7
269,Q8
270,Q9
777,QA
778,QB
779,QC
780,QD
781,QE
782,QF
783,QG
784,QH
785,QI
786,QJ
787,QK
788,QL
789,QM
790,QN
791,QO
792,QP
793,QQ
794,QR
795,QS
796,QT
797,QU
798,QV
799,QW
800,QX
801,QY
802,QZ
271,R0
272,R1
273,R2
274,R3
275,R4
276,R5
277,R6
278,R7
279,R8
280,R9
803,RA
804,RB
805,RC
806,RD
807,RE
808,RF
809,RG
810,RH
811,RI
812,RJ
813,RK
814,RL
815,RM
816,RN
817,RO
818,RP
819,RQ
820,RR
821,RS
822,RT
823,RU
824,RV
825,RW
826,RX
827,RY
828,RZ
281,S0
282,S1
283,S2
284,S3
285,S4
286,S5
287,S6
288,S7
289,S8
290,S9
829,SA
830,SB
831,SC
832,SD
833,SE
834,SF
835,SG
836,SH
837,SI
838,SJ
839,SK
840,SL
841,SM
842,SN
843,SO
844,SP
845,SQ
846,SR
847,SS
848,ST
849,SU
850,SV
851,SW
852,SX
853,SY
854,SZ
291,T0
292,T1
293,T2
294,T3
295,T4
296,T5
297,T6
298,T7
299,T8
300,T9
855,TA
856,TB
857,TC
858,TD
859,TE
860,TF
861,TG
862,TH
863,TI
864,TJ
865,TK
866,TL
867,TM
868,TN
869,TO
870,TP
871,TQ
872,TR
873,TS
874,TT
875,TU
876,TV
877,TW
878,TX
879,TY
880,TZ
301,U0
302,U1
303,U2
304,U3
305,U4
306,U5
307,U6
308,U7
309,U8
310,U9
881,UA
882,UB
883,UC
884,UD
885,UE
886,UF
887,UG
888,UH
889,UI
890,UJ
891,UK
892,UL
893,UM
894,UN
895,UO
896,UP
897,UQ
898,UR
899,US
900,UT
901,UU
902,UV
903,UW
904,UX
905,UY
906,UZ
311,V0
312,V1
313,V2
314,V3
315,V4
316,V5
317,V6
318,V7
319,V8
320,V9
907,VA
908,VB
909,VC
910,VD
911,VE
912,VF
913,VG
914,VH
915,VI
916,VJ
917,VK
918,VL
919,VM
920,VN
921,VO
922,VP
923,VQ
924,VR
925,VS
926,VT
927,VU
928,VV
929,VW
930,VX
931,VY
932,VZ
321,W0
322,W1
323,W2
324,W3
325,W4
326,W5
327,W6
328,W7
329,W8
330,W9
933,WA
934,WB
935,WC
936,WD
937,WE
938,WF
939,WG
940,WH
941,WI
942,WJ
943,WK
944,WL
945,WM
946,WN
947,WO
948,WP
949,WQ
950,WR
951,WS
952,WT
953,WU
954,WV
955,WW
956,WX
957,WY
958,WZ
331,X0
332,X1
333,X2
334,X3
335,X4
336,X5
337,X6
338,X7
339,X8
340,X9
959,XA
960,XB
961,XC
962,XD
963,XE
964,XF
965,XG
966,XH
967,XI
968,XJ
969,XK
970,XL
971,XM
972,XN
973,XO
974,XP
975,XQ
976,XR
977,XS
978,XT
979,XU
980,XV
981,XW
982,XX
983,XY
984,XZ
341,Y0
342,Y1
343,Y2
344,Y3
345,Y4
346,Y5
347,Y6
348,Y7
349,Y8
350,Y9
985,YA
986,YB
987,YC
988,YD
989,YE
990,YF
991,YG
992,YH
993,YI
994,YJ
995,YK
996,YL
997,YM
998,YN
999,YO
1000,YP
1001,YQ
1002,YR
1003,YS
1004,YT
1005,YU
1006,YV
1007,YW
1008,YX
1009,YY
1010,YZ
351,Z0
352,Z1
353,Z2
354,Z3
355,Z4
356,Z5
357,Z6
358,Z7
359,Z8
360,Z9
1011,ZA
1012,ZB
1013,ZC
1014,ZD
1015,ZE
1016,ZF
1017,ZG
1018,ZH
1019,ZI
1020,ZJ
1021,ZK
1022,ZL
1023,ZM
1024,ZN
1025,ZO
1026,ZP
1027,ZQ
1028,ZR
1029,ZS
1030,ZT
1031,ZU
1032,ZV
1033,ZW
1034,ZX
1035,ZY
1036,ZZ
