SReturnId,SaleId,LastUpdateDate,ReturnDate,PreviousDebit,PaidAmount,SpecialDiscount,CustomerId,IsUndelivered,TimeKey,IsPosted,SalesManId,UserNo,Remarks
1,,07/16/2023 03:07:00,06/05/2023 00:00:00,0.00,0.00,0.00,620010,False,0 0 0 0 0 0 219 67,False,,1,
2,,07/27/2023 03:18:00,07/24/2023 00:00:00,0.00,0.00,0.00,620016,False,0 0 0 0 0 1 25 221,False,,1,
3,,08/07/2023 02:57:00,08/01/2023 00:00:00,0.00,0.00,0.00,620016,False,0 0 0 0 0 1 103 199,False,,1,
4,,08/08/2023 04:15:00,08/03/2023 00:00:00,0.00,0.00,0.00,620016,False,0 0 0 0 0 1 103 219,False,,1,
5,,08/08/2023 05:37:00,08/05/2023 00:00:00,0.00,0.00,0.00,620010,False,0 0 0 0 0 1 103 229,False,,1,
6,,10/05/2023 01:36:00,05/07/2023 00:00:00,0.00,0.00,0.00,620008,False,0 0 0 0 0 2 4 48,False,,1,Expired
7,,10/08/2023 05:35:00,10/04/2023 00:00:00,0.00,0.00,0.00,620027,False,0 0 0 0 0 2 4 84,False,,1,Reprocess in 25 Kg Bag...total Bag 45
8,,10/17/2023 04:28:00,10/11/2023 00:00:00,0.00,0.00,0.00,620008,False,0 0 0 0 0 2 19 186,False,,1,Issued to Qazi Irfan For Dr Saleem
9,,11/12/2023 01:28:00,10/31/2023 00:00:00,0.00,0.00,0.00,620008,False,0 0 0 0 0 2 51 67,False,,1,Expired
10,,11/12/2023 02:46:00,10/12/2023 00:00:00,0.00,0.00,0.00,620007,False,0 0 0 0 0 2 51 69,False,,1,Expired
11,,11/12/2023 03:51:00,10/31/2023 00:00:00,0.00,0.00,0.00,620008,False,0 0 0 0 0 2 51 71,False,,1,Issued to Qazi Irfan For Dr. Saleem
12,,11/12/2023 03:55:00,10/25/2023 00:00:00,0.00,0.00,0.00,620008,False,0 0 0 0 0 2 51 73,False,,1,Issued to Nasir Jamal
13,,12/19/2023 16:41:00,11/09/2023 00:00:00,0.00,0.00,0.00,620008,False,0 0 0 0 0 2 129 51,False,,1,Sale Return for Dr Irfan ullah
14,,12/20/2023 19:18:00,12/06/2023 00:00:00,0.00,0.00,0.00,620008,False,0 0 0 0 0 2 129 103,False,,1,Issued to Aman A
15,,12/20/2023 19:58:00,11/23/2023 00:00:00,0.00,0.00,0.00,620051,False,0 0 0 0 0 2 223 5,False,,1,Sale return
16,,12/24/2023 16:33:00,11/08/2023 00:00:00,0.00,0.00,0.00,620008,False,0 0 0 0 0 2 129 169,False,,1,Sale return To Shan m/s Toba Tek
17,,12/24/2023 17:26:00,12/06/2023 00:00:00,0.00,0.00,0.00,620008,False,0 0 0 0 0 2 129 170,False,,1,Sale Return
18,,12/31/2023 12:54:00,12/25/2023 00:00:00,0.00,0.00,0.00,620008,False,0 0 0 0 0 2 191 134,False,,1,Expired
19,,01/04/2024 11:03:00,12/31/2023 00:00:00,0.00,0.00,0.00,620007,False,0 0 0 0 0 2 207 37,False,,1,Expired
21,,02/20/2024 05:08:00,02/17/2024 00:00:00,0.00,0.00,0.00,620008,False,0 0 0 0 0 3 45 18,False,,1,
22,,02/20/2024 05:23:00,02/19/2024 00:00:00,0.00,0.00,0.00,620007,False,0 0 0 0 0 3 76 50,False,,1,sale return
23,,03/14/2024 00:07:00,02/29/2024 00:00:00,0.00,0.00,0.00,620041,False,0 0 0 0 0 3 107 154,False,,1,Expired
24,,04/03/2024 03:50:00,03/16/2024 00:00:00,0.00,0.00,0.00,620010,False,0 0 0 0 0 3 138 189,False,,1,Issued to Raao Shifa Khana Laiyaah
25,,04/15/2024 03:59:00,03/11/2024 00:00:00,0.00,0.00,0.00,620014,False,0 0 0 0 0 3 154 101,False,,1,
26,,04/16/2024 02:20:00,03/31/2024 00:00:00,0.00,0.00,0.00,620008,False,0 0 0 0 0 3 154 105,False,,1,
27,,04/18/2024 00:00:00,04/16/2024 00:00:00,0.00,0.00,0.00,620027,False,0 0 0 0 0 3 154 137,False,,1,Sale Return
28,,04/18/2024 02:01:00,04/15/2024 00:00:00,0.00,0.00,0.00,620008,False,0 0 0 0 0 3 154 132,False,,1,
29,,04/29/2024 07:04:00,04/18/2024 00:00:00,0.00,0.00,0.00,620008,False,0 0 0 0 0 3 185 136,False,,1,Sal;e Return
30,,04/29/2024 07:07:00,04/20/2024 00:00:00,0.00,0.00,0.00,620010,False,0 0 0 0 0 3 185 139,False,,1,Sale Return
31,,06/02/2024 01:29:00,05/29/2024 00:00:00,0.00,0.00,0.00,620027,False,0 0 0 0 0 4 38 250,False,,1,Damage.
32,,07/06/2024 08:38:00,06/22/2024 00:00:00,0.00,0.00,0.00,620016,False,0 0 0 0 0 4 85 199,False,,1,
33,,07/09/2024 07:04:00,06/22/2024 00:00:00,0.00,0.00,0.00,620027,False,0 0 0 0 0 4 164 71,False,,1,Sale Return
34,,08/05/2024 22:54:00,07/27/2024 00:00:00,0.00,0.00,0.00,620027,False,0 0 0 0 0 4 164 72,False,,1,Sale Return
35,,08/06/2024 05:20:00,07/07/2024 00:00:00,0.00,0.00,0.00,620008,False,0 0 0 0 0 4 164 105,False,,1,
36,,08/08/2024 01:07:00,07/31/2024 00:00:00,0.00,0.00,0.00,620008,False,0 0 0 0 0 4 179 135,False,,1,Sale Return for IRFAN A
37,,09/01/2024 23:51:00,08/18/2024 00:00:00,0.00,0.00,0.00,620007,False,0 0 0 0 0 4 211 38,False,,1,DAMAGED
38,,09/25/2024 03:05:00,09/19/2024 00:00:00,0.00,0.00,0.00,620060,False,0 0 0 0 0 5 48 133,False,,1,issu to Awais Okara
39,,10/06/2024 04:52:00,10/05/2024 00:00:00,0.00,0.00,0.00,620016,False,0 0 0 0 0 5 95 115,False,,1,
40,,10/10/2024 08:11:00,10/10/2024 00:00:00,0.00,0.00,0.00,620008,False,0 0 0 0 0 6 11 90,False,,1,Sale Return
41,,11/12/2024 09:56:00,11/07/2024 00:00:00,0.00,0.00,0.00,620060,False,0 0 0 0 0 6 11 71,False,,1,Sale Return
42,,11/18/2024 02:57:00,11/17/2024 00:00:00,0.00,0.00,0.00,620070,False,0 0 0 0 0 6 11 95,False,,1,From Lyallpur V/S Sahianwala   {Sale Return}
43,,11/18/2024 03:02:00,11/17/2024 00:00:00,0.00,0.00,0.00,620068,False,0 0 0 0 0 6 11 94,False,,1,Salr Return
44,,11/18/2024 03:03:00,11/17/2024 00:00:00,0.00,0.00,0.00,620041,False,0 0 0 0 0 6 11 93,False,,1,Sale Return
45,,11/25/2024 00:27:00,11/23/2024 00:00:00,0.00,0.00,0.00,620008,False,0 0 0 0 0 6 26 231,False,,1,
46,,11/25/2024 00:28:00,11/24/2024 00:00:00,0.00,0.00,0.00,620008,False,0 0 0 0 0 6 26 232,False,,1,
47,,11/27/2024 07:39:00,11/25/2024 00:00:00,0.00,0.00,0.00,620010,False,0 0 0 0 0 6 27 53,False,,1,Sale return
48,,12/07/2024 02:45:00,11/30/2024 00:00:00,0.00,0.00,0.00,620041,False,0 0 0 0 0 6 27 105,False,,1,Sale return
49,,12/30/2024 05:26:00,12/03/2024 00:00:00,0.00,0.00,0.00,620010,False,0 0 0 0 0 6 42 171,False,,1,Sale Return
50,,12/30/2024 05:34:00,12/08/2024 00:00:00,0.00,0.00,0.00,620014,False,0 0 0 0 0 6 42 174,False,,1,Sale Return
51,,12/30/2024 05:38:00,12/19/2024 00:00:00,0.00,0.00,0.00,620014,False,0 0 0 0 0 6 42 173,False,,1,Sale Return
52,,12/30/2024 05:40:00,12/26/2024 00:00:00,0.00,0.00,0.00,620008,False,0 0 0 0 0 6 42 176,False,,1,Sale Return
53,,01/19/2025 02:06:00,01/07/2025 00:00:00,0.00,0.00,0.00,620066,False,0 0 0 0 0 6 89 198,False,,1,Sale Return
54,,01/19/2025 02:11:00,01/07/2025 00:00:00,0.00,0.00,0.00,620008,False,0 0 0 0 0 6 89 199,False,,1,Sale Return
56,,02/23/2025 05:36:00,02/10/2025 00:00:00,0.00,0.00,0.00,620010,False,0 0 0 0 0 6 198 235,False,,1,Sale Return
57,,02/23/2025 05:39:00,02/12/2025 00:00:00,0.00,0.00,0.00,620061,False,0 0 0 0 0 6 198 236,False,,1,Sale Return
59,,02/23/2025 05:41:00,02/22/2025 00:00:00,0.00,0.00,0.00,620027,False,0 0 0 0 0 7 239 171,False,,1,sale return
60,,03/18/2025 23:21:00,03/17/2025 00:00:00,0.00,0.00,0.00,620008,False,0 0 0 0 0 6 245 175,False,,1,
61,,04/22/2025 04:27:00,04/17/2025 00:00:00,0.00,0.00,0.00,620008,False,0 0 0 0 0 6 246 201,False,,1,
62,,05/14/2025 03:39:00,03/24/2025 00:00:00,0.00,0.00,0.00,620021,False,0 0 0 0 0 7 21 90,False,,1,Sale Return
64,,05/30/2025 21:52:00,05/28/2025 00:00:00,0.00,0.00,0.00,620027,False,0 0 0 0 0 7 99 6,False,,1,Sale Return
65,,07/27/2025 00:13:00,07/20/2025 00:00:00,0.00,0.00,0.00,620041,False,0 0 0 0 0 8 124 77,False,,1,Sale Return From Burewala
66,,08/21/2025 00:24:00,06/30/2025 00:00:00,0.00,0.00,0.00,620042,False,0 0 0 0 0 8 186 203,False,,1,
67,,08/21/2025 00:55:00,06/30/2025 00:00:00,0.00,0.00,0.00,620010,False,0 0 0 0 0 8 186 206,False,,1,Issued to Dr.Irfan
68,,08/21/2025 00:58:00,06/30/2025 00:00:00,0.00,0.00,0.00,620010,False,0 0 0 0 0 8 186 208,False,,1,Issued to Alharam Traders.
69,,08/21/2025 01:01:00,06/30/2025 00:00:00,0.00,0.00,0.00,620010,False,0 0 0 0 0 8 186 215,False,,1,Sale Return
70,,08/21/2025 01:03:00,06/30/2025 00:00:00,0.00,0.00,0.00,620010,False,0 0 0 0 0 8 186 214,False,,1,Sale Return
71,,08/21/2025 01:37:00,01/25/2024 00:00:00,0.00,0.00,0.00,620010,False,0 0 0 0 0 8 186 216,False,,1,Sale Return
72,,08/21/2025 01:42:00,12/03/2024 00:00:00,0.00,0.00,0.00,620010,False,0 0 0 0 0 8 186 218,False,,1,sale Return
73,,08/21/2025 01:43:00,02/09/2025 00:00:00,0.00,0.00,0.00,620010,False,0 0 0 0 0 8 186 220,False,,1,Sale return
74,,08/21/2025 04:56:00,06/30/2025 00:00:00,0.00,0.00,0.00,620008,False,0 0 0 0 0 8 186 231,False,,1,Sale Return
75,,09/14/2025 05:19:00,08/28/2025 00:00:00,0.00,0.00,0.00,620027,False,0 0 0 0 0 11 153 63,False,,1,Sale Return
76,,09/23/2025 05:54:00,09/17/2025 00:00:00,0.00,0.00,0.00,620071,False,0 0 0 0 0 9 9 37,False,,1,
77,,09/30/2025 02:00:00,09/10/2025 00:00:00,0.00,0.00,0.00,620027,False,0 0 0 0 0 9 9 77,False,,1,Damage
78,,10/19/2025 05:51:00,10/14/2025 00:00:00,0.00,0.00,0.00,620060,False,0 0 0 0 0 11 168 197,False,,1,Sale Return
79,,11/04/2025 05:32:00,10/07/2025 00:00:00,0.00,0.00,0.00,620027,False,0 0 0 0 0 9 71 143,False,,1,Sale Return
80,,12/28/2025 06:31:00,12/14/2025 00:00:00,0.00,0.00,0.00,620060,False,0 0 0 0 0 9 149 169,False,,1,Issued to Qazi Irfan For Riaz Karachi
81,,12/28/2025 08:43:00,12/16/2025 00:00:00,0.00,0.00,0.00,620010,False,0 0 0 0 0 11 153 37,False,,1,Sale Return
82,,04/18/2026 00:55:00,11/27/2025 00:00:00,0.00,0.00,0.00,620092,False,0 0 0 0 0 11 137 173,False,,1,Sale Return
83,,04/18/2026 01:00:00,01/22/2026 00:00:00,0.00,0.00,0.00,620092,False,0 0 0 0 0 11 137 174,False,,1,Sale Return
84,,04/19/2026 23:31:00,09/26/2025 00:00:00,0.00,0.00,0.00,620020,False,0 0 0 0 0 11 153 39,False,,1,Sale Return
85,,04/20/2026 03:25:00,06/30/2025 00:00:00,0.00,0.00,0.00,620015,False,0 0 0 0 0 11 153 47,False,,1,Sale Return
86,,04/20/2026 22:39:00,03/05/2024 00:00:00,0.00,0.00,0.00,620058,False,0 0 0 0 0 11 153 50,False,,1,Sale Return
87,,04/20/2026 23:02:00,12/31/2024 00:00:00,0.00,0.00,0.00,620007,False,0 0 0 0 0 11 153 52,False,,1,Sale Return
88,,04/20/2026 23:42:00,07/30/2025 00:00:00,0.00,0.00,0.00,620007,False,0 0 0 0 0 11 153 58,False,,1,Sale Return
89,,04/21/2026 03:33:00,12/07/2025 00:00:00,0.00,0.00,0.00,620027,False,0 0 0 0 0 11 153 64,False,,1,Sale Return
90,,04/21/2026 03:34:00,12/21/2025 00:00:00,0.00,0.00,0.00,620027,False,0 0 0 0 0 11 153 65,False,,1,Sale Return
91,,04/21/2026 03:52:00,02/02/2026 00:00:00,0.00,0.00,0.00,620027,False,0 0 0 0 0 11 153 67,False,,1,Sale Return
92,,07/09/2026 00:10:00,06/09/2026 00:00:00,0.00,0.00,0.00,620027,False,0 0 0 0 0 0 250 117,False,,1,Sale Return
93,,07/09/2026 00:11:00,06/24/2026 00:00:00,0.00,0.00,0.00,620027,False,0 0 0 0 0 0 250 118,False,,1,Sale Return
94,,08/15/2026 23:31:00,08/13/2026 00:00:00,0.00,0.00,0.00,620022,False,0 0 0 0 0 1 150 211,False,,1,Sale return
95,,08/16/2026 00:54:00,08/12/2026 00:00:00,0.00,0.00,0.00,620118,False,0 0 0 0 0 1 150 210,False,,1,Sale Return
96,,08/24/2026 01:44:00,08/16/2026 00:00:00,0.00,0.00,0.00,620015,False,0 0 0 0 0 1 244 112,False,,1,
