ProductID	CompanyId	ProductName	ReferencedIn
00008	00	Scour Guard100ML	FillingHeader,PackingHeader
00010	00	Calci-Phos-D100ML	FillingHeader,PackingHeader
00013	00	Kirzan BOP 100ml	FillingHeader,PackingHeader
00014	00	Growth Promoter 1kg	FillingHeader
00016	00	Growth Promoter 25kg	FillingHeader,PackingHeader
00019	00	DCP BOP 25kg	FillingHeader,PackingHeader
00020	00	Magnet BOP 1kg	FillingHeader,PackingHeader
00022	00	Magnet BOP 25kg	FillingHeader,PackingHeader
00024	00	Hepatic-Optimizer 1 Lit	FillingHeader,PackingHeader
00026	00	Vital Gold 1kg	FillingHeader,PackingHeader
00028	00	Vital Gold 25kg	FillingHeader,PackingHeader
00030	00	Coolper 100gm	FillingHeader,PackingHeader
00032	00	Calci-Phos-D 1000ml	FillingHeader,PackingHeader
00035	00	Bio-Fat 25kg	FillingHeader,PackingHeader
00037	00	paower Plus 25kg	FillingHeader,PackingHeader
00038	00	Hepatic-Optimizer Powder 25kg	FillingHeader,PackingHeader
00039	00	Super Yeast 1kg	FillingHeader
00040	00	Super Yeast Powder 25kg	FillingHeader,PackingHeader
00041	00	Growth Promoter Plus 25kg	FillingHeader,PackingHeader
00045	00	Fuzion Plus 1Lit	FillingHeader
00046	00	Fuzion Plus 5 Lit	FillingHeader,PackingHeader
00047	00	Toxi-Lic Liquid 5 Lit	FillingHeader,PackingHeader
00048	00	Lysogar-Lic Powder 1kg	FillingHeader,PackingHeader
00049	00	Calci-Phos-D 5 Lit	FillingHeader,PackingHeader
00050	00	Garlimint Plus BOP 1Lit	FillingHeader,PackingHeader
00051	00	Garlimint Plus BOP 5Lit	FillingHeader,PackingHeader
00052	00	Hepatic-Optimizer 5Lit	FillingHeader,PackingHeader
00053	00	Kimchi sal Oral Liquid 5 Lit	FillingHeader,PackingHeader
00054	00	Mento Care Oral Liquid	FillingHeader,PackingHeader
00055	00	Micro Sel-E Oral Liquid 1 Lit	FillingHeader,PackingHeader
00063	00	BOP ADEK Oral Liquid 1 Lit	FillingHeader,PackingHeader
00064	00	Toniplex Bop Oral Liquid 1 Lit	FillingHeader,PackingHeader
00068	00	Bio-Urex Oral Powder	FillingHeader
00072	00	CID 7 Oral Liquid 5 Liter	FillingHeader,PackingHeader
00073	00	Ambro_Lic Oral Liquid 1 Liter	FillingHeader,PackingHeader
00074	00	Magnet Plus 25 Kg	FillingHeader,PackingHeader
00076	00	Prime Grow Protein 25 kg	FillingHeader,PackingHeader
00077	00	Bio Ambrox 1 Liter Liquid	FillingHeader,PackingHeader
00078	00	 ORITOX Oral Powder  25 Kg	FillingHeader,PackingHeader
00079	00	nutri Lic Oral powder 5kg	FillingHeader
00084	00	BOP Adek Oral Liquid 5 Lit	FillingHeader
00086	00	Oripulmo Liquid 1 Lit	FillingHeader,PackingHeader
00087	00	V & M Minerals 20 Kg	FillingHeader
00090	00	Micro Sel E Oral Liquid 5 Lit	FillingHeader,PackingHeader
00091	00	Toniplex Oral Liquid 5 Lit	FillingHeader,PackingHeader
00095	00	Nutri Lic Premix Feed 25Kg	FillingHeader
00100	00	Toxi Gold Liquid 1 Lit	FillingHeader
00102	00	Diure Lic Powder 1 Kg	FillingHeader
00103	00	Toxi Lic Oral Liquid 1 Lit	FillingHeader
00107	00	NephroLic Powder 1 Kg	FillingHeader
00116	00	BronoKill Liquid 5 Lit 	FillingHeader
00118	00	CID 7 Oral Liquid 25 Lit	FillingHeader,PackingHeader
00119	00	Mento Care Oral  Liquid 5 Lit	FillingHeader,PackingHeader
00121	00	Nephretic 1kg powder	FillingHeader,PackingHeader
00122	00	immune forte Oral Liquid 1 Lit 	FillingHeader,PackingHeader
00125	00	Golden Premix 25Kg 	FillingHeader,PackingHeader
00126	00	Golden Premix 1 Kg 	FillingHeader,PackingHeader
00127	00	Paower Plus 1 kg	FillingHeader
00129	00	RespiGuard Liquid  5 Liter	FillingHeader,PackingHeader
00130	00	MicroTox Liquid 5 Liter 	FillingHeader,PackingHeader
00131	00	HepaLiv Liquid 5 Liter 	FillingHeader,PackingHeader
00132	00	Immune Forte Liquid 5 Lit	FillingHeader,PackingHeader
00133	00	Ferovit Plus Liquid 5 Lit	FillingHeader,PackingHeader
00134	00	Uri Flush Liquid 5 Lit	FillingHeader
00135	00	Super Copper Liquid 5 Lit	FillingHeader,PackingHeader
00136	00	Super Adek Liquid 5 Lit	FillingHeader,PackingHeader
00137	00	Acidi-Lic Liquid 25 Lit	FillingHeader,PackingHeader
00138	00	Bio Ambrox 5Lit	FillingHeader,PackingHeader
00139	00	Bentox Powder 25 kg	FillingHeader,PackingHeader
00140	00	MicroGold Minerals 25 kg	FillingHeader
00141	00	Promin Gold Minerals 1kg	FillingHeader,PackingHeader
00142	00	Promin Gold Minerals 20kg	FillingHeader
00144	00	BOP DCAL Liquid 5 Lit	FillingHeader,PackingHeader
00145	00	L.G Mune Liquid 5 Liter	FillingHeader,PackingHeader
00147	00	BOP PH 5 Liquid 25 Liter	FillingHeader,PackingHeader
00150	00	Calpho Lic Liquid 5 Lit	FillingHeader,PackingHeader
00151	00	BOP Copper Liquid 1 Lit	FillingHeader,PackingHeader
00152	00	Bop ADEK Powder 1 Kg	FillingHeader,PackingHeader
00154	00	Calpho-Lic Liquid 100 ML	FillingHeader
00155	00	Calco-Lic Liquid 120 ML	FillingHeader
00156	00	DCP-Lic Powder 25 Kg (High)	FillingHeader,PackingHeader
00157	00	Bento-lic Powder 25 Kg	FillingHeader
00158	00	Minro-Lic mineral 25 Kg	FillingHeader,PackingHeader
00159	00	Minro-Lic mineral 1 Kg	FillingHeader
00160	00	VitaMinro-Lic Mineral 25 Kg	FillingHeader
00161	00	VitaMinro-Lic Mineral 1Kg	FillingHeader
00163	00	Mento Respi Liquid 5 Lit	FillingHeader,PackingHeader
00164	00	Orga fat-Lic 25 kg	FillingHeader
00165	00	BOP COOLPER Powder 25 kg	FillingHeader
00170	00	Ex.Tox Liquid 5 Lit	FillingHeader,PackingHeader
00171	00	BOP Super Drink Powder 1 Kg	FillingHeader
00172	00	Energo Lic Liquid 5 Lit	FillingHeader
00176	00	PENTA COPPER Liquid 1 Lit	FillingHeader
00177	00	O-D Plus Oral Liquid 5 Liter	FillingHeader,PackingHeader
00178	00	Bop URETIC Powder 1 kg	FillingHeader,PackingHeader
00179	00	PROCOPCID Oral Liquid 5 Liter	FillingHeader,PackingHeader
00180	00	Stable C 20 (5 Liter)	FillingHeader,PackingHeader
00181	00	HEAATIC OPTIMIZER Liquid 250 ml	FillingHeader
00182	00	Microgest Powder 100 gm	FillingHeader,PackingHeader
00183	00	BOP EN-BOOST Liquid 5 Liter	FillingHeader,PackingHeader
00184	00	Kimchi Sal Liquid 1 Liter	FillingHeader,PackingHeader
00185	00	MOOGROW-LIC 25 kg	FillingHeader
00186	00	DCP Powder - 29 %.   25 kg	FillingHeader,PackingHeader
00187	00	TOXI-OFF Liquid 5 Liter	FillingHeader,PackingHeader
00188	00	TOXI GOLD Liquid 5 Liter	FillingHeader,PackingHeader
00189	00	RESPIFIT Liquid 5 Liter 	FillingHeader,PackingHeader
00190	00	Hepaliv Liquid 1 Liter	FillingHeader
00191	00	BOP LIVERCARE Powder 25 KG	FillingHeader,PackingHeader
00192	00	HepaTox liquid 5 Liter	FillingHeader
00193	00	Kimchi Gold liquid 5 Liter	FillingHeader
00194	00	E.C Gold Oral Liquid  5 Liter	FillingHeader,PackingHeader
00196	00	Sachro-lic Oral Powder 25 KG	FillingHeader,PackingHeader
00197	00	Eggcelent liquid 5 Liter	FillingHeader,PackingHeader
00198	00	LivoCare liquid 5 Litter	FillingHeader
00199	00	Yeast Plus Powder 25 kg	FillingHeader,PackingHeader
00201	00	Garlimint Plus Liquid 100 ML	FillingHeader,PackingHeader
00202	00	MicroTox liquid 1Lit	FillingHeader
00203	00	L .G Mune liquid 1 Lit	FillingHeader
00204	00	Bop DCAL Liquid 1Lit	FillingHeader
00205	00	Ferovit Plus Liquid 1Lit	FillingHeader,PackingHeader
00206	00	Super Copper Liquid 1Lit	FillingHeader,PackingHeader
00207	00	KimchiMex Liquid 5Lit	FillingHeader
00208	00	Profen C+ Powder 1Kg	FillingHeader,PackingHeader
00209	00	Hepatic Optimizer fort Powder 25kg	FillingHeader,PackingHeader
00211	00	Bio Adeck Liquid 5Lit	FillingHeader,PackingHeader
00212	00	Microgold-Bop 25 kg	FillingHeader,PackingHeader
00213	00	Bop PH5  5Lit	FillingHeader
00214	00	Aquadjust Liquid 25Lit	FillingHeader
00215	00	Calcivit-D Powder 1kg	FillingHeader
00216	00	RespiGuard liquid 1Lit	FillingHeader
00218	00	Red Gold Minreal 1kg	FillingHeader
00219	00	Himax Dairy powder 25kg	FillingHeader
00220	00	Rumicid powder 25kg	FillingHeader,PackingHeader
00221	00	HY-CALD Liquid 5lit	FillingHeader
00222	00	Nu-Sil-T Plus 5Lit 	FillingHeader
00223	00	Avivita Plus Liquid 5Lit	FillingHeader
00225	00	RedGold Minerals 25KG	FillingHeader
00226	00	O-D Plus Liquid 1lit	FillingHeader,PackingHeader
00228	00	P.H Cure 25 Liter	FillingHeader,PackingHeader
00229	00	E.C Gold Liquid 1Lit	FillingHeader
00230	00	ES-200 Liiqid 5Lit	FillingHeader
00231	00	 Calcium 72 25kg	FillingHeader,PackingHeader
00232	00	Bop SUPPER TOX 1kg	FillingHeader
00233	00	Timp-Ex Oral Liquid 120 ML	FillingHeader,PackingHeader
00235	00	Bop Dairy Calcium 25kg	FillingHeader
00236	00	Bop Dairy Gold 25kg	FillingHeader
00237	00	Bop Dairy Tox 25kg	FillingHeader
00238	00	Calphos-D Liquid 5Lit	FillingHeader
00239	00	Bop Super Gold 1Kg	FillingHeader
00240	00	Bop super Tox 25KG	FillingHeader
00241	00	Bop Supper Gold 25KG	FillingHeader
00242	00	Aqua Guard Liquid 5Lit	FillingHeader
00243	00	Bop dairy Mineral 25 KG	FillingHeader,PackingHeader
00244	00	Calco-Best 100 ML 	FillingHeader,PackingHeader
00245	00	Sparko-80 25L	FillingHeader
00246	00	Aqua-Guard 25L	FillingHeader
00247	00	Ampro-Plus Liquid 5L	FillingHeader,PackingHeader
00248	00	Calcium-72 1KG	FillingHeader,PackingHeader
00249	00	Viro-Immune 5Lit	FillingHeader
00250	00	Veti-Guard  Liquid 5L	FillingHeader
00252	00	Viro-Immune 1Liter	FillingHeader
00253	00	Super Adek 1Liter	FillingHeader
00254	00	Heaatic Optimizer 5 Liter	FillingHeader
00255	00	Caldiphos 100ML	FillingHeader
00257	00	Heaatic-Optimizer 100ML	FillingHeader,PackingHeader
00258	00	GrowMore 25KG	FillingHeader,PackingHeader
00259	00	Garliment-Plus BOP  30ML	FillingHeader,PackingHeader
00260	00	Pro-Tox Liquid 5L	FillingHeader,PackingHeader
00261	00	Bop Copper 5L	FillingHeader,PackingHeader
00262	00	Magnet 100gm	FillingHeader,PackingHeader
00263	00	GrowMore 100gm	FillingHeader,PackingHeader
00264	00	DCP-Gold 25Kg	FillingHeader,PackingHeader
00265	00	GrowMore 1Kg	FillingHeader,PackingHeader
00266	00	E.S  200 liquid 5 Liter	FillingHeader,PackingHeader
00267	00	Super Yeast Liquid 5 Liter 	FillingHeader,PackingHeader
00268	00	Bop En-Boost Oral Liquid 1 Liter	FillingHeader,PackingHeader
00269	00	Respi-Ease Liquid 5 liter 	FillingHeader
00270	00	Bio ESEL 200 Liquid 5 Liter  	FillingHeader
00271	00	Lyzoguard Liquid 5 Liter	FillingHeader
00272	00	TieTox Liquid Oral Liquid  5 Liter	FillingHeader
00273	00	Merlin Fix Oral Powder 25 kg	FillingHeader,PackingHeader
00274	00	CRD Mint Oral Liquid 5 Liter	FillingHeader,PackingHeader
00275	00	CRD Mint Oral Liquid  1 Liter	FillingHeader,PackingHeader
00276	00	Task 1 Oral Liquid  5 Liter	FillingHeader,PackingHeader
00277	00	Task 1 Oral Liquid  1 Liter	FillingHeader
00278	00	Immunit Z Oral Liquid  5 Liter 	FillingHeader,PackingHeader
00279	00	Immunit Z Oral Liquid  1 Liter	FillingHeader
00280	00	TopVit Oral Liquid  5 Liter	FillingHeader,PackingHeader
00281	00	MLC 100  Oral Liquid 5 Liter	FillingHeader,PackingHeader
00282	00	MLC 100 Oral Liquid  1 Liter 	FillingHeader
00283	00	Minto-Lic Oral Liquid  1 Lit	FillingHeader
00284	00	Bop DCP Gold 25 kg	FillingHeader
00285	00	Reno Gurd Flush Oral Powder 1 kg	FillingHeader,PackingHeader
00286	00	Frost Oral Liquid 5 liter	FillingHeader,PackingHeader
00287	00	Flush Gold Oral Liquid 5 Lit	FillingHeader,PackingHeader
00288	00	Super LIVFIT 5 Liter	FillingHeader
00289	00	ACIDO FORTE 25 Lit	FillingHeader,PackingHeader
00291	00	COPPER Gold Oral Liquid 5 Lit	FillingHeader,PackingHeader
00292	00	VETLIV Oral Solution 5 Lit	FillingHeader,PackingHeader
00294	00	Adek Gold Oral Liquid 5 Lit	FillingHeader,PackingHeader
00295	00	Hepa Gold Oral Liquid 5 Lit	FillingHeader,PackingHeader
00296	00	Toxi Gold Forte Powder 25 kg	FillingHeader,PackingHeader
00297	00	Avivita Plus 1 Lit	FillingHeader
00298	00	E.MUNE Gold Oral Liquid 5 Lit	FillingHeader
00299	00	Micro Milk Premix Oral powder 25 kg	FillingHeader
00300	00	RUMEN GUARD Oral Powder 25 kg	FillingHeader
00301	00	ULTRA IMMUNE Oral Liquid 5 Lit	FillingHeader
00302	00	Bentox Plus Oral Powder 25 kg	FillingHeader,PackingHeader
00303	00	SACHRO LIC 1 kg	FillingHeader
00304	00	Micro Milk Powder 1 kg	FillingHeader
00306	00	Chick Guard Oral Liquid 5 Lit	FillingHeader
00307	00	BOP E 50 Oral Liquid 5 Lit	FillingHeader,PackingHeader
00308	00	Vital Gut Oral Liquid 5 Lit	FillingHeader
00309	00	Levo Care Oral Liquid 5 Lit	FillingHeader,PackingHeader
00311	00	Copper-Pro Oral Liquid 5 Lit	FillingHeader
00312	00	Myco-Sheild Oral Powder 25 kg	FillingHeader
00313	00	Rehydrate Oral Liquid 5 Lit	FillingHeader
00314	00	Phyto-Phos Oral Liquid 5 Lit	FillingHeader,PackingHeader
00315	00	Bop Buffer Plus 25 kg	FillingHeader,PackingHeader
00316	00	Ultra Immune Oral Liquid 1 Lit	FillingHeader
00317	00	Tox End Oral Liquid 1 Liter	FillingHeader,PackingHeader
00318	00	IG Max Oral Liquid 1 Liter	FillingHeader,PackingHeader
00319	00	Pulmonal Oral Liquid 1 Liter	FillingHeader,PackingHeader
00320	00	Neufen Gold Oral Powder 1 kg	FillingHeader,PackingHeader
00321	00	Bovi Vitam Premix 25 kg	FillingHeader
00322	00	Bovi Mineral Premix 25 kg	FillingHeader
00323	00	Bovi Tox Oral Powder 25 kg 	FillingHeader
00324	00	Bovi Tox Plus Oral Powder 25 kg	FillingHeader
00325	00	Bovi DCP Oral Powder 25 kg	FillingHeader
00326	00	OxyResp Oral Liquid 5 Lit	FillingHeader
00327	00	LivTone Oral Liquid 5 Lit	FillingHeader
00328	00	Copper Chelate Oral Liquid 5 Lit	FillingHeader
00329	00	Vitamin E Sel Oral Liquid 5 Lit	FillingHeader
00330	00	LivGuard Oral Liquid 5 Lit	FillingHeader,PackingHeader
00332	00	Herbs Gold Oral Liquid 5 Lit	FillingHeader
00333	00	Vital Gut Oral Liquid 1 Lit	FillingHeader
00334	00	Chick Guard Oral Liquid 1 Lit	FillingHeader
00335	00	BOP E 50 Oral Liquid 1 Lit	FillingHeader
00336	00	Phyto-Phos Oral Liquid 1 Lit	FillingHeader
00337	00	Bop Pro-Tox Liquid 1 Lit	FillingHeader
00338	00	DCP-LIC Oral Powder 25 kg (Low)	FillingHeader
00339	00	Veto Respi Oral Liquid Oil Base 5 Lit	FillingHeader,PackingHeader
00340	00	Toxin Pro Oral Liquid 5 Lit	FillingHeader,PackingHeader
00341	00	Ultra E Sel Oral Liquid 1 Lit	FillingHeader
00342	00	Ultra LiverCare Oral Liquid 1 Lit	FillingHeader
00343	00	BOP Nutramin Forte 25 KG	FillingHeader,PackingHeader
00344	00	JELITO Liquid 25 Lit	FillingHeader,PackingHeader
00345	00	Bio E Sel 20 Oral Liquid 5 Lit	FillingHeader
00346	00	Respi-Ease Liquid 1 liter 	FillingHeader
00347	00	TieTox Liquid Oral Liquid  1 Liter	FillingHeader
00348	00	Levo Care Oral Liquid 1 Lit	FillingHeader
00349	00	Aspolite C Oral Liquid 5 Lit	FillingHeader,PackingHeader
00350	00	Electro Mune C Oral Liquid 5 Lit	FillingHeader
00351	00	BOP Glycholine Plus Oral Solution 25 Lit	FillingHeader,PackingHeader
00352	00	 BronoKill  Liquid  25 Lit 	FillingHeader,PackingHeader
00356	00	Uri Flush Oral Liquid 1 Lit	FillingHeader,PackingHeader
00357	00	BOP Yeast Oral Powder 25 kg (High)	FillingHeader,PackingHeader
00358	00	Hepa Leo Oral Liquid 5 Lit	FillingHeader,PackingHeader
00359	00	Leo Hepaton Oral Liquid 5 Lit	FillingHeader
00360	00	Leo Adsorbo Oral Liquid 5 Lit	FillingHeader,PackingHeader
00361	00	Leo Inhalex Oral Liquid 5 Lit	FillingHeader
00362	00	Leo Immunomax Oral Liquid 5 Lit	FillingHeader,PackingHeader
00364	00	Leo Viton Oral Liquid 5 Lit	FillingHeader,PackingHeader
00365	00	Leo Cid Pro 25 Lit	FillingHeader,PackingHeader
00366	00	Leo Sorbex Oral Powder 25 kg	FillingHeader,PackingHeader
00367	00	Leo Abmrox Oral Liquid 5 Lit	FillingHeader,PackingHeader
00368	00	Toxi Off Oral Liquid 1 Lit	FillingHeader,PackingHeader
00369	00	Febro Meon Spray 120 ML	FillingHeader,PackingHeader
00370	00	ElectroMune C Oral Liquid 1 Lit 	FillingHeader,PackingHeader
00371	00	CS Guard 20 Oral Liquid 5 Lit	FillingHeader,PackingHeader
00372	00	Vital Frame Oral Liquid 5 Lit	FillingHeader,PackingHeader
00373	00	MLC 360 Oral Liquid 25 Lit	FillingHeader,PackingHeader
00374	00	Renu Guard Bucket Label	PackingBatch,PackingBody
00375	00	BOP TOX Oral Powder 25 kg	FillingHeader,PackingHeader
00376	00	Leo Flush Oral Liquid 5 Lit	FillingHeader,PackingHeader
00377	00	BOP DCAD Powder 25 kg	FillingHeader,PackingHeader
00378	00	Liv Guard Oral Liquid 1 Lit	FillingHeader,PackingHeader
00379	00	Aspolite C Oral Liquid 1 Lit	FillingHeader
00380	00	Bio Guard oral Liquid 5 Lit	FillingHeader,PackingHeader
00381	00	Bop PH5  1 Lit	FillingHeader,PackingHeader
00382	00	Garlic Pro Oral Liquid  5 Lit	FillingHeader,PackingHeader
00383	00	Bio Drink Oral Powder 1 Kg	FillingHeader,PackingHeader
00384	00	Bop Cranol Oral Powder 1 Kg	FillingHeader,PackingHeader
00385	00	Bop Yeast Oral Powder 5 KG	FillingHeader,PackingHeader
00386	00	Ocid Fort Oral Liquid 25 L	FillingHeader,PackingHeader
00387	00	Brosteine 15 Oral Liquid 5 LIT	FillingHeader
00388	00	Copper lac oral liquid 1L	FillingHeader,PackingHeader
00389	00	Copper Lac plus Oral Liquid 1L 	FillingHeader,PackingHeader
00390	00	Tox Go Vital Oral Liquid 5 Lit	FillingHeader,PackingHeader
00391	00	Promune 35 Oral Liquid 5 Lit	FillingHeader,PackingHeader
00392	00	Heaatic Optimiser Oral Liquid 1 Lit	FillingHeader,PackingHeader
00393	00	Grow Pro + Oral Liquid 5 Lit	FillingHeader,PackingHeader
00394	00	Bop Super Premix Oral Powder 25 kg	FillingHeader,PackingHeader
00395	00	Brosteine Oral Liquid 1 Lit	FillingHeader,PackingHeader
00396	00	Tox Guard Plus Oral Liquid 5 LIT	FillingHeader,PackingHeader
00397	00	Garliment Forte Oral Liquid 5 LIT	FillingHeader,PackingHeader
00398	00	Cambo Stab C Oral Liquid 5 Lit	FillingHeader
00399	00	MYCOVIX PLUS ORAL LIQUID 1 LIT	FillingHeader,PackingHeader
00400	00	THERMOXFIX C ORAL LIQUID 1 LIT	FillingHeader,PackingHeader
00401	00	RESPIFIX PLUS ORAL LIQUID 1 LIT	FillingHeader,PackingHeader
00402	00	ADEVIX C ORAL LIQUID 1 LIT	FillingHeader,PackingHeader
00403	00	IMUNIIX PLUS ORAL LIQUID 1 LIT	FillingHeader,PackingHeader
00404	00	AQUAFIX PLUS ORAL LIQUID 1 LIT	FillingHeader,PackingHeader
00405	00	MB Adek Oril Liquid 1Lit	FillingHeader,PackingHeader
00406	00	MB VitaMun Oral Liquid 1 LIT	FillingHeader,PackingHeader
00407	00	LEO Civon 5 LIT	FillingHeader,PackingHeader
00408	00	MB FCR Grow Oral Powder 25KG	FillingHeader,PackingHeader
00409	00	MB Neutral Plus Oral Powder 25 kg	FillingHeader,PackingHeader
00410	00	Deak C Oral Liquid 5 Lit	FillingHeader
00411	00	De Resp Oral Liquid 5 Lit	FillingHeader,PackingHeader
00412	00	De Mune Oral Liquid 5 Lit	FillingHeader,PackingHeader
00413	00	Livocent Plus Oril Liquid  5 Lit	FillingHeader,PackingHeader
00414	00	Es Dec Oral Liquid 5 Lit	FillingHeader,PackingHeader
00415	00	AQUAFIX PLUS ORAL LIQUID 25 LIT	FillingHeader,PackingHeader
00417	00	Bop Restore-M 25 Kg	FillingHeader
01001	01	Aerosil 	FormulaBody,ProductionBatch,ProductionBody
01002	01	Ammonium chloride	FormulaBody,ProductionBatch,ProductionBody
01003	01	Bentonite	FormulaBody,ProductionBatch,ProductionBody
01004	01	Citric Acid	FormulaBody,ProductionBatch,ProductionBody
01005	01	CMC Sodium	FormulaBody,ProductionBatch,ProductionBody
01007	01	CSL 	FormulaBody,ProductionBatch,ProductionBody
01008	01	Calcium Carbonate	FormulaBody,ProductionBatch,ProductionBody
01009	01	Copper Sulphate	FormulaBody,ProductionBatch,ProductionBody
01010	01	Betaine	FormulaBody,ProductionBatch,ProductionBody
01011	01	Choline Chloride	FormulaBody,ProductionBatch,ProductionBody
01012	01	Chocolate Brown Colour	FormulaBody,ProductionBatch,ProductionBody
01013	01	Calcium Chloride	FormulaBody,ProductionBatch,ProductionBody
01014	01	ChloroForm	FormulaBody
01015	01	DCP (Calcium)	FormulaBody,ProductionBatch,ProductionBody
01016	01	DCP (Dana)	FormulaBody,ProductionBatch,ProductionBody
01017	01	Camphor	FormulaBody,ProductionBatch,ProductionBody
01018	01	Dextrose	FormulaBody
01019	01	Eucluptus Oil	FormulaBody,ProductionBatch,ProductionBody
01020	01	Formic Acid	FormulaBody,ProductionBatch,ProductionBody
01021	01	Glacial Acetic Acid	FormulaBody,ProductionBatch,ProductionBody
01022	01	Genshat Voilt (Crystal)	FormulaBody,ProductionBatch,ProductionBody
01023	01	Garlic Oil	FormulaBody,ProductionBatch,ProductionBody
01024	01	 Garlic Extract Powder	FormulaBody,ProductionBatch,ProductionBody
01025	01	Ginger Oil	FormulaBody,ProductionBatch,ProductionBody
01026	01	Ginger Extract Powder	FormulaBody,ProductionBatch,ProductionBody
01027	01	Kaolin	FormulaBody,ProductionBatch,ProductionBody
01028	01	Lactic Acid	FormulaBody,ProductionBatch,ProductionBody
01029	01	Lysozyme	FormulaBody
01030	01	Methyl Paraben Sodium (MP)	FormulaBody
01031	01	Menthol Crystal	FormulaBody,ProductionBatch,ProductionBody
01033	01	Molasses	FormulaBody,ProductionBatch,ProductionBody
01034	01	Magnesium Sulphate	FormulaBody,ProductionBatch,ProductionBody
01035	01	Turpentine Oil	FormulaBody,ProductionBatch,ProductionBody
01036	01	Propylene Glycol (PG)	FormulaBody,ProductionBatch,ProductionBody
01037	01	Propyle Paraben Sodium (PP)	FormulaBody
01038	01	Phosphoric Acid 85%	FormulaBody,ProductionBatch,ProductionBody
01040	01	Resberry Red Color	FormulaBody
01041	01	Sodium Benzoate	FormulaBody,ProductionBatch,ProductionBody
01042	01	Starch	FormulaBody,ProductionBatch,ProductionBody
01043	01	Sodium Chloride	FormulaBody,ProductionBatch,ProductionBody
01044	01	Sodium Bicarbonate	FormulaBody,ProductionBatch,ProductionBody
01045	01	Sorbitol Liquid 70%	FormulaBody,ProductionBatch,ProductionBody
01046	01	Silmyrin	FormulaBody,ProductionBatch,ProductionBody
01047	01	Sodium Sulphate	FormulaBody,ProductionBatch,ProductionBody
01048	01	Titanium Dioxide (T.T)	FormulaBody,ProductionBatch,ProductionBody
01049	01	Tween 80	FormulaBody
01050	01	Tartrazine Yellow Color Indian	FormulaBody,ProductionBatch,ProductionBody
01051	01	Urea	FormulaBody
01052	01	Vitamin A	FormulaBody,ProductionBatch,ProductionBody
01053	01	Vitamin B1	FormulaBody,ProductionBatch,ProductionBody
01054	01	Vitamin B2	FormulaBody,ProductionBatch,ProductionBody
01055	01	Vitamin C (Ascorbic acid)	FormulaBody,ProductionBatch,ProductionBody
01056	01	Vitamin D3	FormulaBody,ProductionBatch,ProductionBody
01057	01	Vitamin B6	FormulaBody,ProductionBatch,ProductionBody
01058	01	Xanthan Gum	FormulaBody,ProductionBatch,ProductionBody
01059	01	Wheat Bran	FormulaBody,ProductionBatch,ProductionBody
01060	01	Zinc Sulphate	FormulaBody,ProductionBatch,ProductionBody
01061	01	Manganese	FormulaBody
01062	01	Cobalt Sulphate	FormulaBody
01063	01	Iron Sulphate	FormulaBody
01064	01	Vitamin B-12	FormulaBody
01065	01	Spt Amm. Aromatic	FormulaBody,ProductionBatch,ProductionBody
01069	01	Linseed A	FormulaBody
01070	01	Anise Oil	FormulaBody,ProductionBatch,ProductionBody
01071	01	Thymol	FormulaBody
01072	01	Vitamin E	FormulaBody,ProductionBatch,ProductionBody
01073	01	Potassium Chloride	FormulaBody,ProductionBatch,ProductionBody
01075	01	Peppermint Oil	FormulaBody,ProductionBatch,ProductionBody
01076	01	Levander Oil	FormulaBody
01080	01	Capsicum Oil	FormulaBody
01082	01	Clove Oil	FormulaBody
01084	01	Methionine 	FormulaBody
01095	01	Kimchi Extract	FormulaBody
01096	01	Propionic Acid	FormulaBody
01097	01	Sodium Selenite	FormulaBody
01100	01	Yeast Extract( Saccharomyces Cerevisiae)	FormulaBody
01104	01	Lysine	FormulaBody,ProductionBatch,ProductionBody
01105	01	Sodium Citrate 	FormulaBody,ProductionBatch,ProductionBody
01107	01	Mannan Oligosaccharides	FormulaBody
01112	01	Calcium Phosphate 	FormulaBody
01113	01	Iodine	FormulaBody
01114	01	Calcium	FormulaBody
01115	01	Calcium Propionate	FormulaBody,ProductionBatch,ProductionBody
01117	01	Magnesium Oxide	FormulaBody,ProductionBatch,ProductionBody
01118	01	Vitamin K	FormulaBody
01119	01	Vitamin B5	FormulaBody
01120	01	Niacin	FormulaBody
01121	01	Folic Acid	FormulaBody
01122	01	Biotin	FormulaBody
01123	01	EDTA (AntiOxidant)	FormulaBody
01129	01	Rumen bypass Fat	FormulaBody
01130	01	Rumen bypass Protein	FormulaBody
01131	01	Live Yeast Culture	FormulaBody
01132	01	Bacillus Subtillis Extract	FormulaBody
01133	01	Tri Calcium Phosphate	FormulaBody
01134	01	Jivanti	FormulaBody
01135	01	Shatavari	FormulaBody
01136	01	Kambojika 	FormulaBody
01137	01	Zingiber Officinale	FormulaBody
01141	01	Vitamin H	FormulaBody
01142	01	Zinc Chloride	FormulaBody
01143	01	Vitamin B3	FormulaBody,ProductionBatch,ProductionBody
01144	01	D.C.P (Phosphorous)	FormulaBody
01147	01	Potassium Nitrate 	FormulaBody
01148	01	Ammonium	FormulaBody
01149	01	Licorice 	FormulaBody
01150	01	Wheat Husk	FormulaBody
01153	01	Vitamin K3	FormulaBody
01157	01	Herbal Extract	FormulaBody
01158	01	Thymus Vulgaris	FormulaBody
01159	01	Oregano Extract	FormulaBody
01160	01	Mentha Piperta	FormulaBody
01161	01	Ferrous Sulfate	FormulaBody
01162	01	Ethylenediamine dihydrochloride	FormulaBody
01163	01	Cobalt Carbonate	FormulaBody
01164	01	Riboflavin	FormulaBody
01165	01	D-Calcium Pantothenate	FormulaBody
01166	01	Pyridoxine hydrochloride	FormulaBody
01167	01	Thiamine Mononitrate	FormulaBody
01168	01	Phosphorus Oxide	FormulaBody
01174	01	Vitamin D	FormulaBody
01175	01	maganese Sulphate	FormulaBody
01176	01	Cobalt Chloride	FormulaBody,ProductionBatch,ProductionBody
01177	01	Zinc Oxide	FormulaBody
01178	01	Copper	FormulaBody
01180	01	flavour Banana	FormulaBody
01182	01	Fat Oil	FormulaBody,ProductionBatch,ProductionBody
01184	01	ARQ	FormulaBody,ProductionBatch,ProductionBody
01185	01	ARQ Vasaka 	FormulaBody,ProductionBatch,ProductionBody
01186	01	HCL	FormulaBody,ProductionBatch,ProductionBody
01187	01	Sodium Metaby Sulphate 	FormulaBody,ProductionBatch,ProductionBody
01189	01	Glycerine	FormulaBody,ProductionBatch,ProductionBody
01190	01	PHOSPHORUS Powder 29%	FormulaBody,ProductionBatch,ProductionBody
01192	01	Telcum Powder	FormulaBody
01193	01	Castor Oil	FormulaBody,ProductionBatch,ProductionBody
01194	01	Glucose	FormulaBody
01201	01	I.P.A	FormulaBody,ProductionBatch,ProductionBody
01203	01	Turmeric Ext	FormulaBody
01204	01	Cutting Oil	FormulaBody
01205	01	Sugar 	FormulaBody
02002	02	Shipper [B] 12 Bottle (1 Liter)	PackingBatch,PackingBody
02003	02	Shipper [C] 15 pcs Tin (1 KG)	PackingBatch,PackingBody
02004	02	Shipper [D] 4pcs cane (5 Liter)	PackingBatch,PackingBody
02006	02	Shipper [F] 100 pcs bottle Pet 100 ML	PackingBatch,PackingBody
02009	02	Bottle Can White  100ML	FillingBody,PackingBatch,PackingBody
02010	02	Bottle Pet Amber 100ML	FillingBody,PackingBatch,PackingBody
02011	02	Bottle Pet White 100ML	FillingBody
02013	02	Plastic Can Blue 5 Liter	FillingBody,PackingBatch,PackingBody
02014	02	Plastic Can White 5 Liter	FillingBody,PackingBatch,PackingBody
02015	02	Metal Bottle Silver 1 Liter	FillingBody,PackingBatch,PackingBody
02016	02	Cap Yellow 5Ltr Can	FillingBody
02018	02	S+D Calci-Phos D 100 ML	FillingBody,PackingBatch,PackingBody
02019	02	S+D Kirzan 100 ML	FillingBody,PackingBatch,PackingBody
02020	02	S+D Scour Guard100 ML	FillingBody,PackingBatch,PackingBody
02021	02	Packet Growth Promoter 1 KG	FillingBody
02025	02	Label Fuzion Plus 5 Liter	FillingBody,PackingBatch,PackingBody
02026	02	Label Toxi Lic 5 Liter	FillingBody,PackingBatch,PackingBody
02027	02	Label Calci Phos D 5 Liter	FillingBody,PackingBatch,PackingBody
02028	02	Label CID 7 (5)Lit	FillingBody,PackingBatch,PackingBody
02029	02	Label Hepatic Optimizer 5 Liter	FillingBody,PackingBatch,PackingBody
02031	02	Label Garlimint Plus 5 Liter	FillingBody,PackingBatch,PackingBody
02032	02	BAG Growth Promoter 25 KG	FillingBody,PackingBatch,PackingBody
02033	02	BAG Magnet 25 KG	FillingBody,PackingBatch,PackingBody
02034	02	BAG BOP DCP 25 KG	FillingBody,PackingBatch,PackingBody
02035	02	Packet Lysogar Lic 1 KG	FillingBody,PackingBatch,PackingBody
02036	02	Packet Nutri Lic 5 KG	FillingBody
02037	02	CAP Pet bottle White 100 ML	FillingBody
02040	02	Label Hepatic Optimizer 25 KG	FillingBody
02041	02	Label Growth Promoter Plus 25 KG	FillingBody,PackingBatch,PackingBody
02042	02	Label Super Yeast 25 KG	FillingBody,PackingBatch,PackingBody
02043	02	JAR 1 KG	FillingBody,PackingBatch,PackingBody
02047	02	Label Mento Care 1 Liter	FillingBody,PackingBatch,PackingBody
02048	02	Label Micro Sel-E Oral Liquid 1 Liter	FillingBody,PackingBatch,PackingBody
02049	02	Bottle Fuzion Plus Oral Liquid 1 Liter	FillingBody
02050	02	Label O-D PLus 1 Liter	FillingBody
02051	02	Packet Magnet Oral Powder 1KG	FillingBody,PackingBatch,PackingBody
02053	02	Bio Fat  Bag 25 KG	FillingBody,PackingBatch,PackingBody
02054	02	White Bag Unprint	FillingBody,PackingBatch,PackingBody
02055	02	Label Paower Plus 25 KG	FillingBody,PackingBatch,PackingBody
02056	02	Label V & M 20 KG	FillingBody
02058	02	Label Magnet Plus 25 Kg	FillingBody,PackingBatch,PackingBody
02059	02	Shipper { I } 12 Pcs Bottle New	PackingBatch,PackingBody
02060	02	Label Prime Grow Protein 25 kg	FillingBody,PackingBatch,PackingBody
02067	02	Label Bio Ambrox 1 Liter	FillingBody,PackingBatch,PackingBody
02070	02	 BAG ORITOX Mycotoxin Binders 25 kg	FillingBody
02073	02	Bag Vital Gold 25 Kg	FillingBody
02074	02	Packet Vital Gold 1 Kg	FillingBody
02076	02	Unprint Packet 1kg	FillingBody,PackingBatch,PackingBody
02080	02	Packet Bio Urex 1 kg	FillingBody
02082	02	Super Yeast Tin 1kg	FillingBody
02083	02	Label ADEK 5 Lit	FillingBody
02086	02	S+D Calco Best 100 ml	FillingBody,PackingBatch,PackingBody
02089	02	Label Oripulmo 1 Lit	FillingBody
02091	02	 Label Immune Forte 1 Lit	FillingBody,PackingBatch,PackingBody
02092	02	Label Micro Sel E 5 Lit 	FillingBody,PackingBatch,PackingBody
02093	02	Label Toni Plex 5 Lit	FillingBody,PackingBatch,PackingBody
02094	02	Label Nephretic 1 Kg	FillingBody,PackingBatch,PackingBody
02095	02	Label Uri Flush 1 Lit	FillingBody
02096	02	Label En Boost 1 Lit	FillingBody,PackingBatch,PackingBody
02097	02	Bottle Round liter 	FillingBody,PackingBatch,PackingBody
02098	02	Bottle Round 250 ml	FillingBody
02105	02	Bag Nutri Lic Premix Feed 25Kg	FillingBody
02106	02	Label Kimchi Sal 5 Lit	FillingBody,PackingBatch,PackingBody
02112	02	Label Duire Lic Powder 1 Kg	FillingBody
02114	02	Label Ambro Lic 1 Lit	FillingBody,PackingBatch,PackingBody
02115	02	Label Toxi Lic 1 Lit	FillingBody
02118	02	Shipper J	PackingBatch,PackingBody
02120	02	Nephro Lic 1kg Packet	FillingBody
02122	02	Label BromoKill  Liquid 5 Lit 	FillingBody
02124	02	Label Mento Care 5 Lit	FillingBody,PackingBatch,PackingBody
02125	02	Packet Golden Premix 1Kg	FillingBody,PackingBatch,PackingBody
02126	02	Label Golden Premix 25Kg	FillingBody,PackingBatch,PackingBody
02127	02	Packet Paower Plus 1 kg 	FillingBody
02128	02	White Can 25 Liter	FillingBody,PackingBatch,PackingBody
02129	02	Label CID 7 Oral Liquid 25 Liter	FillingBody,PackingBatch,PackingBody
02131	02	Label RespiGuard 5 Liter 	FillingBody,PackingBatch,PackingBody
02132	02	Label MicroTox 5 Liter	FillingBody,PackingBatch,PackingBody
02133	02	Label HepaLive Liquid 5 Liter 	FillingBody,PackingBatch,PackingBody
02140	02	Bucket Large 	FillingBody,PackingBatch,PackingBody
02141	02	Label Immune Forte 5 Lit	FillingBody,PackingBatch,PackingBody
02142	02	Label Ferovit Plus 5 Lit	FillingBody,PackingBatch,PackingBody
02143	02	Label Uri Flush 5 Lit	FillingBody
02144	02	Label Super Copper Liquid 5 Lit	FillingBody,PackingBatch,PackingBody
02145	02	Label Super Adek Liquid 5 Lit	FillingBody,PackingBatch,PackingBody
02146	02	Label Acidi-Lic 25 Lit	FillingBody,PackingBatch,PackingBody
02147	02	Label Bio Ambrox 5 Lit	FillingBody,PackingBatch,PackingBody
02148	02	Label Bentox Powder 25kg	FillingBody,PackingBatch,PackingBody
02149	02	Label MicroGold Minerals 25 kg	FillingBody
02151	02	Packet Promin Gold Minerals 1kg	FillingBody,PackingBatch,PackingBody
02160	02	Label PH5 Liquid 25 Liter	FillingBody,PackingBatch,PackingBody
02163	02	Label Calpho Lic Liquid 5 Lit	FillingBody,PackingBatch,PackingBody
02164	02	Label Bop Copper Liquid 1 Lit	FillingBody,PackingBatch,PackingBody
02165	02	Label Toni Plex Liquid 1 lit 	FillingBody,PackingBatch,PackingBody
02166	02	Label ADEK Powder 1 Kg	FillingBody,PackingBatch,PackingBody
02168	02	Label Minro-Lic 25 Kg	FillingBody,PackingBatch,PackingBody
02169	02	Label VitaMinro-Lic 25 Kg	FillingBody
02170	02	Label Bento-Lic 25 Kg	FillingBody
02171	02	Packet Minro-Lic 1 kg	FillingBody
02172	02	Packet VitaMinro- Lic 1 kg	FillingBody
02173	02	Bag UnPrint idyLic 25 Kg	FillingBody,PackingBatch,PackingBody
02174	02	Bag DCP-Lic 25 kg 	FillingBody,PackingBatch,PackingBody
02175	02	Bag OrgaFat-Lic 	FillingBody
02176	02	S+D Calpho-Lic 100 ML	FillingBody
02177	02	S+D Calco-Lic 120 ML	FillingBody
02183	02	Label Bop COOLPER Powder 25 kg	FillingBody
02189	02	Packet Bop Super Drink 1 kg	FillingBody
02191	02	Packet COOLPER Powder 100 gm	FillingBody,PackingBatch,PackingBody
02192	02	Packet Micro Gest Powder 100 gm	FillingBody
02193	02	Label Energo Lic Liquid 5 Lit	FillingBody
02198	02	Label Penta Copper Liquid  1 Lit	FillingBody
02200	02	Label URECTIC Powder 1 kg	FillingBody,PackingBatch,PackingBody
02201	02	Label PROCOPCID Oral Liquid 5 Liter	FillingBody,PackingBatch,PackingBody
02203	02	Label HEAATIC OPTIMIZER 250 ml	FillingBody
02204	02	Label En-Boost Liquid 5 liter	FillingBody,PackingBatch,PackingBody
02207	02	Label MOOGROW Powder 25 Kg	FillingBody
02208	02	Bag DCP Powder 29 %	FillingBody
02209	02	Label Toxi - Off Liquid 5 Liter	FillingBody,PackingBatch,PackingBody
02210	02	Label TOXI GOLD Liquid 5 Liter	FillingBody,PackingBatch,PackingBody
02211	02	Label RespiFit Liquid 5 Liter	FillingBody,PackingBatch,PackingBody
02212	02	Label HepaLiv Liquid 1 Liter	FillingBody
02213	02	Bag Bop Red Colour	FillingBody,PackingBatch,PackingBody
02214	02	Label Bop Livercare 25 kg	FillingBody,PackingBatch,PackingBody
02215	02	Label HepaTox Liquid 5 Litter	FillingBody
02216	02	Label E.C Gold Oral Liquid 5 Litter	FillingBody,PackingBatch,PackingBody
02217	02	Label Kimchi Gold Liquid 5 Litter	FillingBody
02219	02	Label Sachro-lic Oral Powder 25 KG	FillingBody,PackingBatch,PackingBody
02220	02	Label Eggcelent Liquid 5 Litter	FillingBody,PackingBatch,PackingBody
02221	02	Label LivoCare Liquid 5 Litter	FillingBody
02222	02	label Yeast Plus Powder 25 kg	FillingBody,PackingBatch,PackingBody
02224	02	S+D Garlimint Plus Liquid 100 ML	FillingBody,PackingBatch,PackingBody
02231	02	Label KimchiMax 5 Lit 	FillingBody
02232	02	Packet Profen C+ 1kg	FillingBody,PackingBatch,PackingBody
02233	02	Label Profen C+ Bucket	FillingBody
02234	02	Label Hepatic Optimizer fort 25kg	FillingBody,PackingBatch,PackingBody
02237	02	Label Bio Adeck Liquid 5Lit	FillingBody,PackingBatch,PackingBody
02245	02	Label Microgold-Bop 25 kg	FillingBody,PackingBatch,PackingBody
02247	02	Packet Calcivit-D Powder 1kg	FillingBody
02248	02	Label Aquadjust 25Lit	FillingBody
02256	02	Label Red Gold Mineral 1kg	FillingBody
02257	02	Label Himax Dairy 25kg	FillingBody
02258	02	Label Rumicid 25kg	FillingBody,PackingBatch,PackingBody
02260	02	Label HY-CALD 5lit	FillingBody
02261	02	Label Nu-Sil-T Plus 5Lit	FillingBody
02262	02	Label Avivita Plus 5Lit	FillingBody
02264	02	Label Red Gold 25 KG	FillingBody
02265	02	Label Garliment Plus 1Liter	FillingBody,PackingBatch,PackingBody
02266	02	Label lysogar-lic 1KG	PackingBatch,PackingBody
02267	02	Label Ex.Tox Liquid  5Lit	FillingBody,PackingBatch,PackingBody
02268	02	Label P.H Cure 25Liter	FillingBody,PackingBatch,PackingBody
02269	02	Label E.C Gold 1Liter	FillingBody
02270	02	Label Toxi Gold 1Liter	FillingBody
02271	02	Label E.S 200 5Lit	FillingBody,PackingBatch,PackingBody
02272	02	Label Stable C20  5Lit	FillingBody,PackingBatch,PackingBody
02274	02	Bag Calcium 72  25kg	FillingBody,PackingBatch,PackingBody
02275	02	Packet BOP SUPPER GOLD 1kg	FillingBody
02276	02	Packet BOP SUPPER TOX 1kg	FillingBody
02277	02	Bag Bop Yellow Colour	FillingBody,PackingBatch,PackingBody
02278	02	S+D Timp-Ex Oral Liquid 120 ML	FillingBody,PackingBatch,PackingBody
02280	02	Label Bop Dairy Tox 25kg	FillingBody
02281	02	Label Bop Dairy Gold 25kg	FillingBody
02282	02	Label Bop Supper Gold 25kg	FillingBody
02283	02	Label Bop Supper Tox 25kg	FillingBody
02285	02	Label Bop Dairy Calcium 25kg	FillingBody
02286	02	Label Calphos-D Liquid 5Lit	FillingBody
02287	02	Label Aqua Guard 5Lit	FillingBody
02288	02	Label Bop Dairy Mineral 25 KG	FillingBody,PackingBatch,PackingBody
02289	02	Label  Viro Immune Liquid 5L	FillingBody
02291	02	Label Super Yeast Liquid 5 Liter	FillingBody,PackingBatch,PackingBody
02292	02	Label Vital Gut Liquid 5L	FillingBody
02293	02	Label Bop Pro-Tox Liquid 5L	FillingBody,PackingBatch,PackingBody
02294	02	Label Aqua-Guard Liquid 25L	FillingBody
02295	02	Label Veti-Guard 5L	FillingBody
02296	02	Label Sparko-80 5L	FillingBody
02297	02	Label Ampro-Plus 5L	FillingBody,PackingBatch,PackingBody
02298	02	Label Hepatic-Opt 1Liter	FillingBody,PackingBatch,PackingBody
02299	02	Packet Calcium-72 1KG	FillingBody,PackingBatch,PackingBody
02300	02	Label Bop Adek Liquid 1Liter	FillingBody,PackingBatch,PackingBody
02301	02	Label PH5  (5L)	FillingBody
02303	02	label Viro-Immune 1Liter	FillingBody
02305	02	Label Heaatic Optimizer 5 Liter	FillingBody
02306	02	Shipper [K] 1KG large	PackingBatch,PackingBody
02307	02	Bag Bop Blue Colour	FillingBody,PackingBatch,PackingBody
02309	02	S+D Caldiphos 100ML	FillingBody
02311	02	Drum White 25 kg	FillingBody,PackingBatch,PackingBody
02312	02	Label GrowMore 25KG	FillingBody,PackingBatch,PackingBody
02313	02	S+D Heaatic-Optimizer 100ML	FillingBody,PackingBatch,PackingBody
02314	02	Dropper  30ML	FillingBody,PackingBatch,PackingBody
02315	02	Packet GrowMore 1KG	FillingBody,PackingBatch,PackingBody
02316	02	S+D Garliment Plus 30ML	FillingBody,PackingBatch,PackingBody
02317	02	Shipper [M] 30ML Bottle 	PackingBatch,PackingBody
02319	02	Packet Magnet 100 gm	FillingBody,PackingBatch,PackingBody
02320	02	Packet GrowMore 100 gm	FillingBody,PackingBatch,PackingBody
02322	02	Label Dcp Gold 25KG	FillingBody,PackingBatch,PackingBody
02323	02	Label Bop Copper Liquiq 5L	FillingBody,PackingBatch,PackingBody
02325	02	Label Respi-Ease Liquid 5 Liter 	FillingBody
02326	02	Label Bio ESEL 200 Liquid  5 Liter	FillingBody
02327	02	Label Lyzoguard Liquid  5 Liter 	FillingBody
02328	02	Label TieTox Liquid  5 Liter 	FillingBody
02329	02	Label Merlin Fix Oral Powder 25 kg	FillingBody,PackingBatch,PackingBody
02330	02	Label CRD Mint Oral Liquid 5 Liter	FillingBody,PackingBatch,PackingBody
02331	02	Label CRD Mint Oral Liquid  1 Liter	FillingBody,PackingBatch,PackingBody
02332	02	Label Task 1 Oral Liquid  5 Liter	FillingBody,PackingBatch,PackingBody
02333	02	Label Task 1 Oral Liquid  1 Liter	FillingBody
02334	02	Label Immunit Z Oral Liquid  5 Liter 	FillingBody,PackingBatch,PackingBody
02335	02	Label Immunit Z Oral Liquid  1 Liter 	FillingBody
02336	02	Label TopVit Oral Liquid  5 Liter	FillingBody,PackingBatch,PackingBody
02337	02	Label MLC 100  Oral Liquid 5 Liter	FillingBody,PackingBatch,PackingBody
02338	02	Label MLC 100  Oral Liquid 1 Liter	FillingBody
02339	02	Label Minto-Lic Oral Liquid  1 Lit	FillingBody
02340	02	Bag Bop DCP Gold  25 kg	FillingBody
02341	02	Packet Reno Gurd Flush Oral Powder 1 kg	FillingBody,PackingBatch,PackingBody
02342	02	Label Frost Oral Liquid 5 Liter 	FillingBody,PackingBatch,PackingBody
02343	02	Label Flush Gold 5 Lit	FillingBody,PackingBatch,PackingBody
02344	02	Label Super LIVFIT 5 Liter	FillingBody
02345	02	Label Acido Forte 25 Lit	FillingBody,PackingBatch,PackingBody
02346	02	Label VETLIV Oral Solution 5 Lit	FillingBody,PackingBatch,PackingBody
02348	02	Label COPPER Gold Oral Liquid 5 Lit	FillingBody,PackingBatch,PackingBody
02349	02	Label Adek Gold Oral Liquid 5 Lit	FillingBody,PackingBatch,PackingBody
02350	02	Label Hepa Gold Oral Liquid 5 Lit	FillingBody,PackingBatch,PackingBody
02351	02	label Toxi Gold Forte Powder 25 kg	FillingBody,PackingBatch,PackingBody
02352	02	Label Avivita Plus 1 Lit	FillingBody
02353	02	Label E.MUNE Gold Oral Liquid 5 Lit	FillingBody
02354	02	Label Micro Milk Premix  powder 25 kg	FillingBody
02355	02	Label RUMEN GUARD Oral Powder 25 kg	FillingBody
02356	02	Label ULTRA IMMUNE Oral Liquid 5 Lit	FillingBody
02357	02	Label Mento Respi Oral Liquid 5 Lit	FillingBody,PackingBatch,PackingBody
02358	02	Label Bentox Plus Oral Powder 25 kg	FillingBody,PackingBatch,PackingBody
02359	02	Packet SACHRO LIC 1 kg	FillingBody
02360	02	Packet Micro Milk 1 kg	FillingBody
02362	02	Label Chick Guard Oral Liquid 5 Lit	FillingBody
02363	02	Label L.G Mune Oral Liquid 5 Lit	FillingBody,PackingBatch,PackingBody
02364	02	Label BOP E 50 Oral Liquid 5 Lit	FillingBody,PackingBatch,PackingBody
02365	02	Label O-D Plus Oral Liquid 5 Lit	FillingBody,PackingBatch,PackingBody
02366	02	Label Levo Care Oral Liquid 5 Lit	FillingBody,PackingBatch,PackingBody
02368	02	Label Copper-Pro Oral Liquid 5 Lit	FillingBody
02369	02	Label Myco-Sheild Oral Powder 25 kg	FillingBody
02370	02	Label Rehydrate Oral Liquid 5 Lit	FillingBody
02371	02	Label Phyto-Phos Oral Liquid 5 Lit	FillingBody,PackingBatch,PackingBody
02372	02	Label Bop Buffer Plus 25 kg	FillingBody,PackingBatch,PackingBody
02373	02	Label Ultra Immune Oral Liquid 1 Lit	FillingBody
02374	02	Label Neufen Gold Oral Powder 1 kg	FillingBody,PackingBatch,PackingBody
02375	02	Label Bovi Vitam Premix 25 kg	FillingBody
02376	02	Label Bovi Mineral Premix 25 kg	FillingBody
02377	02	Label Bovi Tox Oral Powder 25 kg 	FillingBody
02378	02	Label Bovi Tox Plus Oral Powder 25 kg	FillingBody
02379	02	Label Bovi DCP Oral Powder 25 kg	FillingBody
02380	02	Label OxyResp Oral Liquid 5 Lit	FillingBody
02381	02	Label LivTone Oral Liquid 5 Lit	FillingBody
02382	02	Label Copper Chelate Oral Liquid 5 Lit	FillingBody
02383	02	Label Vitamin E Sel Oral Liquid 5 Lit	FillingBody
02384	02	Label LivGuard Oral Liquid 5 Lit	FillingBody,PackingBatch,PackingBody
02385	02	Label Calci Phos D 1 Lit	FillingBody,PackingBatch,PackingBody
02387	02	Label Chick Guard Oral Liquid 1 Lit	FillingBody
02388	02	Label Vital Gut Liquid 1 Lit	FillingBody
02389	02	Label BOP E 50 Oral Liquid 1 Lit	FillingBody
02390	02	Label Bop Pro-Tox Liquid 1 Lit	FillingBody
02391	02	Label Phyto-Phos Oral Liquid 1 Lit	FillingBody
02392	02	Label Herbs Gold Oral Liquid 5 Lit	FillingBody
02393	02	Label DCP-LIC Oral Powder 25 kg Plain	FillingBody
02394	02	Label Veto Respi Oral Liquid Oil.B 5 Lit	FillingBody,PackingBatch,PackingBody
02395	02	Label Toxin Pro Oral Liquid 5 Lit	FillingBody,PackingBatch,PackingBody
02396	02	Label L.G Mune Oral Liquid 1 Lit	FillingBody
02397	02	Label Respi Guard Oral Liquid 1 Lit	FillingBody
02398	02	Label Ferovit Plus Oral Liquid 1 Lit	FillingBody,PackingBatch,PackingBody
02399	02	Label Kimchi Sal Oral Liquid 1 Lit	FillingBody,PackingBatch,PackingBody
02400	02	Label Ultra E Sel Oral Liquid 1 Lit	FillingBody
02401	02	Label Ultra LiverCare Oral Liquid 1 Lit	FillingBody
02402	02	 Label BOP Nutramin Forte 25 KG	FillingBody
02403	02	Label Super Copper 1Lit	FillingBody,PackingBatch,PackingBody
02404	02	Label Bop D-Cal Oral Liquid 5 Lit	FillingBody,PackingBatch,PackingBody
02405	02	Label JELITO Liquid 25 Lit	FillingBody,PackingBatch,PackingBody
02406	02	Label Bio E Sel 20 Oral Liquid 5 Lit	FillingBody
02407	02	Label Respi-Ease Liquid 1 Lit	FillingBody
02408	02	Label TieTox Liquid Oral Liquid  1 Liter	FillingBody
02409	02	Label Levo Care Oral Liquid 1 Lit	FillingBody
02410	02	Label Aspolite C Oral Liquid 5 Lit	FillingBody,PackingBatch,PackingBody
02411	02	Label Electro Mune C Oral Liquid 5 Lit	FillingBody
02412	02	Label BOP Glycholine Plus Oral Sol.25Lit	FillingBody,PackingBatch,PackingBody
02413	02	Label BromoKill  Liquid 25 Lit 	FillingBody
02415	02	Label Bop DCAL 1 Lit	FillingBody
02417	02	Label Microtox 1 Lit	FillingBody
02418	02	Label Super Adeck 1 Lit	FillingBody
02420	02	Label BOP Yeast Oral Powder 25 kg	FillingBody,PackingBatch,PackingBody
02421	02	Label Hepa Leo Oral Liquid 5 Lit	FillingBody,PackingBatch,PackingBody
02422	02	Label Leo Hepaton Oral Liquid 5 Lit	FillingBody
02423	02	Label Leo Adsorbo Oral Liquid 5 Lit	FillingBody,PackingBatch,PackingBody
02424	02	Label Leo Inhalex Oral Liquid 5 Lit	FillingBody
02425	02	Label Leo Immunomax Oral Liquid 5 Lit	FillingBody,PackingBatch,PackingBody
02427	02	Label Leo Viton Oral Liquid 5 Lit	FillingBody,PackingBatch,PackingBody
02428	02	Label Leo Cid Pro 25 Lit	FillingBody,PackingBatch,PackingBody
02429	02	Label Leo Sorbex Oral Powder 25 kg	FillingBody,PackingBatch,PackingBody
02430	02	Label Leo Abmrox Oral Liquid 5 Lit	FillingBody,PackingBatch,PackingBody
02431	02	Label Toxi Off Oral Liquid 1 Lit	FillingBody,PackingBatch,PackingBody
02433	02	Tin Febro Meon Spray 	FillingBody,PackingBatch,PackingBody
02434	02	Label ElectroMune C Oral Liquid 1 Lit 	FillingBody,PackingBatch,PackingBody
02435	02	Label CS Guard 20 Oral Liquid 5 Lit	FillingBody,PackingBatch,PackingBody
02436	02	Label Vital Frame Oral Liquid 5 Lit	FillingBody,PackingBatch,PackingBody
02437	02	Label MLC 360 Oral Liquid 25 Lit	FillingBody,PackingBatch,PackingBody
02438	02	Label BOP TOX Oral Powder 25 kg	FillingBody,PackingBatch,PackingBody
02439	02	Label Leo Flush Oral Liquid 5 Lit	FillingBody,PackingBatch,PackingBody
02440	02	Label BOP DCAD Powder 25 kg	FillingBody,PackingBatch,PackingBody
02441	02	Label Liv Guard Oral Liquid 1 Lit	FillingBody,PackingBatch,PackingBody
02442	02	Label Aspolite C Oral Liquid 1 Lit	FillingBody
02443	02	Label Bio Guard oral Liquid 5 Lit	FillingBody,PackingBatch,PackingBody
02444	02	Label Garlic Pro Oral Liquid  5 Lit	FillingBody,PackingBatch,PackingBody
02445	02	Label Bop PH5  1 Lit	FillingBody,PackingBatch,PackingBody
02446	02	Label Bio Drink Oral Powder 1 Kg	FillingBody,PackingBatch,PackingBody
02447	02	Label Bop Cranol Oral Powder 1 Kg	FillingBody,PackingBatch,PackingBody
02448	02	white bag 5 kg	FillingBody,PackingBatch,PackingBody
02449	02	LABEL Ocid Fort Oral Liquid 25 L	FillingBody,PackingBatch,PackingBody
02451	02	Label Brosteine 15 Oral Liquid 5 LIT	FillingBody
02452	02	Label Copper lac oral liquid 1L	FillingBody,PackingBatch,PackingBody
02453	02	Label Copper Lac plus Oral Liquid 1L 	FillingBody,PackingBatch,PackingBody
02454	02	Label Tox Go Vital Oral Liquid 5 Lit	FillingBody,PackingBatch,PackingBody
02455	02	Label Promune 35 Oral Liquid 5 Lit	FillingBody,PackingBatch,PackingBody
02456	02	Label Heaatic Optimiser Oral Liquid 1 L	FillingBody
02457	02	Label Grow Pro + Oral Liquid 5 Lit	FillingBody,PackingBatch,PackingBody
02458	02	Label Bop Super Premix Oral Powder 25 kg	FillingBody,PackingBatch,PackingBody
02459	02	Label Brosteine Oral Liquid 1 Lit	FillingBody,PackingBatch,PackingBody
02460	02	Label Tox Guard Plus Oral Liquid 5 LIT	FillingBody,PackingBatch,PackingBody
02461	02	Label Garliment Forte Oral Liquid 5 LIT	FillingBody,PackingBatch,PackingBody
02462	02	LABEL MYCOVIX PLUS ORAL LIQUID 1 LIT	FillingBody,PackingBatch,PackingBody
02463	02	LABEL THERMOXFIX C ORAL LIQUID 1 LIT	FillingBody,PackingBatch,PackingBody
02464	02	LABEL RESPIFIX PLUS ORAL LIQUID 1 LIT	FillingBody,PackingBatch,PackingBody
02465	02	LABEL ADEVIX C ORAL LIQUID 1 LIT	FillingBody,PackingBatch,PackingBody
02466	02	LABEL IMUNIIX PLUS ORAL LIQUID 1 LIT	FillingBody,PackingBatch,PackingBody
02467	02	LABEL AQUAFIX PLUS ORAL LIQUID 1 LIT	FillingBody,PackingBatch,PackingBody
02468	02	Label MB Adek Oril Liquid 1Lit	FillingBody,PackingBatch,PackingBody
02469	02	Label MB VitaMun Oral Liquid 1 LIT	FillingBody,PackingBatch,PackingBody
02470	02	Label LEO Civon 5 LIT	FillingBody,PackingBatch,PackingBody
02471	02	Label MB FCR Grow Oral Powder 25KG	FillingBody,PackingBatch,PackingBody
02472	02	Label MB Neutral Plus Oral Powder 25 Lit	FillingBody,PackingBatch,PackingBody
02473	02	Label Deak C Oral Liquid 5 Lit	FillingBody
02474	02	Deak C Oral Liquid 	FormulaHeader
02475	02	Label De Resp Oral Liquid 5 Lit 	FillingBody,PackingBatch,PackingBody
02476	02	Label De Mune Oral Liquid 5 Lit	FillingBody,PackingBatch,PackingBody
02477	02	Label Livocent Plus Oril Liquid  5 Lit	FillingBody,PackingBatch,PackingBody
02478	02	Label Es Dec Oral Liquid 5 Lit	FillingBody,PackingBatch,PackingBody
02479	02	LABEL AQUAFIX PLUS ORAL LIQUID 25 LIT	FillingBody,PackingBatch,PackingBody
02481	02	Label Bop Restore-M 25 Kg	FillingBody
03001	03	Growth Promoter BOP Oral 	FillingBody,FormulaHeader,PackingBatch,PackingBody,Productions
03002	03	DCP Powder	FillingBody,FormulaHeader,PackingBatch,PackingBody,Productions
03003	03	Calci-Phos-D 	FillingBody,FormulaHeader,PackingBatch,PackingBody,Productions
03004	03	Calcivit-D BOP Oral Powder	FormulaHeader
03009	03	Fuzion Plus 	FillingBody,FormulaHeader,PackingBatch,PackingBody,Productions
03010	03	Garlimint Plus BOP	FillingBody,FormulaHeader,PackingBatch,PackingBody,Productions
03011	03	Hepatic-Optimizer Liquid	FillingBody,FormulaHeader,PackingBatch,PackingBody,Productions
03012	03	Kirzan BOP 	FillingBody,FormulaHeader,PackingBatch,PackingBody,Productions
03013	03	Lysogar-Lic Powder 	FillingBody,FormulaHeader,PackingBatch,PackingBody,Productions
03014	03	Magnet BOP Oral Powder	FillingBody,FormulaHeader,PackingBatch,PackingBody,Productions
03016	03	Paower 	FillingBody
03017	03	Saline Electry 	FormulaHeader
03018	03	Scour Guard	FillingBody,FormulaHeader,PackingBatch,PackingBody,Productions
03019	03	Super Yeast Powder	FillingBody,FormulaHeader,PackingBatch,PackingBody,Productions
03020	03	Toxi-Lic Liquid 	FillingBody,FormulaHeader,PackingBatch,PackingBody,Productions
03021	03	Vital Gold	FillingBody,FormulaHeader,PackingBatch,PackingBody,Productions
03022	03	Growth Promoter Plus 	FillingBody,FormulaHeader,PackingBatch,PackingBody,Productions
03023	03	Hepatic-Optimizer Powder	FillingBody,FormulaHeader,PackingBatch,PackingBody,Productions
03024	03	Bio Fat	FillingBody,FormulaHeader,PackingBatch,PackingBody,Productions
03025	03	Kimchi Sal Oral Liquid 	FormulaHeader,PackingBatch,PackingBody,Productions
03026	03	Mento Care Oral Liquid	FillingBody,FormulaHeader,PackingBatch,PackingBody,Productions
03027	03	Micro Sel-E Oral Liquid	FillingBody,FormulaHeader,PackingBatch,PackingBody,Productions
03028	03	O-D Plus Oral Liquid	FillingBody,FormulaHeader,PackingBatch,PackingBody,Productions
03029	03	CID-7 Oral Liquid	FillingBody,FormulaHeader,PackingBatch,PackingBody,Productions
03032	03	Nili Bar BOP Oral Powder	FormulaHeader
03033	03	Lyzomix Oral Powder	FormulaHeader
03034	03	BOP ADEK Oral Liquid	FillingBody,FormulaHeader,PackingBatch,PackingBody,Productions
03035	03	Toniplex Bop Oral Liquid	FillingBody,FormulaHeader,PackingBatch,PackingBody,Productions
03036	03	Garlizyme Bop Oral Powder	FormulaHeader
03037	03	Super Drink Bop Oral Powder	FormulaHeader
03038	03	Bio-Fac 4000 Oral Powder	FormulaHeader
03039	03	Bio-Urex Oral Powder	FillingBody,FormulaHeader
03042	03	Hi-Max Dairy Premix Oral Powder	FormulaHeader
03043	03	Microgest BOP Oral powder	FillingBody,FormulaHeader,PackingBatch,PackingBody,Productions
03044	03	Nutri-Lic Oral powder	FillingBody,FormulaHeader
03045	03	Magnet Plus Oral Powder 	FillingBody,FormulaHeader,PackingBatch,PackingBody,Productions
03046	03	Rumicid BOP Oral Powder	FillingBody,FormulaHeader,PackingBatch,PackingBody,Productions
03047	03	Micro Milk Oral Powder	FormulaHeader
03050	03	Udder Boost BOP Oral Powder	FormulaHeader
03051	03	Respilator Oral Liquid	FormulaHeader
03052	03	Ambro _ Lic Oral Liquid	FillingBody,FormulaHeader,PackingBatch,PackingBody,Productions
03053	03	Prime Grow Protein 	FillingBody,FormulaHeader,PackingBatch,PackingBody,Productions
03054	03	Bio Ambrox  Liquid	FillingBody,FormulaHeader,PackingBatch,PackingBody,Productions
03055	03	Ori Tox Oral Powder 25 kg	FillingBody,FormulaHeader,PackingBatch,PackingBody,Productions
03059	03	Copper Oral Liquid	FormulaHeader
03060	03	Oripulmo Liquid	FillingBody,FormulaHeader,PackingBatch,PackingBody,Productions
03061	03	V & M Minerals 20 Kg	FillingBody,FormulaHeader
03070	03	Toxi Gold Liquid	FillingBody,FormulaHeader,PackingBatch,PackingBody,Productions
03071	03	Livo Lic Liquid	FormulaHeader
03072	03	Diure Lic Powder 	FillingBody,FormulaHeader
03074	03	Respi Fit Oral Liquid 	FillingBody,FormulaHeader,PackingBatch,PackingBody,Productions
03075	03	E.C Gold Oral  Liquid 	FillingBody,FormulaHeader,PackingBatch,PackingBody,Productions
03076	03	Vita Lic Powder	FormulaHeader
03077	03	Nephro Lic Powder	FillingBody,FormulaHeader
03084	03	BroncoKill Liquid 	FillingBody,FormulaHeader,PackingBatch,PackingBody,Productions
03086	03	Super Yeast Liquid 	FillingBody,FormulaHeader,PackingBatch,PackingBody,Productions
03087	03	Golden Premix Bop	FillingBody,FormulaHeader,PackingBatch,PackingBody,Productions
03088	03	Paower Plus 	FillingBody,FormulaHeader,PackingBatch,PackingBody,Productions
03089	03	RespiGuard Liquid 	FillingBody,FormulaHeader,PackingBatch,PackingBody,Productions
03090	03	Microtox Liquid 	FillingBody,FormulaHeader,PackingBatch,PackingBody,Productions
03091	03	HepaLive liquid 	FillingBody,FormulaHeader,PackingBatch,PackingBody,Productions
03092	03	Immune Forte Oral liquid 	FillingBody,FormulaHeader,PackingBatch,PackingBody,Productions
03093	03	Ferovit Plus Liquid 	FillingBody,FormulaHeader,PackingBatch,PackingBody,Productions
03094	03	Super Copper Liquid 	FillingBody,FormulaHeader,PackingBatch,PackingBody,Productions
03095	03	Super Adek Liquid	FillingBody,FormulaHeader,PackingBatch,PackingBody,Productions
03096	03	Uri Flush Liquid	FillingBody,FormulaHeader,PackingBatch,PackingBody,Productions
03097	03	Acidi-Lic Liquid	FillingBody,FormulaHeader,PackingBatch,PackingBody,Productions
03098	03	Bentox Powder	FillingBody,FormulaHeader,PackingBatch,PackingBody,Productions
03099	03	MicroGold Minerals 	FillingBody
03100	03	Promin Gold Minerals	FillingBody,FormulaHeader,PackingBatch,PackingBody,Productions
03101	03	BOP DCAL Liquid 	FillingBody,FormulaHeader,PackingBatch,PackingBody,Productions
03102	03	L.G Mune Liquid 	FillingBody,FormulaHeader,PackingBatch,PackingBody,Productions
03103	03	BOP RENAL Powder	FormulaHeader
03104	03	BOP PH 5 Liquid 	FillingBody,FormulaHeader,PackingBatch,PackingBody,Productions
03106	03	Calpho Lic Liquid 	FillingBody,FormulaHeader,PackingBatch,PackingBody,Productions
03107	03	Bop Copper Liquid 	FillingBody,FormulaHeader,PackingBatch,PackingBody,Productions
03108	03	Bop ADEK Powder 	FillingBody,FormulaHeader,PackingBatch,PackingBody,Productions
03109	03	BOP Nephretic Powder 	FillingBody,FormulaHeader,PackingBatch,PackingBody,Productions
03110	03	Minro-Lic mineral 	FillingBody,FormulaHeader,PackingBatch,PackingBody,Productions
03111	03	VitaMinro-Lic Mineral	FillingBody,FormulaHeader
03112	03	Bento-lic Powder	FillingBody,FormulaHeader,Productions
03113	03	DCP-Lic Powder  (High)	FillingBody,FormulaHeader,PackingBatch,PackingBody,Productions
03114	03	Calco-Lic Liquid 	FillingBody,FormulaHeader
03116	03	Mento Respi Liquid 	FillingBody,FormulaHeader,PackingBatch,PackingBody,Productions
03117	03	Orga Fat-Lic 	FillingBody,FormulaHeader
03118	03	BOP Coolper Powder	FillingBody,FormulaHeader,PackingBatch,PackingBody,Productions
03119	03	Stable C 20 Liquid 	FillingBody,FormulaHeader,PackingBatch,PackingBody,Productions
03120	03	E.S 200 Liquid 	FillingBody,FormulaHeader,PackingBatch,PackingBody,Productions
03121	03	Bio Adek Liquid 	FormulaHeader,PackingBatch,PackingBody,Productions
03122	03	Ex.Tox Liquid 	FillingBody,FormulaHeader,PackingBatch,PackingBody,Productions
03123	03	BOP Super Drink Powder	FillingBody,FormulaHeader
03124	03	Energo Lic Liquid 	FillingBody,FormulaHeader
03127	03	KimchiMex Liquid 	FillingBody,FormulaHeader
03128	03	Penta Copper Liquid	FillingBody,FormulaHeader
03129	03	Bop URETIC Powder 	FillingBody,FormulaHeader,PackingBatch,PackingBody,Productions
03130	03	PROCOPCID Oral Liquid 	FillingBody,FormulaHeader,PackingBatch,PackingBody,Productions
03131	03	EN-BOOST Liquid 	FillingBody,FormulaHeader,PackingBatch,PackingBody,Productions
03133	03	MOOGROW Powder	FillingBody,FormulaHeader
03134	03	DCP Powder 29 %	FillingBody,FormulaHeader,PackingBatch,PackingBody,Productions
03135	03	Toxi - Off Liquid 	FillingBody,FormulaHeader,PackingBatch,PackingBody,Productions
03136	03	BOP Livercare powder 	FillingBody,FormulaHeader,PackingBatch,PackingBody,Productions
03137	03	HepaTox Liquid	FillingBody,FormulaHeader
03138	03	Kimchi Gold Liquid	FillingBody,FormulaHeader
03140	03	HepaTox Forte Powder	FormulaHeader
03141	03	Sachro-lic Oral Powder	FillingBody,FormulaHeader,PackingBatch,PackingBody,Productions
03142	03	Eggcelent liquid	FillingBody,FormulaHeader,PackingBatch,PackingBody,Productions
03143	03	LivoCare liquid	FillingBody,FormulaHeader
03144	03	Yeast Plus Powder	FillingBody,FormulaHeader,PackingBatch,PackingBody,Productions
03145	03	Mebrox Plus Oral Solution	FormulaHeader
03146	03	Profen C+ Powder 	FillingBody,FormulaHeader,PackingBatch,PackingBody,Productions
03147	03	Hepatic Optimizer fort Powder	FillingBody,FormulaHeader,PackingBatch,PackingBody,Productions
03148	03	Super Adeck Liquid	FillingBody
03149	03	Bio Adeck Liquid	FillingBody
03150	03	Kimchi Sal liquid	FillingBody
03151	03	Microgold-Bop	FillingBody,FormulaHeader,PackingBatch,PackingBody,Productions
03152	03	Aquadjust Liquid	FillingBody,FormulaHeader
03153	03	Calcivit-D Powder	FillingBody,FormulaHeader
03154	03	Renal Fix Liquid	FormulaHeader
03155	03	Red Gold Mineral 	FillingBody,FormulaHeader
03156	03	Himax Dairy powder	FillingBody,FormulaHeader
03158	03	HY-CALD Liquid	FillingBody,FormulaHeader
03159	03	Nu-Sil-T Plus Liquid	FillingBody,FormulaHeader
03160	03	Avivita Plus Liquid	FillingBody,FormulaHeader
03161	03	BronchoFix Liquid	FormulaHeader
03162	03	P.H Cure Liquid	FillingBody,FormulaHeader,PackingBatch,PackingBody,Productions
03163	03	Calcium 72 	FillingBody,FormulaHeader,PackingBatch,PackingBody,Productions
03164	03	Bop SUPPER TOX Powder	FillingBody,FormulaHeader
03165	03	Timp-Ex Oral Liquid 	FillingBody,FormulaHeader,PackingBatch,PackingBody,Productions
03167	03	Bop Dairy Calcium	FillingBody,FormulaHeader
03168	03	Bop Dairy Gold	FillingBody,FormulaHeader
03169	03	Bop Dairy Tox	FillingBody,FormulaHeader
03170	03	Calphos-D Liquid	FillingBody
03171	03	Bop Super Gold	FillingBody,FormulaHeader
03172	03	Aqua Guard Liquid	FillingBody,FormulaHeader
03173	03	Bop Dairy Mineral	FillingBody,FormulaHeader,PackingBatch,PackingBody,Productions
03174	03	Calco-Best Liquid	FillingBody,FormulaHeader,PackingBatch,PackingBody,Productions
03175	03	Sparko-80 Liquid	FillingBody,FormulaHeader
03176	03	Ampro-Plus Liquid	FillingBody,FormulaHeader,PackingBatch,PackingBody,Productions
03177	03	Viro-Immune Liquid	FillingBody,FormulaHeader
03178	03	Veti-Guard Liquid	FillingBody,FormulaHeader
03179	03	Heaatic Optimizer Liquid	FillingBody,FormulaHeader,PackingBatch,PackingBody,Productions
03180	03	Caldiphos Liquid	FillingBody
03181	03	Super Liver Liquid	FormulaHeader
03182	03	GrowMore Powder	FillingBody,FormulaHeader,PackingBatch,PackingBody,Productions
03183	03	Pro-Tox Liquid	FillingBody,FormulaHeader,PackingBatch,PackingBody,Productions
03184	03	Dcp-Gold powder	FillingBody,FormulaHeader,PackingBatch,PackingBody,Productions
03185	03	Respi-Ease Oral Liquid 	FillingBody,FormulaHeader
03186	03	Bio ESEL 200 Oral Liquid 	FillingBody,FormulaHeader
03187	03	Lyzoguard Oral Liquid 	FillingBody,FormulaHeader
03188	03	TieTox Oral Liquid 	FillingBody,FormulaHeader
03189	03	Merlin Fix Oral Powder 	FillingBody,FormulaHeader,PackingBatch,PackingBody,Productions
03190	03	CRD Mint Oral Liquid 	FillingBody,FormulaHeader,PackingBatch,PackingBody,Productions
03191	03	Task 1 Oral Liquid  	FillingBody,FormulaHeader,PackingBatch,PackingBody,Productions
03192	03	Immunit Z Oral Liquid  	FillingBody,FormulaHeader,PackingBatch,PackingBody,Productions
03193	03	TopVit Oral Liquid  	FillingBody,FormulaHeader,PackingBatch,PackingBody,Productions
03194	03	MLC 100  Oral Liquid 	FillingBody,FormulaHeader,PackingBatch,PackingBody,Productions
03195	03	Minto-Lic Oral Liquid  	FillingBody,FormulaHeader
03196	03	Bop DCP Gold  Powder	FillingBody,FormulaHeader,Productions
03197	03	Reno Gurd Flush Oral Powder 	FillingBody,FormulaHeader,PackingBatch,PackingBody,Productions
03198	03	Frost Oral Liquid 	FillingBody,FormulaHeader,PackingBatch,PackingBody,Productions
03199	03	Flush Gold Oral Liquid 	FillingBody,FormulaHeader,PackingBatch,PackingBody,Productions
03200	03	Super LIVFIT Oral Solution	FillingBody,FormulaHeader
03201	03	Acido Forte 	FillingBody,FormulaHeader,PackingBatch,PackingBody,Productions
03202	03	VETLIV Oral Solution 	FillingBody,FormulaHeader,PackingBatch,PackingBody,Productions
03204	03	Adek Gold Oral Liquid 	FillingBody,FormulaHeader,PackingBatch,PackingBody,Productions
03205	03	COPPER Gold Oral Liquid	FillingBody,FormulaHeader,PackingBatch,PackingBody,Productions
03206	03	Hepa Gold Oral Liquid 	FillingBody,FormulaHeader,PackingBatch,PackingBody,Productions
03207	03	Toxi Gold Forte Powder	FillingBody,FormulaHeader,PackingBatch,PackingBody,Productions
03208	03	E.MUNE Gold Oral Liquid 	FillingBody,FormulaHeader
03209	03	Micro Milk Premix Oral powder 	FillingBody,FormulaHeader
03210	03	RUMEN GUARD Oral Powder 	FillingBody,FormulaHeader
03211	03	ULTRA IMMUNE Oral Liquid 	FillingBody,FormulaHeader
03213	03	Bentox Plus Oral Powder 	FillingBody,FormulaHeader,PackingBatch,PackingBody,Productions
03214	03	Chick Guard Oral Liquid 	FillingBody,FormulaHeader
03215	03	BOP E 50 Oral Liquid 	FillingBody,FormulaHeader,PackingBatch,PackingBody,Productions
03216	03	Vital Gut Oral Liquid	FillingBody,FormulaHeader
03217	03	Levo Care Oral Liquid 	FillingBody,FormulaHeader,PackingBatch,PackingBody,Productions
03218	03	Copper-Pro Oral Liquid 	FillingBody,FormulaHeader
03219	03	Myco-Sheild Oral Powder 	FillingBody,FormulaHeader
03220	03	Rehydrate Oral Liquid 	FillingBody,FormulaHeader
03221	03	Phyto-Phos Oral Liquid 	FillingBody,FormulaHeader,PackingBatch,PackingBody,Productions
03222	03	Bop Buffer Plus 	FillingBody,FormulaHeader,PackingBatch,PackingBody,Productions
03223	03	Tox End Oral Liquid 	FillingBody,FormulaHeader,PackingBatch,PackingBody,Productions
03224	03	IG Max Oral Liquid 	FillingBody,FormulaHeader,PackingBatch,PackingBody,Productions
03225	03	Pulmonal Oral Liquid 	FillingBody,FormulaHeader,PackingBatch,PackingBody,Productions
03226	03	Neufen Gold Oral Powder	FillingBody,FormulaHeader,PackingBatch,PackingBody,Productions
03227	03	Bovi Vitam Premix 	FillingBody,FormulaHeader
03228	03	Bovi Mineral Premix 	FillingBody,FormulaHeader
03229	03	Bovi Tox Oral Powder 	FillingBody,FormulaHeader
03230	03	Bovi Tox Plus Oral Powder 	FillingBody,FormulaHeader
03231	03	Bovi DCP Oral Powder 	FillingBody,FormulaHeader
03232	03	OxyResp Oral Liquid 	FillingBody,FormulaHeader
03233	03	LivTone Oral Liquid 	FillingBody,FormulaHeader
03234	03	Copper Chelate Oral Liquid 	FillingBody,FormulaHeader
03235	03	Vitamin E Sel Oral Liquid 	FillingBody,FormulaHeader
03236	03	LivGuard Oral Liquid 	FillingBody,FormulaHeader,PackingBatch,PackingBody,Productions
03238	03	Herbs Gold Oral Liquid 	FillingBody,FormulaHeader
03239	03	DCP-LIC Oral Powder (Low)	FillingBody,FormulaHeader
03240	03	Veto Respi Oral Liquid Oil Base 	FillingBody,FormulaHeader,PackingBatch,PackingBody,Productions
03241	03	Toxin Pro Oral Liquid 	FillingBody,FormulaHeader,PackingBatch,PackingBody,Productions
03242	03	Ultra E Sel Oral Liquid 	FillingBody,FormulaHeader
03243	03	Ultra LiverCare Oral Liquid 	FillingBody,FormulaHeader
03244	03	 BOP Nutramin Forte	FillingBody,FormulaHeader,PackingBatch,PackingBody,Productions
03245	03	JELITO Liquid 	FillingBody,FormulaHeader,PackingBatch,PackingBody,Productions
03246	03	Bio E Sel 20 Oral Liquid 	FillingBody,FormulaHeader
03247	03	Electro Mune C Oral Liquid 	FillingBody,FormulaHeader,PackingBatch,PackingBody,Productions
03248	03	 Aspolite C Oral Liquid 	FillingBody,FormulaHeader,PackingBatch,PackingBody,Productions
03249	03	BOP Glycholine Plus Oral Solution 	FillingBody,FormulaHeader,PackingBatch,PackingBody,Productions
03253	03	BOP Yeast Oral Powder (High)	FillingBody,FormulaHeader,PackingBatch,PackingBody,Productions
03254	03	Hepa Leo Oral Liquid 	FillingBody,FormulaHeader,PackingBatch,PackingBody,Productions
03255	03	Leo Hepaton Oral Liquid 	FillingBody,FormulaHeader
03256	03	Leo Adsorbo Oral Liquid 	FillingBody,FormulaHeader,PackingBatch,PackingBody,Productions
03257	03	Leo Inhalex Oral Liquid 	FillingBody,FormulaHeader
03258	03	Leo Immunomax Oral Liquid 	FillingBody,FormulaHeader,PackingBatch,PackingBody,Productions
03260	03	Leo Viton Oral Liquid 	FillingBody,FormulaHeader,PackingBatch,PackingBody,Productions
03261	03	Leo Cid Pro 	FillingBody,FormulaHeader,PackingBatch,PackingBody,Productions
03262	03	Leo Sorbex Oral Powder 	FillingBody,FormulaHeader,PackingBatch,PackingBody,Productions
03263	03	Leo Abmrox Oral Liquid 	FillingBody,FormulaHeader,PackingBatch,PackingBody,Productions
03264	03	Febro Meon Spray	FillingBody,FormulaHeader,PackingBatch,PackingBody,Productions
03265	03	CS Guard 20 Oral Liquid 	FillingBody,FormulaHeader,PackingBatch,PackingBody,Productions
03266	03	Vital Frame Oral Liquid 	FillingBody,FormulaHeader,PackingBatch,PackingBody,Productions
03267	03	MLC 360 Oral Liquid 	FillingBody,FormulaHeader,PackingBatch,PackingBody,Productions
03268	03	BOP TOX Oral Powder 	FillingBody,FormulaHeader,PackingBatch,PackingBody,Productions
03269	03	Leo Flush Oral Liquid 	FillingBody,FormulaHeader,PackingBatch,PackingBody,Productions
03270	03	BOP DCAD Powder 	FillingBody,FormulaHeader,PackingBatch,PackingBody,Productions
03271	03	Bio Guard oral Liquid 	FillingBody,FormulaHeader,PackingBatch,PackingBody,Productions
03272	03	Garlic Pro Oral Liquid  	FillingBody,FormulaHeader,PackingBatch,PackingBody,Productions
03273	03	Bio Drink Oral Powder 	FillingBody,FormulaHeader,PackingBatch,PackingBody,Productions
03274	03	Bop Cranol Oral Powder 	FillingBody,FormulaHeader,PackingBatch,PackingBody,Productions
03275	03	Ocid Fort Oral Liquid 	FillingBody,FormulaHeader,PackingBatch,PackingBody,Productions
03276	03	Brosteine 15 Oral Liquid 	FillingBody,FormulaHeader,PackingBatch,PackingBody,Productions
03277	03	Copper lac oral liquid 	FillingBody,FormulaHeader,PackingBatch,PackingBody,Productions
03278	03	Copper Lac plus Oral Liquid 	FillingBody,FormulaHeader,PackingBatch,PackingBody,Productions
03279	03	Tox Go Vital Oral Liquid 	FillingBody,FormulaHeader,PackingBatch,PackingBody,Productions
03280	03	Promune 35 Oral Liquid 	FillingBody,FormulaHeader,PackingBatch,PackingBody,Productions
03281	03	Grow Pro + Oral Liquid 	FillingBody,FormulaHeader,PackingBatch,PackingBody,Productions
03282	03	Bop Super Premix Oral Powder 	FillingBody,FormulaHeader,PackingBatch,PackingBody,Productions
03283	03	Tox Guard Plus Oral Liquid 	FillingBody,FormulaHeader,PackingBatch,PackingBody,Productions
03284	03	Garliment Forte Oral Liquid 	FillingBody,FormulaHeader,PackingBatch,PackingBody,Productions
03285	03	Cambo Stab C Oral Liquid 	FillingBody,FormulaHeader
03286	03	MYCOVIX PLUS ORAL LIQUID 	FillingBody,FormulaHeader,PackingBatch,PackingBody,Productions
03287	03	THERMOXFIX C ORAL LIQUID 	FillingBody,FormulaHeader,PackingBatch,PackingBody,Productions
03288	03	RESPIFIX PLUS ORAL LIQUID 	FillingBody,FormulaHeader,PackingBatch,PackingBody,Productions
03289	03	ADEVIX C ORAL LIQUID 	FillingBody,FormulaHeader,PackingBatch,PackingBody,Productions
03290	03	IMUNIIX PLUS ORAL LIQUID	FillingBody,FormulaHeader,PackingBatch,PackingBody,Productions
03291	03	AQUAFIX PLUS ORAL LIQUID 	FillingBody,FormulaHeader,PackingBatch,PackingBody,Productions
03292	03	MB Adek Oril Liquid 	FillingBody,FormulaHeader,PackingBatch,PackingBody,Productions
03293	03	MB VitaMun Oral Liquid 	FillingBody,FormulaHeader,PackingBatch,PackingBody,Productions
03294	03	LEO Civon 	FillingBody,FormulaHeader,PackingBatch,PackingBody,Productions
03295	03	MB FCR Grow Oral Powder 	FillingBody,FormulaHeader,PackingBatch,PackingBody,Productions
03296	03	MB Neutral Plus Oral Powder	FillingBody,FormulaHeader,PackingBatch,PackingBody,Productions
03297	03	De Resp Oral Liquid 	FillingBody,FormulaHeader,PackingBatch,PackingBody,Productions
03298	03	De Mune Oral Liquid 	FillingBody,FormulaHeader,PackingBatch,PackingBody,Productions
03299	03	Livocent Plus Oril Liquid  	FillingBody,FormulaHeader,PackingBatch,PackingBody,Productions
03300	03	Es Dec Oral Liquid 	FillingBody,FormulaHeader,PackingBatch,PackingBody,Productions
03301	03	Deak C Oril Liquid	FillingBody
03302	03	Bop Restore-M 	FillingBody,FormulaHeader
